Sr. no	ID	Title	Audio text link	Audio text Category	Audio LInk	Standard Duration (hh:mm:ss)	Audio Source	dept	Audio Extension	Background Music	Audio Quality 	Speaker ID	Subtitle	Audio Recording Device	Puplished year	Group	Uploaded Pecha Tool	Unnamed: 18	Unnamed: 19	Unnamed: 20	Unnamed: 21	Unnamed: 22	Unnamed: 23	Unnamed: 24	Unnamed: 25
1	STT_AM_AB0001		https://docs.google.com/document/d/1zmgP2Z0sdNVQp2itDc7yAIJmd9zdzOmyUR1x0ie8Ezw/edit?usp=sharing	text	https://youtu.be/nBMCNxNsfu0?si=9Fla1p4rrVYZMwpS	0:17:32	Youtube	MV	MP4	True	GOOD	AM_001			Jul 22, 2019	group A	Uploaded								
2	STT_AM_AB0002	2	https://docs.google.com/document/d/1XQSbn8JW4jd0mylntYe378B5Sx0HyawAXsadann51ok/edit?usp=sharing	text	https://youtu.be/lmqZXeXMBaU?si=K718SgxX9t5j3hu0	0:38:00	Youtube	MV	MP4	True	GOOD	AM_001				group A	Uploaded								
3	STT_AM_AB0003	3	https://docs.google.com/document/d/1E36Vy-K1q88xgbkE8v5XEEUURdvkg0gIlreCiMC9704/edit?usp=sharing	text	https://youtu.be/kenhpcBS48I?si=nycu9ngnaTSbuWNW	0:21:43	Youtube	MV	MP4	True	GOOD	AM_001				group A	Uploaded								
4	STT_AM_AB0004	4	https://docs.google.com/document/d/1BT1H5uecA8IjAnBMs95gPLUfbVdFfYhJ_xtgIUAeklc/edit?usp=sharing	text	https://youtu.be/dTt3JTiYdP0?si=YGGUtpD6AOBA0vHI	0:19:01	Youtube	MV	MP4	True	GOOD	AM_001				group B	Uploaded								
5	STT_AM_AB0005	5	https://docs.google.com/document/d/1XQx85Ag-Ztf1oazpMIP2SCItCiwsJFL_f_PP7e_gvKs/edit?usp=sharing	text	https://youtu.be/VqFQVeU1CHM?si=jpwieWHJH8m0tLSu	0:21:56	Youtube	MV	MP4	True	GOOD	AM_001				group A	Uploaded								
6	STT_AM_AB0006	6	https://docs.google.com/document/d/1fbBvq54D7Ra7sz5kJ7y1aVM-A84O9QWtZ9VkCZ7HInU/edit?usp=sharing	text	https://youtu.be/1LH6VdAARj4?si=swLITNkvXyvMc9Nv	0:15:50	Youtube	MV	MP4	True	GOOD	AM_001				group A	Uploaded								
7	STT_AM_AB0007	7	https://docs.google.com/document/d/1GHC2VZ4t9YQGclGyycU94cVuKNWesUK5mIsDBTlgXEY/edit?usp=sharing	text	https://youtu.be/B8r_cJ5rYNo?si=8fddAFe2BEUXG1l_	0:18:38	Youtube	MV	MP4	True	GOOD	AM_001				group A	Uploaded								
8	STT_AM_AB0008	8	https://docs.google.com/document/d/1Po5T03zudrUJ0pbYB4hNs9Ok9XZP2P4ju0636jDIJZ4/edit?usp=sharing	text	https://youtu.be/XHwRnKDcSHw?si=Y3B24_U0Xc_AxGqw	0:21:54	Youtube	MV	MP4	True	GOOD	AM_001				group A	Uploaded								
9	STT_AM_AB0009	9	https://docs.google.com/document/d/150Y2r2MowXPohX8A0JlVZRZlEMDDa6YC85kPHC-mibA/edit?usp=sharing	text	https://youtu.be/Zaky3zIrccg?si=GUpHRgkm68yxueoP	0:21:32	Youtube	MV	MP4	True	GOOD	AM_001				group A	Uploaded								
10	STT_AM_AB0010	10	https://docs.google.com/document/d/1DnP4TYgjE3NIXcJ9Kg1sUK8uwUj_fte2eR90ohokalk/edit?usp=sharing	text	https://youtu.be/rfZGfefj6YU?si=Wg7Sn7qMQCpuU8-i	0:18:56	Youtube	MV	MP4	True	GOOD	AM_001				group A	Uploaded								
11	STT_AM_AB0011	11	https://docs.google.com/document/d/1PzYwOJ2fDMj-wXB7a9_2MMuVb_tUOXAdqtESEkNEpEI/edit?usp=sharing	text	https://youtu.be/3AvkmpqaLD0?si=1RzRK3JkHW88_4na	0:24:11	Youtube	MV	MP4	True	GOOD	AM_001				group A	Uploaded								
12	STT_AM_AB0012	12	https://docs.google.com/document/d/1jWD1KPpmBXq7tM3uYZ7xod0MsVIRcQ_uTWXzXSoxvyA/edit?usp=sharing	text	https://youtu.be/K8TQm0rJ1rU?si=LZBVQvD4PHbXLbTS	0:21:29	Youtube	MV	MP4	True	GOOD	AM_001				group A	Uploaded								
13	STT_AM_AB0013	13	https://docs.google.com/document/d/1PdYXCSDxUwnt4PscA7SUgLtl2SYVdnCIbr3sIseeA4E/edit?usp=sharing	text	https://youtu.be/R3UXrQweFio?si=67ulI6oUm1ppMGav	0:21:30	Youtube	MV	MP4	True	GOOD	AM_001				group A	Uploaded								
14	STT_AM_AB0014	14	https://docs.google.com/document/d/1eXcp76Xu6xJVFgxyw_ZOUw_aHlR4KbYygVVvk4xcIm4/edit?usp=sharing	text	https://youtu.be/gr7qYhKu0uA?si=IN1kwONysdg650oY	0:16:48	Youtube	MV	MP4	True	GOOD	AM_001				group A	Uploaded								
15	STT_AM_AB0015	15	https://docs.google.com/document/d/19WfyatzIHLEnX4grM_V4G3dR2PgrCa_WnZQtW1zFFow/edit?usp=sharing	text	https://youtu.be/SbSHCteDtjU?si=rjkMDgcAn93tadXf	0:21:20	Youtube	MV	MP4	True	GOOD	AM_001				group A	Uploaded								
16	STT_AM_AB0016	16	https://docs.google.com/document/d/1iiwZwPLIpwIarfq7hAN_ooiaidkXPSpbpftSFD9SW1M/edit?usp=sharing	text	https://youtu.be/8klpoLY8t4o?si=KCen9tmD2Vg8S39g	0:09:13	Youtube	MV	MP4	True	GOOD	AM_001				group A	Uploaded								
17	STT_AM_AB0017	17	https://docs.google.com/document/d/1eCWw9fCV9Yy7nREw_jkVvUSRatdmVyQNaYvczIHNKPE/edit?usp=sharing	text	https://youtu.be/RLyqKbdmkdc?si=O_JyHfOp5Pz8x5iz	0:16:20	Youtube	MV	MP4	True	GOOD	AM_001				group A	Uploaded								
18	STT_AM_AB0018	18	https://docs.google.com/document/d/1wlhgEjjeENVNvZaXO8-HxuMarEbyT7_da4YgXUdtuj0/edit?usp=sharing	text	https://youtu.be/UJBLon3xnuA?si=SSSRMhErnXQNaNGS	0:27:43	Youtube	MV	MP4	True	GOOD	AM_001				group A	Uploaded								
19	STT_AM_AB0019	19	https://docs.google.com/document/d/1BDJmz9LwBif162Gk03beIlurxmjUOzPD0lFcM6dul1g/edit?usp=sharing	text	https://youtu.be/BW9X2-2OSSY?si=QO29fp42eGzRUJ-R	0:08:21	Youtube	MV	MP4	True	GOOD	AM_001				group A	Uploaded								
20	STT_AM_AB0020	20	https://docs.google.com/document/d/18DT14gNMN1mfOEGX_i43NIbQou6HUptc8Mm4gJaIjZ8/edit?usp=sharing	text	https://youtu.be/9w7y5OJx0Uw?si=HC-rhzpRRACQRAiC	0:10:01	Youtube	MV	MP4	True	GOOD	AM_001				group A	Uploaded								
21	STT_AM_AB0021	21	https://docs.google.com/document/d/1K71vXPTVJ-NwHxKGMKsZlQjp2FoI77CdEYfeZ_ok0Sk/edit?usp=sharing	text	https://youtu.be/tZZZfevbS9k?si=65BBPRn7UiSez-li	0:19:30	Youtube	MV	MP4	True	GOOD	AM_001				group A	Uploaded								
22	STT_AM_AB0022	22	https://docs.google.com/document/d/116VzeDvue0xXw8rvG2AJDw8mgvWYmgLzMoWciYRsGi8/edit?usp=sharing	text	https://youtu.be/UC9ultOgx7w?si=vMao7meCKDhC8G_A	0:11:57	Youtube	MV	MP4	True	GOOD	AM_001				group A	Uploaded								
23	STT_AM_AB0023	23	https://docs.google.com/document/d/1q1dLmNqzOJxgpZRI3YamnWFWSr2qtDF5IMxX8CLodBc/edit?usp=sharing	text	https://youtu.be/AXhE-AUKSWg?si=pHtBDUdjl0xP8ZNK	0:17:52	Youtube	MV	MP4	True	GOOD	AM_001				group A	Uploaded								
24	STT_AM_AB0024	24	https://docs.google.com/document/d/1JQY3BKvlrriJP1izGyCHSLB6YSi8Joa5R246PPYmyow/edit?usp=sharing	text	https://youtu.be/b4whHsQ1yKI?si=Hbz2geP0WGRSyzeY	0:05:30	Youtube	MV	MP4	True	GOOD	AM_001				group A	Uploaded								
25	STT_AM_AB0025	25	https://docs.google.com/document/d/1aSR_C8FYVkMwUw8IcLRLCvJj-cGwiRggKdrZVFng7ks/edit?usp=sharing	text	https://youtu.be/x9sOhPEwaYg?si=4TWsFbZU4IUFyYSJ	0:09:56	Youtube	MV	MP4	True	GOOD	AM_001				group A	Uploaded								
26	STT_AM_AB0026	26	https://docs.google.com/document/d/1ES8YcOsGwGGFfQQXoiItwVHgLmPyY2H3p6VJPqA1p4U/edit?usp=sharing	text	https://youtu.be/v-8sfLzgLP8?si=Uotrl2VgXAGlU7K1	0:17:44	Youtube	MV	MP4	True	GOOD	AM_001				group A	Uploaded								
27	STT_AM_AB0027	27	https://docs.google.com/document/d/1HwNxIqxt0lcHSmKdFfgL7w8A4y8af1HLY2r1pt4VWJs/edit?usp=sharing	text	https://youtu.be/LrUGKG2Aht8?si=1dhAE9DYUoaZOd1j	0:11:12	Youtube	MV	MP4	True	GOOD	AM_001				group A	Uploaded								
28	STT_AM_AB0028	28	https://docs.google.com/document/d/1ipBo0r1jEEbgofmMbZETkou2Uve10zwuVhBRy3D4wqI/edit?usp=sharing	text	https://youtu.be/MHzGRXeNoVQ?si=wMdWrsYXDuU52Mnh	0:13:28	Youtube	MV	MP4	True	GOOD	AM_001				group A	Uploaded								
29	STT_AM_AB0029	29	https://docs.google.com/document/d/15Tg726XG7GwwwjyeM0R_ozK0ZwXtRG3o1_AticN-D7I/edit?usp=sharing	text	https://youtu.be/XHllvYhJGkA?si=heg4C0qyq9UDwE_P	0:08:54	Youtube	MV	MP4	True	GOOD	AM_001				group A	Uploaded								
30	STT_AM_AB0030	30	https://docs.google.com/document/d/1toMSqk67PTLFuuB7QXGl__FLfokZKaNegn9ybZuHbGo/edit	text	https://youtu.be/1ishd4VSE5w?si=iYDpK1OyE8e7fcHu	0:15:39	Youtube	MV	MP4	True	GOOD	AM_001				group A	Uploaded								
31	STT_AM_AB0031	31	https://docs.google.com/document/d/1WNkEPFMjnn2cdYOpDEyEKGKIpk7rMe-dS3FRvdsglpQ/edit?usp=sharing	text	https://youtu.be/OIB9rnj_qb4?si=n3W5IOmkOat1iuBs	0:14:20	Youtube	MV	MP4	True	GOOD	AM_001				group A	Uploaded								
32	STT_AM_AB0032	32	https://docs.google.com/document/d/1_Qlqc-pfylLnm8nHMik_NPO9sVdWqYFLeSexi8yAMiM/edit?usp=sharing	text	https://youtu.be/4QXdI1abKoc?si=kjuxNxwJ8vIebck7	0:18:29	Youtube	MV	MP4	True	GOOD	AM_001				group A	Uploaded								
33	STT_AM_AB0033	33	https://docs.google.com/document/d/1To6RnijonHHCo8IqB3ExTGv9-yiDP8RiV0rPiUXqtEs/edit?usp=sharing	text	https://youtu.be/fBzRgF2Jc0U?si=yXUwutnbNs9Ibc3n	0:24:35	Youtube	MV	MP4	True	GOOD	AM_001				group A	Uploaded								
34	STT_AM_AB0034	34	https://docs.google.com/document/d/1tZGAk_RBVI26PHqtcBqz2D5KwUjh0KMwG2yMGmTOQb4/edit?usp=sharing	text	https://youtu.be/Q0S8UqGrXD4?si=h6XyUfjNXgac8miz	0:09:22	Youtube	MV	MP4	True	GOOD	AM_001				group A	Uploaded								
35	STT_AM_AB0035	35	https://docs.google.com/document/d/1xEVQE2wNjRI802k5BFyegm2lQRi28-OL48w4TY75Ypg/edit?usp=sharing	text	https://youtu.be/_fXNCoiyfso?si=TNZp7IQsuFiAcj9u	0:18:08	Youtube	MV	MP4	True	GOOD	AM_001				group A	Uploaded								
36	STT_AM_AB0036	36	https://docs.google.com/document/d/15kLdLFPlYAOaIDxi57ehz0GYH62Z3RFSYyJKgEWdUNc/edit?usp=sharing	text	https://youtu.be/l2kGGGcLL5A?si=bY08d5zGpu80I95t	0:15:21	Youtube	MV	MP4	True	GOOD	AM_001				group A	Uploaded								
37	STT_AM_AB0037	37	https://docs.google.com/document/d/19Jy_C9FMksdcRNWsEfTZ2otiMXu0MBFmFLK_hwzJ1zg/edit?usp=sharing	text	https://youtu.be/Dy14-8Np11c?si=g2kZPvwc5DLcCHuw	0:16:35	Youtube	MV	MP4	True	GOOD	AM_001				group A	Uploaded								
38	STT_AM_AB0038	38	https://docs.google.com/document/d/1Gf_OtsyoD9qMEPccoV-UqakZyseuKl9G3sF2L9mEVxE/edit?usp=sharing	text	https://youtu.be/docSuk8jmiY?si=a31MWG0yPbNH603y	0:12:38	Youtube	MV	MP4	True	GOOD	AM_001				group A	Uploaded								
39	STT_AM_AB0039	39	https://docs.google.com/document/d/1YyM8BR2OmBmOthEpZqTDaxViKcJtnnZ55zvZQn5Euu8/edit?usp=sharing	text	https://youtu.be/x47UDq4wQ08?si=VPhIc59rkP6TmvYO	0:15:55	Youtube	MV	MP4	True	GOOD	AM_001				group A	Uploaded								
40	STT_AM_AB0040	40	https://docs.google.com/document/d/1WD-taJk3Y2SwBL-q9hnX4GEfwagw16KqwoDN1j4oAS4/edit?usp=sharing	text	https://youtu.be/eNm5kA43jlw?si=SRpOTs6MQKM9PAEQ	0:15:06	Youtube	MV	MP4	True	GOOD	AM_001				group A	Uploaded								
41	STT_AM_AB0041	41	https://docs.google.com/document/d/1QXmckdR3Vzr3S3mt7i4ET44lTyx00hIISi9FyGJtTG0/edit?usp=sharing	text	https://youtu.be/v5puT4GWzSQ?si=uK6gYqIwFy_pMisc	0:09:32	Youtube	MV	MP4	True	GOOD	AM_001				group A	Uploaded								
42	STT_AM_AB0042	42	https://docs.google.com/document/d/1b98PcDpayyiqfzzv5tcPtvdGKKt4bFrLyJbEYEQLHXM/edit?usp=sharing	text	https://youtu.be/WrjslHtYFIA?si=oVIPONY20XWCg8iU	0:22:04	Youtube	MV	MP4	True	GOOD	AM_001				group A	Uploaded								
43	STT_AM_AB0043	43	https://docs.google.com/document/d/1LBC1YLm_g6Wp1YZHErNyTDCg0polgJufW8eThF0ZsNI/edit?usp=sharing	text	https://youtu.be/BZaX9KUXI8U?si=mDJf3-GIbBXDQc3K	0:07:44	Youtube	MV	MP4	True	GOOD	AM_001				group A	Uploaded								
44	STT_AM_AB0044	44	https://docs.google.com/document/d/1dqKQ7PRcNZmW00apBFJXQnDdeZIPF-nOvzCjBJqvo34/edit?usp=sharing	text	https://youtu.be/5ze7jw54rJM?si=oPDl9iKbX2JeJ9LR	0:14:41	Youtube	MV	MP4	True	GOOD	AM_001				group A	Uploaded								
45	STT_AM_AB0045	45	https://docs.google.com/document/d/137fz0ptgUid1fTGIAgz-YyHcmv0Ymcpk-IBL6acdqb8/edit?usp=sharing	text	https://youtu.be/ygKFjRy6LHc?si=Om7HLeQG4duOm8iU	0:17:23	Youtube	MV	MP4	True	GOOD	AM_001				group A	Uploaded								
46	STT_AM_AB0046	46	https://docs.google.com/document/d/1G44cdybh2IiJqVyKMunShLSPQpFJBipOUZh2ueMoat8/edit?usp=sharing	text	https://youtu.be/Nxg2dE0SMvM?si=3MbOMn6b63ICh_9F	0:18:46	Youtube	MV	MP4	True	GOOD	AM_001				group A	Uploaded								
47	STT_AM_AB0047	47	https://docs.google.com/document/d/165DZFfMD7GWX5Fhr0VUixH2zSP22fCQjcgDmqg9bEi8/edit?usp=sharing	text	https://youtu.be/PsOtmESI8rI?si=yjIdFdj7d1cd5olg	0:21:23	Youtube	MV	MP4	True	GOOD	AM_001				group A	Uploaded								
48	STT_AM_AB0048	48	https://docs.google.com/document/d/169pE1dRgDkqfUC_9ur89rYHGcddhsicekdyryjoOQF8/edit?usp=sharing	text	https://youtu.be/dy43Pvb4ERk?si=E97_FZfOJ7DVqXy0	0:06:39	Youtube	MV	MP4	True	GOOD	AM_001				group A	Uploaded								
49	STT_AM_AB0049	49	https://docs.google.com/document/d/1XTj0EDuFPZvX-58JH8-Aff6s_7-pafu64e81u8HYTrU/edit?usp=sharing	text	https://youtu.be/dr-cdxw7rjI?si=sFHrMLTeSaOg8-48	0:11:22	Youtube	MV	MP4	True	GOOD	AM_001				group A	Uploaded								
50	STT_AM_AB0050	50	https://docs.google.com/document/d/1pOa7yzgciL0yDs9QjQvPXaXkRdcDqz3jUMwBBg6u0ZU/edit?usp=sharing	text	https://youtu.be/0--pJAFLnQE?si=7DdtNYJzmo3A9JzQ	0:14:16	Youtube	MV	MP4	True	GOOD	AM_001				group A	Uploaded								
51	STT_AM_AB0051	51	https://docs.google.com/document/d/1dFOeKvJTarjBYwm0BnRREjsS5dI1dtAu3JbY6dPOJzM/edit?usp=sharing	text	https://youtu.be/iFPPEoS3uUM?si=twy3lP0s1Epb249u	0:31:23	Youtube	MV	MP4	True	GOOD	AM_001				group A	Uploaded								
52	STT_AM_AB0052	52	https://docs.google.com/document/d/1QNJSvblZE3cALmrx7lHskVy8LlyIpGptInl5vdtPwCk/edit?usp=sharing	text	https://youtu.be/e-t0fArcJBQ?si=aipobTOe-4MWT5Ey	0:17:32	Youtube	MV	MP4	True	GOOD	AM_001				group A	Uploaded								
53	STT_AM_AB0053	53	https://docs.google.com/document/d/1lvC_OEpBDtSB0YZyR-Qe54u9zVdVh2ljNgE8YJUlswA/edit?usp=sharing	text	https://youtu.be/yR62uAsk4XA?si=XUOe6AAf7Zip4yY8	0:16:22	Youtube	MV	MP4	True	GOOD	AM_001				group A	Uploaded								
54	STT_AM_AB0054	54	https://docs.google.com/document/d/1rQ30xHSSW78FGcgpPs12dev2P-bTcL9J2DMGRktBON8/edit?usp=sharing	text	https://youtu.be/31sz9TI5Cd0?si=37voIPTiyujTuLCt	0:10:23	Youtube	MV	MP4	True	GOOD	AM_001				group A	Uploaded								
55	STT_AM_AB0055	55	https://docs.google.com/document/d/1XbDlMkVCqWJQu6D42Q55AhVg0e3Pd0S78KJBbrFLC08/edit?usp=sharing	text	https://youtu.be/AClCPkI1hjE?si=gCwZ4zbFRiWsYbNa	0:07:49	Youtube	MV	MP4	True	GOOD	AM_001				group A	Uploaded								
56	STT_AM_AB0056	56	https://docs.google.com/document/d/1RKpf_ltj9939Jl0MusgKMfQpO41OgKvDJi4aDd585Jw/edit?usp=sharing	text	https://youtu.be/KNG9KLz3I3s?si=cfyy6N7B6tuXzBR7	0:15:42	Youtube	MV	MP4	True	GOOD	AM_001				group A	Uploaded								
57	STT_AM_AB0057	57	https://docs.google.com/document/d/18V26NUyqoe07t_gxJ7HkM1BGZYpG3w7ugVTyC5f22v0/edit?usp=sharing	text	https://youtu.be/rPXpX_4BSIw?si=dgbSWtmc9-ZoF97G	0:14:51	Youtube	MV	MP4	True	GOOD	AM_001				group A	Uploaded								
58	STT_AM_AB0058		https://docs.google.com/document/d/1Fl61IcTW24Zwg0c2ic9GSKzXwRIR0R8hSA3tRe-4Y6A/edit?usp=sharing	text	https://youtu.be/4_mKhAXxDt0?si=m_UKCfAfNZiXM-3w	0:18:21	Youtube	MV	MP4	False	Very goog	AM_002				group A	Uploaded								
59	STT_AM_AB0059		https://docs.google.com/document/d/1LNbnWOncro-IY00oSXEDDzlV83HEUakEj9kDJgoBXoQ/edit?usp=sharing	text	https://youtu.be/ZtoSDfiFkKY?si=IJk4Vu_tt9f-Sz3c	0:21:26	Youtube	MV	MP4	False	Very goog	AM_002				group A	Uploaded								
60	STT_AM_AB0060		https://docs.google.com/document/d/1FLKyK6B1TjCIsmJQE6uE0t-lx5vAp33NNh17y_frvxc/edit?usp=sharing	text	https://youtu.be/TCyZNi5otGo?si=-GcZUfpU1tasnT72	0:30:00	Youtube	MV	MP4	False	Very goog	AM_002				group A	Uploaded								
61	STT_AM_AB0061		https://docs.google.com/document/d/1lQ4Gm84cjZbVD85HMyY6EUTzFLfGHkVlVmB7UIij4VM/edit?usp=sharing	text	https://youtu.be/LtwQvsok6LM?si=p8ZYlhbIBWhJPfuO	0:27:07	Youtube	MV	MP4	False	Very goog	AM_002				group A	Uploaded								
62	STT_AM_AB0062		https://docs.google.com/document/d/1I7hpOmCLpIGrQib2Ye_J_diNp95TJX9FVxgV8TWn-78/edit?usp=sharing	text	https://youtu.be/htOMNs9hhYI?si=pYHiR4i8pBghRr6R	0:24:06	Youtube	MV	MP4	False	Very goog	AM_002				group A	Uploaded								
63	STT_AM_AB0063		https://docs.google.com/document/d/1sRy7CEON6VI2oz9M-RnGDbkJrjuEnA2UblmeON4xTiY/edit?usp=sharing	text	https://youtu.be/8fQyqYWb1RY?si=H_Q6uRk3LhUxoFi1	0:24:20	Youtube	MV	MP4	False	Very goog	AM_002				group A	Uploaded								
64	STT_AM_AB0064		https://docs.google.com/document/d/1nYScy4AuVpbHKJKOolMIthAUPCPgBknBNwMKBOhHVsY/edit?usp=sharing	text	https://youtu.be/8AaYNWKjPzM?si=Uww-1TPfZml3EI1U	0:20:13	Youtube	MV	MP4	False	Very goog	AM_002				group A	Uploaded								
65	STT_AM_AB0065		https://docs.google.com/document/d/1JDsvPxG4AIpzDytLKgumm6PMfye-7dlydR627_k_mFA/edit?usp=sharing	text	https://youtu.be/vxLjQ1SZaz8?si=wAP-vfCwHnd8pfVo	0:09:14	Youtube	MV	MP4	False	Very goog	AM_002				group A	Uploaded								
66	STT_AM_AB0066		https://docs.google.com/document/d/1XgfMpQP8_Cgs-SHwOClbryXNIO0pFOqTiVSrI1_-9qw/edit?usp=sharing	text	https://youtu.be/lL8QZgomvjU?si=XmRw8jaehOgCW6Tc	0:09:55	Youtube	MV	MP4	False	Very goog	AM_002				group A	Uploaded								
67	STT_AM_AB0067		https://docs.google.com/document/d/15rdR83bddyDhHi26eGkkmNhp5UuR4LdnSYPyukGMKf8/edit?usp=sharing	text	https://youtu.be/lQ_kIyS0jp0?si=9EyVrWaYPd_-CfYl	0:08:13	Youtube	MV	MP4	False	Very goog	AM_002				group A	Uploaded								
68	STT_AM_AB0068		https://docs.google.com/document/d/1FbPY5f8zSo5x1we83N9NltPY-KnhSeQGyZ_DQyfz2Bk/edit?usp=sharing	text	https://youtu.be/49sr5ozl6wQ?si=tCwGtnW3i4fmdzKN	0:09:36	Youtube	MV	MP4	False	Very goog	AM_002				group A	Uploaded								
69	STT_AM_AB0069		https://docs.google.com/document/d/14Tp9z24JkQNIGTR27YmnT3AaMxBh2m_GcZ1Y-ymqlXg/edit?usp=sharing	text	https://youtu.be/VUdORqb4i9k?si=ii7OlH8pe_5f6Cjs	0:08:07	Youtube	MV	MP4	False	Very goog	AM_002				group A	Uploaded								
70	STT_AM_AB0070		https://docs.google.com/document/d/1VTMD75YXTpddD57cS5hLdYzQ8-Ca4jLgxms_bLeW5Z4/edit?usp=sharing	text	https://youtu.be/xNPcsKBvZCc?si=Fxr4mbj0jm2vKfy2	0:09:42	Youtube	MV	MP4	False	Very goog	AM_002				group A	Uploaded								
71	STT_AM_AB0071		https://docs.google.com/document/d/1bIHOmNHuG-LjeZ1obX_o8Iq0noOueeD7wnPTKhbwQVg/edit?usp=sharing	text	https://youtu.be/LR6_m1T3IQo?si=RTBWCyKkXJQTPM9b	0:29:21	Youtube	MV	MP4	False	Very goog	AM_002				group A	Uploaded								
72	STT_AM_AB0072		https://docs.google.com/document/d/1UN131CQaFmM2i08uIE8pyRFHxX8yZvYrVGe7s4df8VA/edit?usp=sharing	text	https://youtu.be/ftvLdKj6T1Q?si=37I_Iv4yILjdyrQy	0:08:46	Youtube	MV	MP4	False	Very goog	AM_002				group A	Uploaded								
73	STT_AM_AB0073		https://docs.google.com/document/d/1xn_VcNFZLKKBH7uPYdZgscqU4JDTLeWBvyXFS_1R2LE/edit?usp=sharing	text	https://youtu.be/88SjAupzA04?si=m1qZGcyDDliyeelS	0:08:29	Youtube	MV	MP4	False	Very goog	AM_002				group A	Uploaded								
74	STT_AM_AB0074		https://docs.google.com/document/d/1ZR5FUDoIp2fodg9wAdyPMqe0pBz3qVaX_fQTPSEbK6A/edit?usp=sharing	text	https://youtu.be/BSn6wBL2uVs?si=qRju2y4-Loxla2SY	0:21:09	Youtube	MV	MP4	False	Very goog	AM_002				group A	Uploaded								
75	STT_AM_AB0075		https://docs.google.com/document/d/1V7m4oiUjjTAsqRErHa26-r-ApvT9hbcPOrNkRhEI1gg/edit?usp=sharing	text	https://youtu.be/t7beNfqPGZY?si=0u90UbCkVEc82u2B	0:10:53	Youtube	MV	MP4	False	Very goog	AM_002				group A	Uploaded								
76	STT_AM_AB0076		https://docs.google.com/document/d/1nK053VNLtZVH-7aREXKSPJ9wnMBLifk2OnkEtryMxUA/edit?usp=sharing	text	https://youtu.be/c9nCJ8Wi-zs?si=Rxbb9LXBDVf2auS0	0:10:33	Youtube	MV	MP4	False	Very goog	AM_002				group A	Uploaded								
77	STT_AM_AB0077		https://docs.google.com/document/d/1ayA8ZFKjlnsehVgPWjAODsa2TKrqPXWSB5VOIl0jF4A/edit?usp=sharing	text	https://youtu.be/tp06qN2rY4M?si=TY82DLZfqzt-WEUs	0:12:17	Youtube	MV	MP4	False	Very goog	AM_002				group A	Uploaded								
78	STT_AM_AB0078		https://docs.google.com/document/d/1fTK5VZXhLIrDAWDnvPbSICuhgDJRKDJ87_AoSLzmVKU/edit?usp=sharing	text	https://youtu.be/h7r6elYM1zA?si=YU8oyKrh-KEZ-00k	0:09:44	Youtube	MV	MP4	False	Very goog	AM_002				group A	Uploaded								
79	STT_AM_AB0079		https://docs.google.com/document/d/1-_sdlzUr_4uCeADyx17y1Fk_NpGd5J80imYyfQNq9iI/edit?usp=sharing	text	https://youtu.be/2ify-Z_aYTU?si=5uUpsnRFQ6tJybax	0:21:44	Youtube	MV	MP4	False	Very goog	AM_002				group A	Uploaded								
80	STT_AM_AB0080		https://docs.google.com/document/d/1yrWc_MYFH1ARmbtB7qjt8McJspp8QTrG7EifqKUAvnM/edit?usp=sharing	text	https://youtu.be/PoKA6uupIbM?si=nwIdHqXCB3-ipFq3	0:11:09	Youtube	MV	MP4	False	Very goog	AM_002				group A	Uploaded								
81	STT_AM_AB0081		https://docs.google.com/document/d/1l_QFKreLJoiucJwsHnwiRV40f7spF2Y47MJrgQCgmCU/edit?usp=sharing	text	https://youtu.be/NqxeQ1ywBo0?si=p-0pyM7MViK6UhLM	0:09:07	Youtube	MV	MP4	False	Very goog	AM_002				group A	Uploaded								
82	STT_AM_AB0082		https://docs.google.com/document/d/1KV7FuJO3dM9qtrwCxvJ0STU-hT5NNeUuoLDOn-2n4vo/edit?usp=sharing	text	https://youtu.be/5fEUWOYWAHA?si=LQ8krAow8fnLhZM9	0:11:20	Youtube	MV	MP4	False	Very goog	AM_002				group A	Uploaded								
83	STT_AM_AB0083		https://docs.google.com/document/d/1DNkV-5TdPpwkrxxhflmF7sktMgBQIKo-O7pGak_ZOsE/edit?usp=sharing	text	https://youtu.be/8xIUa60Br8Q?si=YRDdP8G_Pz5fCFB2	0:10:34	Youtube	MV	MP4	False	Very goog	AM_002				group A	Uploaded								
84	STT_AM_AB0084		https://docs.google.com/document/d/1X25SM6kXwDdMFp_vtj4kTOdJ-jPiVsGBVqtu4JSjIMw/edit?usp=sharing	text	https://youtu.be/Q4tI4d7BZu0?si=EDe_i1nzAf8n-fVk	0:19:41	Youtube	MV	MP4	False	Very goog	AM_002				group A	Uploaded								
86	STT_AM_AB0085		https://docs.google.com/document/d/1Jx5NA3g_s6Arhs8GKKKYymdDTn3ErZSyDn5XS23_CPw/edit?usp=sharing	text	https://youtu.be/vLndBLUWoFE?si=gegfc91czQVHh2HA	0:09:50	Youtube	MV	MP4	False	Very goog	AM_002				group A	Uploaded								
87	STT_AM_AB0086		https://docs.google.com/document/d/1jRQHuHmmQadWoAlIJWX9l4bBP626MqIEFTftUWTzzyw/edit?usp=sharing	text	https://youtu.be/cdaMXWuCbUw?si=D--TAu9JNzeOo1Kw	0:30:00	Youtube	MV	MP4	False	Very goog	AM_002				group A	Uploaded								
88	STT_AM_AB0087		https://docs.google.com/document/d/1mnSq10prCq-d-w-o5-vMpfm839OMDJMpLNrACHS_mwU/edit?usp=sharing	text	https://youtu.be/PqeIF9Do57E?si=VWK3yZJD_YTUs_8B	0:04:46	Youtube	MV	MP4	False	Very goog	AM_002				group A	Uploaded								
89	STT_AM_AB0088		https://docs.google.com/document/d/1F72HjYNcvwgxw9o1l3OJ56i6DGzeHerNA7HZQZXNt5Y/edit?usp=sharing	text	https://youtu.be/e5sfUcp0I1U?si=h6gAmJFVPrwSE7_x	0:17:25	Youtube	MV	MP4	False	Very goog	AM_002				group A	Uploaded								
90	STT_AM_AB0089		https://docs.google.com/document/d/1eTpemOVV-Q_STlBYHVdkC-RoMM1BXOK4FzM9Uk4Pj3A/edit?usp=sharing	text	https://youtu.be/rcDKRmTVC98?si=7JQ6f5M8XtcIC-jL	0:07:20	Youtube	MV	MP4	False	Very goog	AM_002				group A	Uploaded								
91	STT_AM_AB0090		https://docs.google.com/document/d/1hAg2yWG92PaWp2HCzLRYBuCDt0FdSPZFlq0X_eqOx_A/edit?usp=sharing	text	https://youtu.be/hVjvsjUuMHw?si=0lItKsEqrF1wJPbA	0:11:26	Youtube	MV	MP4	False	Very goog	AM_002				group A	Uploaded								
92	STT_AM_AB0091		https://docs.google.com/document/d/1HMO-zzS9KO4MGb7ZBMo-oDVRxfl7AxhTlmYOc-74qlo/edit?usp=sharing	text	https://youtu.be/JgILYegN1gQ?si=Ie8rIuIQuH_KIwag	0:11:34	Youtube	MV	MP4	False	Very goog	AM_002				group A	Uploaded								
93	STT_AM_AB0092		https://docs.google.com/document/d/1b_k_xalM_BSr8-eNouPl0Moy2QXGI47_1NL86wJNJ4g/edit?usp=sharing	text	https://youtu.be/yJxgCtn4Cn0?si=hRUnDr0lT4mBVDsH	0:09:24	Youtube	MV	MP4	False	Very goog	AM_002				group A	Uploaded								
94	STT_AM_AB0093		https://docs.google.com/document/d/1obuaN2QSjc9L9S0mMknnTs1MvNykkIj6W72JabKKqoQ/edit?usp=sharing	text	https://youtu.be/Oydcj6AsDWg?si=NuNOia-2hsQkWIc5	0:10:15	Youtube	MV	MP4	False	Very goog	AM_002				group A	Uploaded								
95	STT_AM_AB0094		https://docs.google.com/document/d/1sE4usWbQfcPlqCwX7Z3KQ9nUJ136d40yip9ogZljRnU/edit?usp=sharing	text	https://youtu.be/-V6xtA_BzQk?si=WWi5JJaRjNI0AAN1	0:10:54	Youtube	MV	MP4	False	Very goog	AM_002				group A	Uploaded								
96	STT_AM_AB0095		https://docs.google.com/document/d/10OfA-jn11V5pQpw_AA5d-d87GRWtjugk0nyuOFIEJ4M/edit?usp=sharing	text	https://youtu.be/Nr_D8vrgPSo?si=uRp6PstvJHgUgZ3a	0:10:55	Youtube	MV	MP4	False	Very goog	AM_002				group A	Uploaded								
97	STT_AM_AB0096		https://docs.google.com/document/d/1c3xeV2s7PDyC9A-0Y1tLzna-ECGVhTl9q1O2B4UmPcg/edit?usp=sharing	text	https://youtu.be/icB_L7yF_b4?si=IDsqpmQphdEIIccc	0:10:30	Youtube	MV	MP4	False	Very goog	AM_002				group A	Uploaded								
98	STT_AM_AB0097		https://docs.google.com/document/d/1HY6uXo0DkBX565DMFqquiBFFJ8du06zUJAPSXnqM1Is/edit?usp=sharing	text	https://youtu.be/WA7_4nvU6U0?si=yDDcvsP1k5d-1rUU	0:11:26	Youtube	MV	MP4	False	Very goog	AM_002				group A	Uploaded								
99	STT_AM_AB0098		https://docs.google.com/document/d/139T9Vkp9pQ_Rn1tzi-8d4Kqthkt4ulKamDZzdlu4Kd8/edit?usp=sharing	text	https://youtu.be/0zFMoHSudBI?si=slYep5fxTrPCI1NN	0:11:33	Youtube	MV	MP4	False	Very goog	AM_002				group A	Uploaded								
100	STT_AM_AB0099		https://docs.google.com/document/d/1kNRrEj6yLlc43PHLxa4F6xMM834cCJw5aHM_B0AStJs/edit?usp=sharing	text	https://youtu.be/C7hQ5TMvfhw?si=b9sbiGYrbNmJiFIx	0:11:15	Youtube	MV	MP4	False	Very goog	AM_002				group A	Uploaded								
101	STT_AM_AB0100		https://docs.google.com/document/d/1DyOHXeQRDDg1ll-W0lC2b-P3OqiGiYAHgv09KHCdh_c/edit?usp=sharing	text	https://youtu.be/NR97Gsn6EwI?si=MGz4DdLtT_N5e6rg	0:12:59	Youtube	MV	MP4	False	Very goog	AM_002				group A	Uploaded								
102	STT_AM_AB0101		https://docs.google.com/document/d/1QXR8D2sqaIUuRgy5Iz3-BHua5KMAk3JgiWFW1mJ0EEQ/edit?usp=sharing	text	https://youtu.be/k96tJILnWdw?si=qEuMCZoA6mq9Avv8	0:13:42	Youtube	MV	MP4	False	Very goog	AM_002				group A	Uploaded								
103	STT_AM_AB0102		https://docs.google.com/document/d/1g1YawR3gjFTSQknqX7x_6YvNKQL1rWxAXjEeSLJBSHo/edit?usp=sharing	text	https://youtu.be/GvEAVP_i6SM?si=Ay5XQnR1fNVAtqk5	0:12:28	Youtube	MV	MP4	False	Very goog	AM_002				group A	Uploaded								
104	STT_AM_AB0103		https://docs.google.com/document/d/15GoP3O7TgXLMbSsELcKbeR65_kpawWweruTImj4tXms/edit?usp=sharing	text	https://youtu.be/2cypEgdnx_4?si=otxCY6WH6yTo5EBL	0:15:01	Youtube	MV	MP4	False	Very goog	AM_002				group A	Uploaded								
105	STT_AM_AB0104		https://docs.google.com/document/d/1bTEOKBPWnNvzNcJ06Kbf4BU-p8WCKzEHbpzomw1uabM/edit?usp=sharing	text	https://youtu.be/4dVpUaUlywk?si=s6ttltIOGHgstczr	0:12:59	Youtube	MV	MP4	False	Very goog	AM_002				group A	Uploaded								
106	STT_AM_AB0105		https://docs.google.com/document/d/1L36puWJw9Dfk2rqGrIhbccV3kHh7l4MjBS9FxEBzsPM/edit?usp=sharing	text	https://youtu.be/A2KUvtMDcaE?si=7dVmpUCPBOS53HTs	0:13:14	Youtube	MV	MP4	False	Very goog	AM_002				group A	Uploaded								
107	STT_AM_AB0106		https://docs.google.com/document/d/13sTbPZhgRm3bVt78GueYIXe7D6SuUsZ8ddWLXgklmGI/edit?usp=sharing	text	https://youtu.be/667NNfWxs9I?si=WyH1R1vTG8EdhZrh	0:26:05	Youtube	MV	MP4	False	Very goog	AM_002				group A	Uploaded								
108	STT_AM_AB0107		https://docs.google.com/document/d/1JWHjgnBgxXWm7wM179tVJyoYogJ6e9Yg2mMGdnZLE3c/edit?usp=sharing	text	https://youtu.be/gRSmMZsE_a0?si=Hc4h4QFqa10q_Q6n	0:25:35	Youtube	MV	MP4	False	Very goog	AM_002				group A	Uploaded								
109	STT_AM_AB0108		https://docs.google.com/document/d/1S3MDm3oJ0vXaHFFKdSZT8EvbZgzqED4zQNt1nwhtdFM/edit?usp=sharing	text	https://youtu.be/nWt-Sv2NgSQ?si=yvLjbjDhBlcdOK7n	0:25:35	Youtube	MV	MP4	False	Very goog	AM_002				group A	Uploaded								
110	STT_AM_AB0109		https://docs.google.com/document/d/1BinE6HTUtI5IVwY7YMCOmidkXKhKng8-dC7gH25uu_k/edit?usp=sharing	text	https://youtu.be/MrTOEqZ7rVM?si=7kwx6iB7T8jhumUs	0:24:50	Youtube	MV	MP4	False	Very goog	AM_002				group A	Uploaded								
111	STT_AM_AB0110		https://docs.google.com/document/d/1_si6IuAzcgRGNY9n8OB5ndjjQG6WHu2Gf7PsKU23HUU/edit?usp=sharing	text	https://youtu.be/5ONkqT2a0jQ?si=5t49p5BM6IMMrj6Q	0:25:44	Youtube	MV	MP4	False	Very goog	AM_002				group A	Uploaded								
112	STT_AM_AB0111		https://docs.google.com/document/d/15lthHrRWcYPyH3Doeoqn0lnVH251V8u3Z6BrRz8VbmI/edit?usp=sharing	text	https://youtu.be/bgkT3lF7giM?si=FJ6uW7qqk4Z4wO4L	0:25:44	Youtube	MV	MP4	False	Very goog	AM_002				group A	Uploaded								
113	STT_AM_AB0112		https://docs.google.com/document/d/1A-ObLSowrkMNGE6tamW1KUZB6NXMQVzVjv3FytbFSos/edit?usp=sharing	text	https://youtu.be/g2s5y91516s?si=FRuON7J4SkdHFeob	0:26:08	Youtube	MV	MP4	False	Very goog	AM_002				group A	Uploaded								
114	STT_AM_AB0113		https://docs.google.com/document/d/1lgesF40cjOqkJQ6Hf4y5y_0z34bOHpC6thWR6D5YP9A/edit?usp=sharing	text	https://youtu.be/WV0b3pjeK34?si=GB_TkzX46bK-E-Iw	0:27:02	Youtube	MV	MP4	False	Very goog	AM_002				group A	Uploaded								
115	STT_AM_AB0114		https://docs.google.com/document/d/11C257K7ENmQXYuJeQlkqAXacrlSpdWdyWwkDr-7urvk/edit?usp=sharing	text	https://youtu.be/Q9vn8EL_vDk?si=1Zivu8HFRLHoUJuG	0:27:23	Youtube	MV	MP4	False	Very goog	AM_002				group A	Uploaded								
116	STT_AM_AB0115		https://docs.google.com/document/d/1X9UvqsA7raMLXfcR8Gu1AqaAt9bhLNnAZa1jkRcyoLw/edit?usp=sharing	text	https://youtu.be/GFb5yNQ3g8Y?si=ufk-PjKuysT-tMcL	0:23:24	Youtube	MV	MP4	False	Very goog	AM_002				group A	Uploaded								
117	STT_AM_AB0116		https://docs.google.com/document/d/1mzpRz0fqLvmjvTB8dXvEYmXpgwDKu-DseuI-ngHgvSg/edit?usp=sharing	text	https://youtu.be/9ieNs7KIhrQ?si=UpQHT-j8y1NkzlYb	0:32:47	Youtube	MV	MP4	True	Very goog	AM_003				group A	Uploaded								
118	STT_AM_AB0117	2	https://docs.google.com/document/d/1FOkO3ngIMtEDfPmSdgDlNYLTBARoIRh_meEaUNxo0S0/edit?usp=sharing	text	https://youtu.be/ZwqJ0qUrvhY?si=7Fk7XT9sfui2Xh2B	0:32:33	Youtube	MV	MP4	True	Very goog	AM_003				group A	Uploaded								
119	STT_AM_AB0118	3	https://docs.google.com/document/d/1cGiw8UcYsRIXB9QDaSW_rIPMNfZAciBdoteGk51b-6I/edit?usp=sharing	text	https://youtu.be/pjwjpF665kU?si=FQHLvFDBedyEZKKH	0:28:43	Youtube	MV	MP4	True	Very goog	AM_003				group A	Uploaded								
120	STT_AM_AB0119	4	https://docs.google.com/document/d/1hh02WKYEjhmwToFzf9C5DUaPaSKiC2FyuxY5bcDdXmI/edit?usp=sharing	text	https://youtu.be/gdSAxThOnAc?si=3cR-p6Wa1n1VBIbP	0:39:43	Youtube	MV	MP4	True	Very goog	AM_003				group A	Uploaded								
121	STT_AM_AB0120	5	https://docs.google.com/document/d/1XK0yAGfwBTAsBOBuplHLMoQbSJLDQ57euXkNJ6B_DNg/edit?usp=sharing	text	https://youtu.be/xhwDggtKyIY?si=QDxOWl94bT4veOo-	0:35:48	Youtube	MV	MP4	True	Very goog	AM_003				group A	Uploaded								
122	STT_AM_AB0121	6	https://docs.google.com/document/d/1n9sey_h4ePEG_sfaC9JvPvb0ittGOOf2wiIdV6FMiLY/edit?usp=sharing	text	https://youtu.be/p33_vdXiMoY?si=gFs7GqmwIMSIihs1	0:35:41	Youtube	MV	MP4	True	Very goog	AM_003				group A	Uploaded								
123	STT_AM_AB0122	7	https://docs.google.com/document/d/1v8fYnSWzV8FSCOuWzGu9Zv4PxTDKGdB8yDO89nAYp30/edit?usp=sharing	text	https://youtu.be/VT1NQFlNedk?si=IqLJoJzL7P5pYAi7	0:31:28	Youtube	MV	MP4	True	Very goog	AM_003				group A	Uploaded								
124	STT_AM_AB0123	8	https://docs.google.com/document/d/1eQULLEW5-KRH_cJ6Kh44iAQxbKh6g_ZW1kY5HHTXCcE/edit?usp=sharing	text	https://youtu.be/WN7ONBiBMv8?si=HZRyuk0Pgwj9wshE	0:15:57	Youtube	MV	MP4	True	Very goog	AM_003				group A	Uploaded								
125	STT_AM_AB0124	9	https://docs.google.com/document/d/1HGjjdLyf6d-49BiBNRVABKoiEfhei93aSVCtp_gGQbE/edit?usp=sharing	text	https://youtu.be/oY4ljLUBH-U?si=wj8Ev48aoz-Qxuxq	0:22:50	Youtube	MV	MP4	True	Very goog	AM_003				group A	Uploaded								
126	STT_AM_AB0125	10	https://docs.google.com/document/d/1CJE0PXDqVPAIYjsMRCaAz2mOXohBX32mEvvUcDuiRwo/edit?usp=sharing	text	https://youtu.be/HkF42Hrw92g?si=r-ilMcX4ejoByvu-	0:11:08	Youtube	MV	MP4	True	Very goog	AM_003				group A	Uploaded								
127	STT_AM_AB0126	11	https://docs.google.com/document/d/1IT3d9O0rpRzbhPnthCcx27DZziEVBLZnRs4zwnNmG3o/edit?usp=sharing	text	https://youtu.be/pDvZ-4p4pwI?si=uDdY5j5TMjN-Cv0S	0:26:11	Youtube	MV	MP4	True	Very goog	AM_003				group A	Uploaded								
128	STT_AM_AB0127	12	https://docs.google.com/document/d/1_B4oGvqHqmG84-i1boSGCy2RE7CvfEGi9BKUav-mC2I/edit?usp=sharing	text	https://youtu.be/NhLhkVZE7Vo?si=YtSCMei5XklOyHVb	0:06:59	Youtube	MV	MP4	True	Very goog	AM_003				group A	Uploaded								
129	STT_AM_AB0128	13	https://docs.google.com/document/d/1pzJKX-KAt3UpVlao0hQEN5z1Zj7TuAT-98DRb0uyQYo/edit?usp=sharing	text	https://youtu.be/cNPa645r8P4?si=i6I6uvEKscQf0kh4	0:13:11	Youtube	MV	MP4	True	Very goog	AM_003				group A	Uploaded								
130	STT_AM_AB0129	14	https://docs.google.com/document/d/1W1nGT8KyU4d-twdz16eJ2etpN71JIGoHbAsy3V4SUJg/edit?usp=sharing	text	https://youtu.be/muNzWW366cw?si=muMB4UMHZISpv33W	0:08:50	Youtube	MV	MP4	True	Very goog	AM_003				group A	Uploaded								
131	STT_AM_AB0130	15	https://docs.google.com/document/d/1g5Fryst-5S4ju9ALKAzY_AKiQZsU2LVkLt5QwqSGneI/edit?usp=sharing	text	https://youtu.be/GZh-oeFBk-k?si=He7nH7gHkrVBdEOE	0:21:47	Youtube	MV	MP4	True	Very goog	AM_003				group A	Uploaded								
132	STT_AM_AB0131	16	https://docs.google.com/document/d/1LXE3aztxtsfNbsEubKzOG6y6NS36U45Q8fjUyoxOhXs/edit?usp=sharing	text	https://youtu.be/oKHwjDvFYJc?si=KbRfgmDFxqi1F-jH	0:32:17	Youtube	MV	MP4	True	Very goog	AM_003				group A	Uploaded								
133	STT_AM_AB0132	17	https://docs.google.com/document/d/1_GBqRjmA9iXVci24zfwV_rskPFPxy3gX5ynUp_x1MEE/edit?usp=sharing	text	https://youtu.be/-9UWT6eR3Xk?si=Na55nOcCf4fTS3wg	0:13:50	Youtube	MV	MP4	True	Very goog	AM_003				group A	Uploaded								
134	STT_AM_AB0133	18	https://docs.google.com/document/d/1tHKGVhdhqHAzB99O5pq0cUnIbOQCQpJvr9XqPI4rK34/edit?usp=sharing	text	https://youtu.be/4NzrsbDTmcI?si=2aB3dCHIxYBdES33	0:08:06	Youtube	MV	MP4	True	Very goog	AM_003				group A	Uploaded								
135	STT_AM_AB0134	19	https://docs.google.com/document/d/13EB8wYLT9dyd4wO752EJ6IFIjkxptrQo8jJzcjGcZhE/edit?usp=sharing	text	https://youtu.be/KiN5oPRF8D8?si=umQ01VTUD8HAbNDp	0:16:22	Youtube	MV	MP4	True	Very goog	AM_003				group A	Uploaded								
136	STT_AM_AB0135	20	https://docs.google.com/document/d/1wdefTKeYtZVr5jlWjNzY9JhZZj1MwcDuhIt36Kv06Ps/edit?usp=sharing	text	https://youtu.be/6hcdHoZwoDk?si=6m6fE1PsBWgm2Rld	0:05:22	Youtube	MV	MP4	True	Very goog	AM_003				group A	Uploaded								
137	STT_AM_AB0136	21	https://docs.google.com/document/d/1NfZ3MbsaZQXRbd4mPkVcr6CJHyisLHhphODD0ic9haE/edit?usp=sharing	text	https://youtu.be/uGkdlgWfHmY?si=4W0gqd-PAswe6pes	0:34:04	Youtube	MV	MP4	True	Very goog	AM_003				group A	Uploaded								
138	STT_AM_AB0137	22	https://docs.google.com/document/d/1LDgPlfNDPUjNoV_HkD7H7AncLcv8a5GUplI4H_V8DxM/edit?usp=sharing	text	https://youtu.be/V2RVCA8iHrk?si=QJBhkUy8U0Ccv6aZ	0:30:15	Youtube	MV	MP4	True	Very goog	AM_003				group A	Uploaded								
139	STT_AM_AB0145	30	https://docs.google.com/document/d/1tFJc7aJCtd-5NPYLRBoO8gFRpke8Qt8jZyNnumrrVZo/edit?usp=sharing	text	https://youtu.be/rb49Gn_mNTM?si=UvKGveUKEweiY0MZ	0:07:10	Youtube	MV	MP4	True	Very goog	AM_003				group A	Uploaded								
140	STT_AM_AB0138	23	https://docs.google.com/document/d/14kxcyQy2HOqxNiBE3uj-PuwJwvafCQCj5YCaYudq8XI/edit?usp=sharing	text	https://youtu.be/GI3QgvYqyfs?si=6EfW_qGfWidsEPBJ	0:29:57	Youtube	MV	MP4	True	Very goog	AM_003				group A	Uploaded								
141	STT_AM_AB0139	24	https://docs.google.com/document/d/1HxOfXfICxsHkmsw3UfR3SOBRO7Qs6RF-sAG9TW8s5I8/edit?usp=sharing	text	https://youtu.be/MTFGdBK7KVc?si=oVX9jKocOjsuOcNt	0:24:32	Youtube	MV	MP4	True	Very goog	AM_003				group A	Uploaded								
142	STT_AM_AB0140	25	https://docs.google.com/document/d/1cq2AniE6EBf6q341fk415kbqEKsCbejxq7ZNiT7Enfs/edit?usp=sharing	text	https://youtu.be/4ZdqGYjPxME?si=mu4eEUr-lRm_4IXg	0:30:27	Youtube	MV	MP4	True	Very goog	AM_003				group A	Uploaded								
143	STT_AM_AB0141	26	https://docs.google.com/document/d/1aNWI2wjBjVSDGCW7ut97EYbecbp0QfyF-H9yl7QyuHQ/edit?usp=sharing	text	https://youtu.be/28y7ar8ufWA?si=Qw2hRSA33lr9-3JZ	0:32:05	Youtube	MV	MP4	True	Very goog	AM_003				group A	Uploaded								
144	STT_AM_AB0142	27	https://docs.google.com/document/d/1Tk5JYlcCcDXF6wU8uN2nbU2xR8KJsJxxLPrg9iIUfgQ/edit?usp=sharing	text	https://youtu.be/wRipAUmwDSk?si=OzpH86batZC4YNYx	0:21:51	Youtube	MV	MP4	True	Very goog	AM_003				group A	Uploaded								
145	STT_AM_AB0143	28	https://docs.google.com/document/d/1T2K7wI4pDwfVgoonIz3sK9B4V8DW1ZrvVssuiMRk0fg/edit?usp=sharing	text	https://youtu.be/ZIZxR0dmnBs?si=Jxm6AI80ojlIz7-J	0:25:35	Youtube	MV	MP4	True	Very goog	AM_003				group A	Uploaded								
146	STT_AM_AB0144	29	https://docs.google.com/document/d/1173IbU3u4JzXRyRQ_xj_o9j0dSSX9-SbcSv7hBZ2U1I/edit?usp=sharing	text	https://youtu.be/-nxBwWUTn2I?si=780fW6Rg5ZuqlGCw	0:25:14	Youtube	MV	MP4	True	Very goog	AM_003				group A	Uploaded								
147	STT_AM_AB0145	30	https://docs.google.com/document/d/1tFJc7aJCtd-5NPYLRBoO8gFRpke8Qt8jZyNnumrrVZo/edit?usp=sharing	text	https://youtu.be/rb49Gn_mNTM?si=jHMcA45c1ZV0pCLT	0:07:10	Youtube	MV	MP4	True	Very goog	AM_003				group A	Uploaded								
148	STT_AM_AB0146	31	https://docs.google.com/document/d/1zMl0e-MrUJ5PDEStnp1GkBi208C9ttmeNfW6D1sSSwQ/edit?usp=sharing	text	https://youtu.be/z1vtHsO8cxs?si=5XM0QFlwKrWm9wZv	0:32:42	Youtube	MV	MP4	True	Very goog	AM_003				group A	Uploaded								
149	STT_AM_AB0147	32	https://docs.google.com/document/d/1w7dojgpsVsLRzUCMaUbg76Y4FOd6Yb-EbwfgrEbj854/edit?usp=sharing	text	https://youtu.be/zrPUgvhTJvE?si=mJQNJVRzgW-PLQVU	0:39:27	Youtube	MV	MP4	True	Very goog	AM_003				group A	Uploaded								
150	STT_AM_AB0148	33	https://docs.google.com/document/d/1_x2893Cik7OQe_k61SPdnOVx6LYJc3_xLkjkkttcLSA/edit?usp=sharing	text	https://youtu.be/TJw_uCklfEs?si=Ct8HT4BWb6Esp_Oh	0:30:56	Youtube	MV	MP4	True	Very goog	AM_003				group A	Uploaded								
151	STT_AM_AB0149	34	https://docs.google.com/document/d/1khjHaJIQmrrh4axhRh2S11qUaauD70t3fCqaZiAmR2E/edit?usp=sharing	text	https://youtu.be/dC9DmDcYD6w?si=FOVSB-X0skM-bSqy	0:15:36	Youtube	MV	MP4	True	Very goog	AM_003				group A	Uploaded								
152	STT_AM_AB0150	35	https://docs.google.com/document/d/1SJ60_NYTpx3xc3l2iZ_CWVbnxR4SjwHN2XPsHuiR6QM/edit?usp=sharing	text	https://youtu.be/TlZhO4LOdhM?si=yRDV5kw-C_SG7Lzk	0:13:24	Youtube	MV	MP4	True	Very goog	AM_003				group A	Uploaded								
153	STT_AM_AB0151	36	https://docs.google.com/document/d/1Xngg3W293ENtSh7pXa73UyWPRaYd2Qt69aBXXsiQEF4/edit?usp=sharing	text	https://youtu.be/YOS27zzhXNY?si=s9KTEhxMpaiCgG2Z	0:10:59	Youtube	MV	MP4	True	Very goog	AM_003				group A	Uploaded								
154	STT_AM_AB0152	37	https://docs.google.com/document/d/1WtpenDd7R-ilZ7CxJVoWqrkdParh6wjAyBIm2gsVIGI/edit?usp=sharing	text	https://youtu.be/4JYCgOaJbhU?si=satPFEQWeEVqucJn	0:11:01	Youtube	MV	MP4	True	Very goog	AM_003				group A	Uploaded								
155	STT_AM_AB0153	38	https://docs.google.com/document/d/1uq54-IsRlU7U6T933AMigtOFjR9sO8_b0-1UG81kIB4/edit?usp=sharing	text	https://youtu.be/BdBkzWuOvoY?si=NWhV-9kIimQOIzeP	0:19:47	Youtube	MV	MP4	True	Very goog	AM_003				group A	Uploaded								
156	STT_AM_AB0154	39	https://docs.google.com/document/d/1xIDtmHFiLoPC2i1WrEwtb8cze54Ajj_gupQKrZoFSMM/edit?usp=sharing	text	https://youtu.be/wBtDXhXC26s?si=tzb02AebbllnGYHW	0:20:20	Youtube	MV	MP4	True	Very goog	AM_003				group A	Uploaded								
157	STT_AM_AB0155	40	https://docs.google.com/document/d/1ZQiIIxwKT1dblEnNeOJ5S8wEYinlTg6Weev2_rMtohk/edit?usp=sharing	text	https://youtu.be/wv75lCuWb58?si=Y0c_qzn3AJz_2CLY	0:18:49	Youtube	MV	MP4	True	Very goog	AM_003				group A	Uploaded								
158	STT_AM_AB0156	41	https://docs.google.com/document/d/1fKBwmgBEjLTIkOGJ1a2S2kihzXy7OJIVuFglx4HAQ7s/edit?usp=sharing	text	https://youtu.be/_mGTmBT5QHY?si=DsBEfSu3adAGo-PG	0:27:31	Youtube	MV	MP4	True	Very goog	AM_003				group A	Uploaded								
159	STT_AM_AB0157	42	https://docs.google.com/document/d/1042MlfOx3hkwDsd0wMXh1tPtLeYJMCnwH2Rg2TySRik/edit?usp=sharing	text	https://youtu.be/iL2_SKwLBqU?si=1oT_L6aYlW4djNzh	0:07:27	Youtube	MV	MP4	True	Very goog	AM_003				group A	Uploaded								
160	STT_AM_AB0158	43	https://docs.google.com/document/d/1AbAQF3CJK7KG81-_If9vknN3W1j8cbXRVu_cnF9kOM8/edit?usp=sharing	text	https://youtu.be/oSz_uxBmq38?si=-B2kvTkT1QBESTga	0:12:24	Youtube	MV	MP4	True	Very goog	AM_003				group A	Uploaded								
161	STT_AM_AB0159	44	https://docs.google.com/document/d/1TdqOm4oERsPWigE1PbPYpaNLlBSAhwwH1cwIj_0uMHo/edit?usp=sharing	text	https://youtu.be/UGNXbPxdebU?si=r1JpYIIMDZi_xjbn	0:33:13	Youtube	MV	MP4	True	Very goog	AM_003				group A	Uploaded								
162	STT_AM_AB0160	45	https://docs.google.com/document/d/1W80XSfdh5vKibVqdf1IYQ4ZX1MiXWA2d9wrc9NQc0DU/edit?usp=sharing	text	https://youtu.be/D1Yj61DThBM?si=td_PbYiP2DTuVgb0	0:31:26	Youtube	MV	MP4	True	Very goog	AM_003				group A	Uploaded								
163	STT_AM_AB0161	46	https://docs.google.com/document/d/1iy0B_N4_3alLVmz3_IM8XZBtD6HTpUDpqGi2235YKZI/edit?usp=sharing	text	https://youtu.be/mF_vyLWhNQs?si=s3OKbRSPxS80xuD0	0:33:26	Youtube	MV	MP4	True	Very goog	AM_003				group A	Uploaded								
164	STT_AM_AB0162	47	https://docs.google.com/document/d/1LZ4WrcDxOSuQEHRqgAkeKcpG3NCss1dtgnNbUmXMNBo/edit?usp=sharing	text	https://youtu.be/hdchO8BGMrI?si=iEofizElz4ZR1kxw	0:30:19	Youtube	MV	MP4	True	Very goog	AM_003				group A	Uploaded								
165	STT_AM_AB0163	48	https://docs.google.com/document/d/1wA18B6tdqgmJeAdLquQiv8ZsBCxRtnUXuiOdIsWAIEo/edit?usp=sharing	text	https://youtu.be/R9FKBZgKxFQ?si=qAih9cBP3A_g7IRf	0:29:40	Youtube	MV	MP4	True	Very goog	AM_003				group A	Uploaded								
166	STT_AM_AB0164	49	https://docs.google.com/document/d/1iuDcFjBcJhGQdUSnzXVF9JGzRdSiFXBsNemAe7Yp4t8/edit?usp=sharing	text	https://youtu.be/TUYC4wJv4gg?si=0c-mwotVOK4dQRas	0:30:15	Youtube	MV	MP4	True	Very goog	AM_003				group A	Uploaded								
167	STT_AM_AB0165	50	https://docs.google.com/document/d/13YbWtMa8QlaUd82rcuc8dzPgwYiaiXisJmGRyslj6Ho/edit?usp=sharing	text	https://youtu.be/MOJYYElW0Lw?si=nhbQljlhU-Q9e4Oo	0:28:04	Youtube	MV	MP4	True	Very goog	AM_003				group A	Uploaded								
168	STT_AM_AB0166	51	https://docs.google.com/document/d/1QADqXj4Hp9vMyICHfuTboMERU7BI-fglQ5uexAL-C9o/edit?usp=sharing	text	https://youtu.be/lPIq_4kgQ5s?si=NLAFIUvLMy1Z9l8Q	0:15:08	Youtube	MV	MP4	True	Very goog	AM_003				group A	Uploaded								
169	STT_AM_AB0167	52	https://docs.google.com/document/d/1pnElfdQ1cs7K8hFo3JmfKp9hZy2V0oo0TUmJZ50VuCY/edit?usp=sharing	text	https://youtu.be/fmf0kC18CcU?si=7QHp8llU85W1wVD_	0:27:41	Youtube	MV	MP4	True	Very goog	AM_003				group A	Uploaded								
170	STT_AM_AB0168	53	https://docs.google.com/document/d/1Mzljp8OxKM57dmD0ze1fGV-g6MVPvapDas6xT6YkGhU/edit?usp=sharing	text	https://youtu.be/901Y-HqHrTo?si=LP4cceoq6GPZpETG	0:09:36	Youtube	MV	MP4	True	Very goog	AM_003				group A	Uploaded								
171	STT_AM_AB0169	54	https://docs.google.com/document/d/1OgW0uIIU8TlOJgxuv4Rr9g6J7_gKnu7l_lGHivxqWps/edit?usp=sharing	text	https://youtu.be/6_j1Oon8V6Y?si=9a_jS4fL2Z3NYSW4	0:15:08	Youtube	MV	MP4	True	Very goog	AM_003				group A	Uploaded								
172	STT_AM_AB0170	55	https://docs.google.com/document/d/1GI9LR_9SXiFPhvXKMdsCrkOecQbCvs6bbpKyRgjEIwo/edit?usp=sharing	text	https://youtu.be/rN-miOupEtk?si=81hCL0c6Yju3dLSA	0:39:01	Youtube	MV	MP4	True	Very goog	AM_003				group A	Uploaded								
173	STT_AM_AB0171	56	https://docs.google.com/document/d/1hkSUuGCAE6Ki9CBOyynyhlDiWp6NeDo_mYvQ10wAtcY/edit?usp=sharing	text	https://youtu.be/Z4RmOKNF6VA?si=gbsg3djo8fzH2u5k	0:31:47	Youtube	MV	MP4	True	Very goog	AM_003				group A	Uploaded								
174	STT_AM_AB0172	57	https://docs.google.com/document/d/13Qh1oHcBrlVsXXhIBB5SVTW4-0MkhjANu79WYUYcHDQ/edit?usp=sharing	text	https://youtu.be/CQY8XXZlQ88?si=xbcXVC-UEViRF0KG	0:29:57	Youtube	MV	MP4	True	Very goog	AM_003				group A	Uploaded								
175	STT_AM_AB0173	58	https://docs.google.com/document/d/1tS8r7paCTM2JT7udUBZeoMJkukIl4R_4AYDZsg9PMxQ/edit?usp=sharing	text	https://youtu.be/VBh1bfH0nV8?si=Gj2dbl26ywGZ4Rye	0:10:28	Youtube	MV	MP4	True	Very goog	AM_003				group A	Uploaded								
176	STT_AM_AB0174	59	https://docs.google.com/document/d/1soA5VVB_zkgLqxbcip9rIVxBG41mlUFbbCvAd-e2RNA/edit?usp=sharing	text	https://youtu.be/4pEha-LUcgU?si=21i6cFUkcvD9Rxw9	0:23:03	Youtube	MV	MP4	True	Very goog	AM_003				group A	Uploaded								
177	STT_AM_AB0175		https://docs.google.com/document/d/1YaB5oQU6-17LYkHQ-Fl_8NxUyGiJwlB5g60zXcnVtTI/edit?usp=sharing	text	https://youtu.be/VUk2CnQ88KI?si=d1X49gMxQbOs0_8q	0:30:38	Youtube	MV	MP4	True	Very goog	AM_003				group A	Uploaded								
178	STT_AM_AB0176	61	https://docs.google.com/document/d/11tOIwU3Tne9_9ShBrfexTf6EPqOd2MUu3zsFTgbOMi8/edit?usp=sharing	text	https://youtu.be/zFgn7lNpG3A?si=2gFPMH5joFzK9J3q	0:22:26	Youtube	MV	MP4	True	Very goog	AM_003				group A	Uploaded								
179	STT_AM_AB0177	62	https://docs.google.com/document/d/1nupzpQgLSdDaOalr8RsAyKPZsSVyrz4AUymZL3lBwpg/edit?usp=sharing	text	https://youtu.be/Mg4vCxJl0qU?si=bi3DMm6deGRYyC8S	0:29:06	Youtube	MV	MP4	True	Very goog	AM_003				group A	Uploaded								
180	STT_AM_AB0178	63	https://docs.google.com/document/d/11tZjce5aozwqj8mcRp4uUTsZxb-wm8JytCZ4pJElPgw/edit?usp=sharing	text	https://youtu.be/xkcA9dVCr74?si=J7U4CE95sWEynrfN	0:16:46	Youtube	MV	MP4	True	Very goog	AM_003				group A	Uploaded								
181	STT_AM_AB0179	64	https://docs.google.com/document/d/1eSDjjrti5WWZBChLgf1mJ3bUH2V8W43ZLizMW6M_IUg/edit?usp=sharing	text	https://youtu.be/_kT4S2HUW74?si=CvZT80Fl010KAOOr	0:30:10	Youtube	MV	MP4	True	Very goog	AM_003				group A	Uploaded								
182	STT_AM_AB0180	65	https://docs.google.com/document/d/1f8qQFzYFwZjm3TOQEK4xMh2y2W7xWrAMlxzgtKrL2c0/edit?usp=sharing	text	https://youtu.be/YBQVyY1Ir5o?si=F_VwjOoUgD0oZ1z7	0:28:38	Youtube	MV	MP4	True	Very goog	AM_003				group A	Uploaded								
183	STT_AM_AB0181	66	https://docs.google.com/document/d/1OTDPNZZyocyQwDRArlMMyU1cbVu7uwdxiNz0t5pQPLI/edit?usp=sharing	text	https://youtu.be/eIVHFvdRv9M?si=vR2jgboQz2CmOnlM	0:31:49	Youtube	MV	MP4	True	Very goog	AM_003				group A	Uploaded								
184	STT_AM_AB0182	67	https://docs.google.com/document/d/10UkWh6hcuigPqrDXvpOVYYTbtha6I_upz8qauw3hCbs/edit?usp=sharing	text	https://youtu.be/HkI0Kpbjs48?si=Fgi9dQx61Ie0GMsj	0:30:34	Youtube	MV	MP4	True	Very goog	AM_003				group A	Uploaded								
185	STT_AM_AB0183	68	https://docs.google.com/document/d/185dMOkB_bfkcuJlgSABq1OE3oEa0ch0ArPvzKXph3xg/edit?usp=sharing	text	https://youtu.be/apT_kPnpVk0?si=IK17idXrf4Vs1k06	0:28:40	Youtube	MV	MP4	True	Very goog	AM_003				group A	Uploaded								
186	STT_AM_AB0184	69	https://docs.google.com/document/d/12PoSVnjyZ71TOknZw9uZlnCAb6rYijHTcZXxxDNvCiI/edit?usp=sharing	text	https://youtu.be/4udHrrzW_lo?si=EHTAIA_PXAQ2OkWv	0:29:31	Youtube	MV	MP4	True	Very goog	AM_003				group A	Uploaded								
187	STT_AM_AB0185	70	https://docs.google.com/document/d/1nu_RRHKyaAneUdyjHo0kEKsvfpc9vYSoaMDn8lkFqCk/edit?usp=sharing	text	https://youtu.be/lmyq_sNAv1A?si=0nuJdAAOEkc7yRGX	0:25:07	Youtube	MV	MP4	True	Very goog	AM_003				group A	Uploaded								
188	STT_AM_AB0186	71	https://docs.google.com/document/d/1N8UaZPUGLd_kqB3mVY6MnglO1Qa1MHLspV56shcZrBI/edit?usp=sharing	text	https://youtu.be/SaNfz8Ihq6c?si=eKODPx1NTRlRz9XB	0:20:54	Youtube	MV	MP4	True	Very goog	AM_003				group A	Uploaded								
189	STT_AM_AB0187	72	https://docs.google.com/document/d/1GMD_c1WVK5A4TdjN4CRg9cOyuXN-h7aZ-v6kdHFNw1A/edit?usp=sharing	text	https://youtu.be/rE6W98g6gr4?si=fV2zXjl-0umLPNyw	0:18:24	Youtube	MV	MP4	True	Very goog	AM_003				group A	Uploaded								
190	STT_AM_AB0188	73	https://docs.google.com/document/d/1ChXpY9DgzfHuAOCm7JOHannzsES8JgnDcTgF1QNsZFI/edit?usp=sharing	text	https://youtu.be/5i6-T-RmqEg?si=fjA5WF-6EzEzeuOH	0:30:30	Youtube	MV	MP4	True	Very goog	AM_003				group A	Uploaded								
191	STT_AM_AB0189	74	https://docs.google.com/document/d/1aGBzG6o1bc0WdhAE93dvBOwAwhjaAInU82Kfl6LhPkw/edit?usp=sharing	text	https://youtu.be/ybPuikluqVM?si=dWUZyOhGyRZkaDmK	0:29:41	Youtube	MV	MP4	True	Very goog	AM_003				group A	Uploaded								
192	STT_AM_AB0190	75	https://docs.google.com/document/d/1UWNUPSowhxjIYV-SKzJ-fpSb23kBT1dAxRRKFqcdP6s/edit?usp=sharing	text	https://youtu.be/ahn__E6f8uQ?si=GDJT_fqEJxndpARt	0:29:13	Youtube	MV	MP4	True	Very goog	AM_003				group A	Uploaded								
193	STT_AM_AB0191	76	https://docs.google.com/document/d/1yS70JQ4Ij-IsetHQmCalc8IeufY9CaOOKB5s9HvOvjM/edit?usp=sharing	text	https://youtu.be/CnNdy_5KhSA?si=G71trYTYTLzXxLg2	0:28:02	Youtube	MV	MP4	True	Very goog	AM_003				group A	Uploaded								
194	STT_AM_AB0192	77	https://docs.google.com/document/d/1AyJqaMUtipr89wo5daEzqNfdeuz2E4kX9ZcfLtvhFHw/edit?usp=sharing	text	https://youtu.be/1_hC0wiIgh4?si=9548eVfi5epTkGJH	0:08:00	Youtube	MV	MP4	True	Very goog	AM_003				group A	Uploaded								
195	STT_AM_AB0193	78	https://docs.google.com/document/d/1zkr3ARJI8u0-cythJxffkGkYLP8wuOTE-K0yluCzNm8/edit?usp=sharing	text	https://youtu.be/XfC-hAJ0Ynk?si=MXePFAwQwKRJQqmQ	0:30:58	Youtube	MV	MP4	True	Very goog	AM_003				group A	Uploaded								
196	STT_AM_AB0194	79	https://docs.google.com/document/d/1gLhGTN6HBaegjmGbvSv4uRf9i6kPkfvSxeVlipE8wzI/edit?usp=sharing	text	https://youtu.be/9sn96WjDcow?si=oS-1GIOgC6rSFH1f	0:28:22	Youtube	MV	MP4	True	Very goog	AM_003				group A	Uploaded								
197	STT_AM_AB0195	80	https://docs.google.com/document/d/16XCuzMheUB0yxzzqdHjqgSxXaoUEgL6wXTig9oYAzLc/edit?usp=sharing	text	https://youtu.be/EscA5ZHueR0?si=XDzDYv1emRazfs03	0:25:42	Youtube	MV	MP4	True	Very goog	AM_003				group A	Uploaded								
198	STT_AM_AB0196	81	https://docs.google.com/document/d/1vxmJPjgl3ia_KVH1b0N6RuUhfWH1p0kObSndlzb0yMg/edit?usp=sharing	text	https://youtu.be/z-kDP4IZN-4?si=nBsDlSEtuNfGgB29	0:34:03	Youtube	MV	MP4	True	Very goog	AM_003				group A	Uploaded								
199	STT_AM_AB0197	82	https://docs.google.com/document/d/162cTXyT8rX6Fd66FqYTsW62XGbPeFSNxIaf5K8Nhe-Q/edit?usp=sharing	text	https://youtu.be/DxFGoxsOk94?si=h-bzWlfU-J6K12-9	0:28:35	Youtube	MV	MP4	True	Very goog	AM_003				group A	Uploaded								
200	STT_AM_AB0198	83	https://docs.google.com/document/d/1N-_7Z4p8hIvik-7njKMI2cx7rWTWgt35K5vRCjaA4P0/edit?usp=sharing	text	https://youtu.be/9H3dGbg60mE?si=ORHnpAuLQZ0PO1n7	0:12:39	Youtube	MV	MP4	True	Very goog	AM_003				group A	Uploaded								
201	STT_AM_AB0199	84	https://docs.google.com/document/d/1Q20YDttFVpsGlcsTO_FgDZZ25nVByWdQ8gMXzhn63IE/edit?usp=sharing	text	https://youtu.be/6oECsMjXnbM?si=kPjBgiFoJXXuTYd5	0:10:40	Youtube	MV	MP4	True	Very goog	AM_003				group A	Uploaded								
202	STT_AM_AB0200	85	https://docs.google.com/document/d/1yCGrtrfrwiEB98LSLvmt6X2kZ9ChiBltoEzdoBzHs8c/edit?usp=sharing	text	https://youtu.be/NJU77YpAVDw?si=rH70wMxYqjaRRKBA	0:28:50	Youtube	MV	MP4	True	Very goog	AM_003				group A	Uploaded								
203	STT_AM_AB0201	86	https://docs.google.com/document/d/1KjYw3yaVaM6hOzROmZOfBYflr1OFDluolZcXQz2FE4Q/edit?usp=sharing	text	https://youtu.be/TU2HjWyI7Q4?si=5phsY-GGZrkWrz7G	0:30:42	Youtube	MV	MP4	True	Very goog	AM_003				group A	Uploaded								
204	STT_AM_AB0202	87	https://docs.google.com/document/d/1Ifiv_WyLUi30ou9Yv1UmX4AvzDhHnhnsZ512BsNyn9g/edit?usp=sharing	text	https://youtu.be/8pqA5CJsLCQ?si=h9EAoiPws7ZPjJxE	0:27:57	Youtube	MV	MP4	True	Very goog	AM_003				group A	Uploaded								
205	STT_AM_AB0203	88	https://docs.google.com/document/d/1oBxEWOOBfAQRi4PPDcq7y5AQ5y_ZP97r2n-nHwrfGps/edit?usp=sharing	text	https://youtu.be/__j1zirdHhQ?si=0z1to-ykIBWmjf62	0:13:41	Youtube	MV	MP4	True	Very goog	AM_003				group A	Uploaded								
206	STT_AM_AB0204	89	https://docs.google.com/document/d/1JiJh1s-AqEu0qPVjQDvtGFEUFzC2v7eksA4QcQXhoHY/edit?usp=sharing	text	https://youtu.be/jby-4WgSXNU?si=4g-zf7UwFS1srtB7	0:30:15	Youtube	MV	MP4	True	Very goog	AM_003				group A	Uploaded								
207	STT_AM_AB0205	90	https://docs.google.com/document/d/1udVjGsgOIRnqZm0irqUNOWNHixkdcnK7B9I3fRAufvM/edit?usp=sharing	text	https://youtu.be/cMycEvB4jtE?si=tM3v8PCdwTQwbxMK	0:34:58	Youtube	MV	MP4	True	Very goog	AM_003				group A	Uploaded								
208	STT_AM_AB0206	91	https://docs.google.com/document/d/1WWyTTZUyCmgT5BamWxxZ2iF-moYJxTz5WQCTcTobFYg/edit?usp=sharing	text	https://youtu.be/kD6PwgYXFcw?si=aqHsICjxyZ5vcqkb	0:25:34	Youtube	MV	MP4	True	Very goog	AM_003				group A	Uploaded								
209	STT_AM_AB0207	92	https://docs.google.com/document/d/1WYZxsLwyXADuhVpvBINHHBo4f0Nt-AbuoR61QV5vFXQ/edit?usp=sharing	text	https://youtu.be/w-AALuUrExg?si=CpG95gcZiWmt5jMP	0:28:04	Youtube	MV	MP4	True	Very goog	AM_003				group A	Uploaded								
210	STT_AM_AB0208	93	https://docs.google.com/document/d/1BT1Vk0CRFf0fLsVBQD1PROErdInxiocIT6hymqf-sME/edit?usp=sharing	text	https://youtu.be/o0teedD-gTY?si=ehnl1lPOlwFDVN3q	0:29:11	Youtube	MV	MP4	True	Very goog	AM_003				group A	Uploaded								
211	STT_AM_AB0209	94	https://docs.google.com/document/d/1R4f3STlTfZzVovnbmnxH6q0vBD5WwkqsxKpGXXkttQk/edit?usp=sharing	text	https://youtu.be/cCHjuLzAKJ8?si=cCEh9dd1IZevYWvc	0:23:43	Youtube	MV	MP4	True	Very goog	AM_003				group A	Uploaded								
212	STT_AM_AB0210	95	https://docs.google.com/document/d/137S0cDyIyLnY6MTfrnu6WAYz5-nuEk2e3P7oQUpXNHA/edit?usp=sharing	text	https://youtu.be/-iXhIpx0oKc?si=la3gc2P467tI5quv	0:06:53	Youtube	MV	MP4	True	Very goog	AM_003				group A	Uploaded								
213	STT_AM_AB0211	96	https://docs.google.com/document/d/1iYPvYS07-ECKy_1ro4lSiQK2HnhHyN4DwbzcHLwqFFw/edit?usp=sharing	text	https://youtu.be/nnhxObesmrs?si=ui315hkSxS8f42QP	0:28:53	Youtube	MV	MP4	True	Very goog	AM_003				group A	Uploaded								
214	STT_AM_AB0212	97	https://docs.google.com/document/d/14Orn5Gw9xj-jb8zhdKuVrCBpd-hIo_o9jbU-vNLBpPQ/edit?usp=sharing	text	https://youtu.be/ZCfzkHZzOV0?si=YpdaDPc4ZWbduO5l	0:13:01	Youtube	MV	MP4	True	Very goog	AM_003				group A	Uploaded								
215	STT_AM_AB0213	98	https://docs.google.com/document/d/1RSkn2dIi2Mqh0AIPamkrgdf6cDnjMCJPkyDvXMwoiC4/edit?usp=sharing	text	https://youtu.be/XPzqcW3TAh4?si=8LKYWXChtfYob3fh	0:06:02	Youtube	MV	MP4	True	Very goog	AM_003				group A	Uploaded								
216	STT_AM_AB0214	99	https://docs.google.com/document/d/1FQPhncUkLGn6eNSgvVINA62o3BfpgXQXMAzrwXT1DZI/edit?usp=sharing	text	https://youtu.be/nrTFFbjl8S4?si=iG_qnVzEWGxW_a4J	0:26:06	Youtube	MV	MP4	True	Very goog	AM_003				group A	Uploaded								
217	STT_AM_AB0215	100	https://docs.google.com/document/d/1zO2GqUenRfJYm1uwcDyWpSEvlye3UGKbgTMkm4owPJ0/edit?usp=sharing	text	https://youtu.be/3tqa6P6ONlw?si=-_ovkgBFoVl6YaR6	0:08:22	Youtube	MV	MP4	True	Very goog	AM_003				group A	Uploaded								
218	STT_AM_AB0216	101	https://docs.google.com/document/d/1nRqdx-HBY_55Fbh09iplNG3-CM5syX7hDUx2ocGYO2Y/edit?usp=sharing	text	https://youtu.be/jh2UitOUwMg?si=Jhz8RMFQRo_5lTO8	0:12:55	Youtube	MV	MP4	True	Very goog	AM_003				group A	Uploaded								
219	STT_AM_AB0217	102	https://docs.google.com/document/d/1QlSSh_Q7EPpTyLPraWKjLlxa5_SGUprxSGCWRowQ9ug/edit?usp=sharing	text	https://youtu.be/C_jhN5zntn8?si=0yxbuAPXWG5HRM7f	0:06:49	Youtube	MV	MP4	True	Very goog	AM_003				group A	Uploaded								
220	STT_AM_AB0218	103	https://docs.google.com/document/d/1F9YED9GuOoE61unWpen1-itWYQX4meXQdDgFbIB8JEY/edit?usp=sharing	text	https://youtu.be/e2QFaJ0ijkU?si=c8t_prbNyee6TE3k	0:21:27	Youtube	MV	MP4	True	Very goog	AM_003				group A	Uploaded								
221	STT_AM_AB0219	104	https://docs.google.com/document/d/1v_GPeANOQjYPdlgD8Nhti2FiPsP1b43isKUA9DR0OzM/edit?usp=sharing	text	https://youtu.be/SCifLQsNEcc?si=e_-rEg-P7e7xBCNh	0:28:36	Youtube	MV	MP4	True	Very goog	AM_003				group A	Uploaded								
222	STT_AM_AB0220	105	https://docs.google.com/document/d/19N8eMYoUs-6eS9QomF1cUe3udrSNoZVas7na1kpTzXY/edit?usp=sharing	text	https://youtu.be/KR9VK5GfXV8?si=tz5OPyBAvtxXTqLB	0:27:54	Youtube	MV	MP4	True	Very goog	AM_003				group A	Uploaded								
223	STT_AM_AB0221	106	https://docs.google.com/document/d/16Y6UU8HloFNOxh39aDCULt0sKpVWX2QEYcV0osyVO6I/edit?usp=sharing	text	https://youtu.be/ojTRjLm_GIw?si=pVXIzZUhj3FSS6qj	0:22:51	Youtube	MV	MP4	True	Very goog	AM_003				group A	Uploaded								
224	STT_AM_AB0222	107	https://docs.google.com/document/d/1FrPBIfqY5ikD_sbul4fiX98_y8hpJuglDdKajietkOg/edit?usp=sharing	text	https://youtu.be/2xqG5ZJ_HCI?si=bDW_he19V4MmPKPQ	0:11:15	Youtube	MV	MP4	True	Very goog	AM_003				group A	Uploaded								
225	STT_AM_AB0223	108	https://docs.google.com/document/d/1u_TfgxwK1-7udJ5cB1KhKJOQ7MR58JBQE5JSQQ6-ia4/edit?usp=sharing	text	https://youtu.be/rHq-xCPLY70?si=WWZOEsgL0VrYudnk	0:07:27	Youtube	MV	MP4	True	Very goog	AM_003				group A	Uploaded								
226	STT_AM_AB0224	109	https://docs.google.com/document/d/1Kqhn34XuqTetJOMCFksFQdLBhwWFINURDed1pdRAQKc/edit?usp=sharing	text	https://youtu.be/0Q0XYOExohM?si=rof4R3ylkfGWHGID	0:10:11	Youtube	MV	MP4	True	Very goog	AM_003				group A	Uploaded								
227	STT_AM_AB0225	110	https://docs.google.com/document/d/1tYfiInkhalE7yLYW0fRCih6Y9yXk1SlI5DA1zOxLH_M/edit?usp=sharing	text	https://youtu.be/EqCmAvSRoEQ?si=UF086FIgbV5yC5gy	0:27:20	Youtube	MV	MP4	True	Very goog	AM_003				group A	Uploaded								
228	STT_AM_AB0226	111	https://docs.google.com/document/d/1OSEZSiRz7gdDqLLIjJqECM-t_uJpBGWbxkd9HCLzDRI/edit?usp=sharing	text	https://youtu.be/KoIuU_fjAkw?si=XhYQGsEV36w1yNkd	0:28:41	Youtube	MV	MP4	True	Very goog	AM_003				group A	Uploaded								
229	STT_AM_AB0227	112	https://docs.google.com/document/d/1NWilDmclezcc0KC_nD7upy9WfGnD5nNtGcvXnqytAQg/edit?usp=sharing	text	https://youtu.be/zYZPo0T1Ddo?si=pYVa6YWsQiDqhxs2	0:29:19	Youtube	MV	MP4	True	Very goog	AM_003				group A	Uploaded								
230	STT_AM_AB0228	113	https://docs.google.com/document/d/1We4xETex9-obJsgVLsUYi9kKdFvH9B5QSesDYs92pgU/edit?usp=sharing	text	https://youtu.be/LUeDln7c-Io?si=eVp8TedcW50qO05q	0:34:53	Youtube	MV	MP4	True	Very goog	AM_003				group A	Uploaded								
231	STT_AM_AB0229	114	https://docs.google.com/document/d/1e3gLMCIwEcmscaJqTmEUjnieFzpYvQdcX8sVqhT0KDo/edit?usp=sharing	text	https://youtu.be/6Ebr3wUpWQA?si=oYESXp6C1oFxIYe8	0:30:00	Youtube	MV	MP4	True	Very goog	AM_003				group A	Uploaded								
232	STT_AM_AB0230	115	https://docs.google.com/document/d/1H9lg7lUYPj3oTHdsURcKRAlax44yRioKAYqCfEef4KI/edit?usp=sharing	text	https://youtu.be/zQa2jxhe6ms?si=dAtBaA8Wm-hUAGMl	0:09:01	Youtube	MV	MP4	True	Very goog	AM_003				group A	Uploaded								
233	STT_AM_AB0231	116	https://docs.google.com/document/d/1Bv2_hJU7tABdazsjDPdy2vFzhRwsdQFz3qTY6iy36Nw/edit?usp=sharing	text	https://youtu.be/kyg0dR9PqYo?si=OtmZag5uxRSjKuv1	0:10:31	Youtube	MV	MP4	True	Very goog	AM_003				group A	Uploaded								
234	STT_AM_AB0232	117	https://docs.google.com/document/d/1ckaNtfCAgrjpRvH5C0mvwdYnp3xR_s280p6POJ9ODFk/edit?usp=sharing	text	https://youtu.be/kaHXY9rRJkA?si=l7kKHAi06erACuN-	0:09:16	Youtube	MV	MP4	True	Very goog	AM_003				group A	Uploaded								
235	STT_AM_AB0233	118	https://docs.google.com/document/d/1Yj_5MAUgDp5jNA9Bm3nLEZtqpRTXuuD4ySUy-Ln3DjA/edit?usp=sharing	text	https://youtu.be/32FJBbiJEnM?si=j0CoXm1n_CNSnUv5	0:28:11	Youtube	MV	MP4	True	Very goog	AM_003				group A	Uploaded								
236	STT_AM_AB0234		https://docs.google.com/document/d/1upNJIk77C5mUAJTM2E1RLx-LMWOeXlDx4x-BKR5kHpM/edit?usp=sharing	text	https://youtu.be/-HR6dC8lgtM?si=RMPhaMJOGT7__JqF	0:22:08	Youtube	MV	MP4	False	Very goog	AM_003				group A	Uploaded								
237	STT_AM_AB0235	2	https://docs.google.com/document/d/1cln0fkmR-8uTwxNKleP4uI3oc8n9n2t5zBi9L4fu56s/edit?usp=sharing	text	https://youtu.be/JiBqkzPpcyw?si=P-W2xofacPkKSVWG	0:23:10	Youtube	MV	MP4	True	Very goog	AM_003				group A	Uploaded								
238	STT_AM_AB0236	3	https://docs.google.com/document/d/1MnAWq8-i4aWuKVeyitAv_lPUU1Zv2nwVlY_qJ_-nADo/edit?usp=sharing	text	https://youtu.be/JO3fpNWCuyI?si=zOqcQKCjvzzpInAI	0:28:47	Youtube	MV	MP4	False	Very goog	AM_003				group A	Uploaded								
239	STT_AM_AB0237	4	https://docs.google.com/document/d/1LZFTs2lPPxha7KuS3g3XBp4YmSghdIR5_GupbGZ2seU/edit?usp=sharing	text	https://youtu.be/JGFkPZ-hAVE?si=KJYSmLZSdyZYblV5	0:27:29	Youtube	MV	MP4	False	Very goog	AM_003				group A	Uploaded								
240	STT_AM_AB0238	5	https://docs.google.com/document/d/1ar5qfpRBfouJFmj5P61ClMRTM6p_nAYMxe-GKAup3OU/edit?usp=sharing	text	https://youtu.be/MRLRqk9fs3Y?si=woQ29BbhWColjmlC	0:29:17	Youtube	MV	MP4	False	Very goog	AM_003				group A	Uploaded								
241	STT_AM_AB0239	6	https://docs.google.com/document/d/1oAz7i6GxR6tHdhpyBnW_XWzkvjYpAzskZtXo9XeoeQg/edit?usp=sharing	text	https://youtu.be/bcLZW6l8buE?si=tjcaWMVytY97RrHR	0:26:46	Youtube	MV	MP4	True	Very goog	AM_003				group A	Uploaded								
242	STT_AM_AB0240	7	https://docs.google.com/document/d/1jD6cgwZ1bdFAH7iCYVJJRbd6TEUX8CnKOaC6NVM19gU/edit?usp=sharing	text	https://youtu.be/Pv0CM4G3jP4?si=2ICFBcgVUZ4pUlvZ	0:26:21	Youtube	MV	MP4	False	Very goog	AM_003				group A	Uploaded								
243	STT_AM_AB0241	8	https://docs.google.com/document/d/15-4KMX9llMU7eIIbFyh7uwQ53w5BHxTKPIHyKR4N2rc/edit?usp=sharing	text	https://youtu.be/dY8FtEJB1QA?si=ZmnTRkTdfZ6cVa4S	0:27:59	Youtube	MV	MP4	False	Very goog	AM_003				group A	Uploaded								
244	STT_AM_AB0242	9	https://docs.google.com/document/d/10ZDZMbptwG3SGGtvm8Rgo1mmrI05jc_OBcT_F0SQt84/edit?usp=sharing	text	https://youtu.be/kWh_nvTm7I4?si=4oC1aVCwvD-3XKVO	0:25:53	Youtube	MV	MP4	False	Very goog	AM_003				group A	Uploaded								
245	STT_AM_AB0243	10	https://docs.google.com/document/d/16SPBNYehcEaOqI9qTHlz_IEmREtZ-QHH4hYVDvLR8mY/edit?usp=sharing	text	https://youtu.be/QKQispa66LE?si=GXqK9xnw2jMUQBXs	0:28:59	Youtube	MV	MP4	True	Very goog	AM_003				group A	Uploaded								
246	STT_AM_AB0244	11	https://docs.google.com/document/d/12M9OOFdRHAieyHSHEI5HCfRt6V3MoAJ0M0EhLFKCxVY/edit?usp=sharing	text	https://youtu.be/ss217uQsjDA?si=U-V9p-VyMgkbt4Lv	0:28:53	Youtube	MV	MP4	False	Very goog	AM_003				group A	Uploaded								
247	STT_AM_AB0245	12	https://docs.google.com/document/d/1iEJ6c6G41sUCE_WVI7zhcDvA9b-PlodypbYMUAy2q3I/edit?usp=sharing	text	https://youtu.be/yfyuK36x_Us?si=_shghjSQupwS0wme	0:29:29	Youtube	MV	MP4	False	Very goog	AM_003				group A	Uploaded								
248	STT_AM_AB0246	13	https://docs.google.com/document/d/1vYVwUX2STqVqmPqMXl1-_ZD9aNXUTDiKFskMeYtb3iw/edit?usp=sharing	text	https://youtu.be/RfIiK2cQbJ8?si=xQQ0edsXk52OWlKB	0:28:59	Youtube	MV	MP4	False	Very goog	AM_003				group A	Uploaded								
249	STT_AM_AB0247	14	https://docs.google.com/document/d/1LptKnl8f2lR4-4pSBfg9_Lq_H5cvcLGoOwIJ1IxveeA/edit?usp=sharing	text	https://youtu.be/Rk7lg9J3CfA?si=9R8D9X--L-a749xK	0:29:29	Youtube	MV	MP4	False	Very goog	AM_003				group A	Uploaded								
250	STT_AM_AB0248	15	https://docs.google.com/document/d/1FBEwTh7FPUqCGiqlq34GjL5YflS6bq6Vt_gK5BXbNaY/edit?usp=sharing	text	https://youtu.be/UJMO2oaV4h8?si=TYoROsHkPn4T7JeK	0:23:16	Youtube	MV	MP4	False	Very goog	AM_003				group A	Uploaded								
251	STT_AM_AB0249		https://docs.google.com/document/d/1NI-TZiV9BAnfmwiSSjPDiwRm1ILKv0n67pxeIT-vcqI/edit?usp=sharing	text	https://youtu.be/HBKKGyqZV34?si=HdYcQ-wnQXCrlUip	0:13:38	Youtube	MV	MP4	False	Very goog	AM_003				group A	Uploaded								
252	STT_AM_AB0250	2	https://docs.google.com/document/d/1-tGzCJMAvGST09XP9nZEsDZ7Y0G1LU7--FuadGvBays/edit?usp=sharing	text	https://youtu.be/rwCNM61dWA0?si=fv5a1p1NoY7Rhn6z	0:20:08	Youtube	MV	MP4	False	Very goog	AM_003				group A	Uploaded								
253	STT_AM_AB0251	3	https://docs.google.com/document/d/1YI3NIFF8hNVw7NvMwc0EFr4ywAeYUjnbskJ_jotefnI/edit?usp=sharing	text	https://youtu.be/nDaw7dpY3iM?si=hsAn7lKWy9y7ioZG	0:19:47	Youtube	MV	MP4	False	Very goog	AM_003				group A	Uploaded								
254	STT_AM_AB0252	4	https://docs.google.com/document/d/1TTAK2eYdTkrf8TErEOdR-vk8ofHySfMuG7w3fRW8Lk4/edit?usp=sharing	text	https://youtu.be/ZYuo2CMN1Yg?si=XLwMZHYvQWoJ7LZg	0:13:35	Youtube	MV	MP4	False	Very goog	AM_003				group A	Uploaded								
255	STT_AM_AB0253	5	https://docs.google.com/document/d/1GTxB2dM-w7PGz4f6Cu4HLWMU5FLLF7h7Zx4wW0XszLc/edit?usp=sharing	text	https://youtu.be/_Gr5ujkY_wU?si=rY8v74tFT-_klJje	0:17:27	Youtube	MV	MP4	False	Very goog	AM_003				group A	Uploaded								
256	STT_AM_AB0254	6	https://docs.google.com/document/d/1hwZ0tf3TP8MZO0-KSQQ_DPS5AlEWxENlXpnCvqDwcks/edit?usp=sharing	text	https://youtu.be/NAb80-BT3vw?si=U8G5_TqHcBSJd4IF	0:26:12	Youtube	MV	MP4	False	Very goog	AM_003				group A	Uploaded								
257	STT_AM_AB0255	7	https://docs.google.com/document/d/1iFAPpR5cbAhNKL9GQWKcJWBOmCRWYCgiQ78f8QES9hE/edit?usp=sharing	text	https://youtu.be/w3s8Yn0ktTM?si=rCEOjIZWGPAh-fjt	0:30:45	Youtube	MV	MP4	False	Very goog	AM_003				group A	Uploaded								
258	STT_AM_AB0256	8	https://docs.google.com/document/d/119ZIYsvaA03glakWfLpGqO0atl4Qs-VZ0Wac3aPGado/edit?usp=sharing	text	https://youtu.be/5fSWdIsKOlE?si=_bRHksKSXw_TIpv8	0:10:20	Youtube	MV	MP4	False	Very goog	AM_003				group A	Uploaded								
259	STT_AM_AB0257	9	https://docs.google.com/document/d/1FSxgPRYnvCnIDX0S-75wvVslZu6dLBLY4ld364Z4mco/edit?usp=sharing	text	https://youtu.be/oOLxRlBFnBk?si=3EeZYCKBe1yZY4eW	0:29:28	Youtube	MV	MP4	False	Very goog	AM_003				group A	Uploaded								
260	STT_AM_AB0258	10	https://docs.google.com/document/d/1SW39hard4N1f9ATN3rMenz-Q6L5ymhmLzXotR_qWPak/edit?usp=sharing	text	https://youtu.be/MfPj1aQ5G98?si=jNyAuVezInZPLLO3	0:11:58	Youtube	MV	MP4	False	Very goog	AM_003				group A	Uploaded								
261	STT_AM_AB0259	11	https://docs.google.com/document/d/1dU9-ABcrlxr2lV1ye8aQdjLJOYQ9eubl5VTBz_5CQvA/edit?usp=sharing	text	https://youtu.be/vmE68ItKCvM?si=QWaWGd1IAyJcMNtF	0:30:08	Youtube	MV	MP4	False	Very goog	AM_003				group A	Uploaded								
262	STT_AM_AB0260		https://docs.google.com/document/d/1E2tkhfSv8eZbRwdp7LokJtuXsPXj7xQCwzmbOGyDTLk/edit?usp=sharing	text	https://youtu.be/uv2PFVY3KNU?si=dYcBU20-VDAlM8ht	0:29:36	Youtube	MV	MP4	True	Very goog	AM_003				group A	Uploaded								
263	STT_AM_AB0261	2	https://docs.google.com/document/d/1BaS50_jGhMwoGLcmvYOtilRRCHJgBhoWVQf11s-WvK0/edit?usp=sharing	text	https://youtu.be/5UZTymvE_6k?si=PRc2nhnXaDtd9zmm	0:20:17	Youtube	MV	MP4	False	Very goog	AM_003				group A	Uploaded								
264	STT_AM_AB0262	3	https://docs.google.com/document/d/1l87VNIL7x2-6zxDriXMeDz2Il7dNlNImyofAIF0CM5o/edit?usp=sharing	text	https://youtu.be/j6ZhYXMoOj0?si=t7R95zB_Higw7Kp8	0:18:35	Youtube	MV	MP4	False	Very goog	AM_003				group A	Uploaded								
265	STT_AM_AB0263	4	https://docs.google.com/document/d/1zNKqlJ3SFFrdspGnLVHMFBCfXAtiIw2IIqIB95TPZ84/edit?usp=sharing	text	https://youtu.be/Ufa3DMc5aSM?si=srVyQrls-8_vvBDT	0:21:25	Youtube	MV	MP4	False	Very goog	AM_003				group A	Uploaded								
266	STT_AM_AB0264	5	https://docs.google.com/document/d/1u8CUVp6kI_JrtpgW8x0uwmg6N4FOzdjyYmX5ed-TFV4/edit?usp=sharing	text	https://youtu.be/kIRlJT9ldo8?si=zz2cNs_9IWl1DEwj	0:17:02	Youtube	MV	MP4	False	Very goog	AM_003				group A	Uploaded								
267	STT_AM_AB0265	6	https://docs.google.com/document/d/1tBaFLMC65sifzgmcpGuyn0L0x7S8FQUOdRkAhU4uVYk/edit?usp=sharing	text	https://youtu.be/BreyHsmiDR0?si=mg9ke52h1rJ6i_b0	0:23:33	Youtube	MV	MP4	False	Very goog	AM_003				group A	Uploaded								
268	STT_AM_AB0266	7	https://docs.google.com/document/d/1uGSTWO6ooMcH--a2xqdx0Isgx29j-ELg9BRKZ5BsO6U/edit?usp=sharing	text	https://youtu.be/i1RjwMl2iso?si=CVpKjyimXgGj8VTd	0:18:58	Youtube	MV	MP4	False	Very goog	AM_003				group A	Uploaded								
269	STT_AM_AB0267	8	https://docs.google.com/document/d/1i6ksi3bpSD0Zo_Uz9JjpWdHLUW2mnh1ySzdxp_5LJdY/edit?usp=sharing	text	https://youtu.be/Gx__TCw5YG4?si=ad-3Y4Wa5A8hOBw5	0:14:20	Youtube	MV	MP4	False	Very goog	AM_003				group A	Uploaded								
270	STT_AM_AB0268	9	https://docs.google.com/document/d/1tLMms-c3tFRjTOZds6V1sBwienWlFb1WIc2ifY9wr4g/edit?usp=sharing	text	https://youtu.be/0dBw_RnsbtU?si=tvJn7plx4Vl5f5BE	0:15:20	Youtube	MV	MP4	False	Very goog	AM_003				group A	Uploaded								
271	STT_AM_AB0269	10	https://docs.google.com/document/d/1H36gSrGsmPhVEaNtmpywwD8iJLA76TOJsgLtkl58VjM/edit?usp=sharing	text	https://youtu.be/tHMwbujB_Ik?si=jTdwL2Jc5LH7e6fp	0:15:09	Youtube	MV	MP4	False	Very goog	AM_003				group A	Uploaded								
272	STT_AM_AB0270	11	https://docs.google.com/document/d/1qhMcieuWVwEDeGeVfKF1SAQQVtVMAXFOe9goeXORFdA/edit?usp=sharing	text	https://youtu.be/P2L4RStyV34?si=EUekqB7yOWk-FjbL	0:13:32	Youtube	MV	MP4	False	Very goog	AM_003				group A	Uploaded								
273	STT_AM_AB0271	12	https://docs.google.com/document/d/1HfYgStdgn0AXJeVxnZcmikRT18kw4OSNPf5M3LwlSgM/edit?usp=sharing	text	https://youtu.be/ciDMMeN1Jp8?si=GFuhUkiF_AUQnUMX	0:22:13	Youtube	MV	MP4	False	Very goog	AM_003				group A	Uploaded								
274	STT_AM_AB0272	13	https://docs.google.com/document/d/1_jI2A7RAG6tZg9pZ40c5qYx2akPXefxXQjHVqb_YhQI/edit?usp=sharing	text	https://youtu.be/vTlWiDppSOQ?si=Lw5OeAfFYZVcW5OA	0:25:06	Youtube	MV	MP4	False	Very goog	AM_003				group A	Uploaded								
275	STT_AM_AB0273	14	https://docs.google.com/document/d/1nFwuD0s0tDF3f6D1fxHY7T7J38Gw7AcGh76JYIv7kHI/edit?usp=sharing	text	https://youtu.be/icnxV6PRXNo?si=xxQ-tZjXIJOCzGSR	0:12:32	Youtube	MV	MP4	False	Very goog	AM_003				group A	Uploaded								
276	STT_AM_AB0274	15	https://docs.google.com/document/d/141h25IB6a-0axfBDYH_X2RtnzCL5IkguAqQufQtVz7k/edit?usp=sharing	text	https://youtu.be/B99N7cuaSsw?si=V2oqaT7gKs0HZnry	0:29:11	Youtube	MV	MP4	False	Very goog	AM_003				group A	Uploaded								
277	STT_AM_AB0275	16	https://docs.google.com/document/d/1Fo3uuE0E6r2NdPOTS-FIngc1Tt4UvdrvWxQTAFGjAhI/edit?usp=sharing	text	https://youtu.be/bCtgGajFMd8?si=NohERlO3tBkwlozT	0:11:41	Youtube	MV	MP4	False	Very goog	AM_003				group A	Uploaded								
278	STT_AM_AB0276	17	https://docs.google.com/document/d/18OPGRFV-ZcfMeOMjihuJsXzb4r8c0vviERqXgI9BAAw/edit?usp=sharing	text	https://youtu.be/ueWrb-mgyQU?si=SK8z9tJ4XfT3KWpo	0:15:07	Youtube	MV	MP4	False	Very goog	AM_003				group A	Uploaded								
279	STT_AM_AB0277	18	https://docs.google.com/document/d/1ZIwVxaiwKO0OPF3LYGLIlaVmZUcC1qIHaMP3k8fXFIo/edit?usp=sharing	text	https://youtu.be/sdiX0cj1uaU?si=EfEsj16Z-ie4SQW0	0:16:08	Youtube	MV	MP4	False	Very goog	AM_003				group A	Uploaded								
280	STT_AM_AB0278	19	https://docs.google.com/document/d/1SGeZLdT9MnuTZBS9041ozO51QVfiYEo4U_lkNryzqbU/edit?usp=sharing	text	https://youtu.be/PfKkfjlkyQA?si=cV3PLk6OEvMm0dpn	0:22:04	Youtube	MV	MP4	False	Very goog	AM_003				group A	Uploaded								
281	STT_AM_AB0279	20	https://docs.google.com/document/d/1XHKxsSn-4JfgiElWKI4N21_wwrB9L6c86M2hDU7QSj0/edit?usp=sharing	text	https://youtu.be/jjSO5mIp-s0?si=hPC79ocwPeL7Fb23	0:19:56	Youtube	MV	MP4	False	Very goog	AM_003				group A	Uploaded								
282	STT_AM_AB0280	21	https://docs.google.com/document/d/1O6YllOszxtKzUNybZFsNke9KcbCbCWynhX0Nxq9auks/edit?usp=sharing	text	https://youtu.be/qYnM7AX6T0Q?si=G_JM0kMOJU4gzadq	0:14:00	Youtube	MV	MP4	False	Very goog	AM_003				group A	Uploaded								
283	STT_AM_AB0281	22	https://docs.google.com/document/d/1JiKdH222_Fuz704ThPZZ9wR7ugqvGexhn6grdK4zW8Y/edit?usp=sharing	text	https://youtu.be/roZ5Va4vu9g?si=UE70jdtq0_AtlrFC	0:15:51	Youtube	MV	MP4	False	Very goog	AM_003				group A	Uploaded								
284	STT_AM_AB0282	23	https://docs.google.com/document/d/1XQtylu-3yfNcbLU35EDOz4DgVM6fYfO11e3_EHtIyHM/edit?usp=sharing	text	https://youtu.be/dEE-TIi5zwc?si=Oo8cGdMQ6QVDxHn1	0:19:19	Youtube	MV	MP4	False	Very goog	AM_003				group A	Uploaded								
285	STT_AM_AB0283	24	https://docs.google.com/document/d/1GO0tsDReusuzKMXCDNJSxynjlH1omdZVlHFTS-kXQ3k/edit?usp=sharing	text	https://youtu.be/tgabvLlpiro?si=OyXlYa_XTpz89B6a	0:14:48	Youtube	MV	MP4	False	Very goog	AM_003				group A	Uploaded								
286	STT_AM_AB0284	25	https://docs.google.com/document/d/1IcgW6ZvVMu0xrhXucPY80Vj0hgq7nPUxh0rKM4WEwp0/edit?usp=sharing	text	https://youtu.be/vc7-rCjNRJQ?si=v8mvI_sMePSm_FEh	0:12:45	Youtube	MV	MP4	False	Very goog	AM_003				group A	Uploaded								
287	STT_AM_AB0285	26	https://docs.google.com/document/d/1xJ4MkOy8bWLxBO12U1a54LmtSmRM2W5ScpkvIhhXoj4/edit?usp=sharing	text	https://youtu.be/jzAMDNBb2-s?si=jm9EwqRXytDXnEfv	0:24:20	Youtube	MV	MP4	False	Very goog	AM_003				group A	Uploaded								
288	STT_AM_AB0286	27	https://docs.google.com/document/d/1ztJZ5h2UZV_kgYDMfFvac7NHXAn22ZOA4J8XoSCeuk0/edit?usp=sharing	text	https://youtu.be/dm23_DzPFDI?si=RtF7iyAWxXX7BDWs	0:17:21	Youtube	MV	MP4	False	Very goog	AM_003				group A	Uploaded								
289	STT_AM_AB0287	28	https://docs.google.com/document/d/1YNkel3eQGXjOINlxTixN4RGi29Gz-iXIO6EiogYFvEQ/edit?usp=sharing	text	https://youtu.be/XFgShoKPe2Q?si=5OGVIkL3H3NmF9H8	0:14:23	Youtube	MV	MP4	False	Very goog	AM_003				group A	Uploaded								
290	STT_AM_AB0288	29	https://docs.google.com/document/d/1f-BXWBU4Ujk0xTN_txqwRF5deXcZVAfj-xFOQFR2bt8/edit?usp=sharing	text	https://youtu.be/WwOcYQp8dDk?si=wpsnW0TwiQFlws-r	0:13:20	Youtube	MV	MP4	False	Very goog	AM_003				group A	Uploaded								
291	STT_AM_AB0289		https://docs.google.com/document/d/1GLyrSO-24J3qkvFBGCSS8huUrS5DnUH9dybxwvJGwMM/edit?usp=sharing	text	https://youtu.be/gsoOEdDwwNQ?si=vYIZigab58bTnOmU	0:28:13	Youtube	MV	MP4	False	Very goog	AM_003				group A	Uploaded	kj							
292	STT_AM_AB0290	2	https://docs.google.com/document/d/124aWpqsMkEFoXQ1MDfw476x0PwRW2GP6FFeIo1BpeIs/edit?usp=sharing	text	https://youtu.be/-yJAZMM_9LM?si=oNAfo6mkMDbdkxkK	0:21:58	Youtube	MV	MP4	False	Very goog	AM_003				group A	Uploaded								
293	STT_AM_AB0291	3	https://docs.google.com/document/d/1A5k71VLz7SjKvL1EB7sCsgdK5lahbVlq8n1dmBhIuS0/edit?usp=sharing	text	https://youtu.be/A_hcciFdq0c?si=hLsJfdmSp1GWNRgw	0:14:58	Youtube	MV	MP4	False	Very goog	AM_003				group A	Uploaded								
294	STT_AM_AB0292	4	https://docs.google.com/document/d/1Ri1Z7q_EK13MLpJQRL2pc7n7KX1abr49f55GJf0M2Z0/edit?usp=sharing	text	https://youtu.be/y-VU52NjbDM?si=NDNhbrfwBA7HCGIR	0:14:16	Youtube	MV	MP4	False	Very goog	AM_003				group A	Uploaded								
295	STT_AM_AB0293	5	https://docs.google.com/document/d/1lsB1F6Pj6uM3l7gAEWkHIDnG8ylwis-NLcU6vlDMkh0/edit?usp=sharing	text	https://youtu.be/poNoD_UYm8M?si=6CbmLMVIX3cNiAQL	0:21:50	Youtube	MV	MP4	False	Very goog	AM_003				group A	Uploaded								
296	STT_AM_AB0294	6	https://docs.google.com/document/d/1R272CUgziEA8J8ZL9IyByBJd-h03_E_7kkzwGkqcnnk/edit?usp=sharing	text	https://youtu.be/9OgmApZuFYQ?si=FWtnoh54Vzer71hQ	0:16:04	Youtube	MV	MP4	False	Very goog	AM_003				group A	Uploaded								
297	STT_AM_AB0295	7	https://docs.google.com/document/d/1GWg9rN5ma_84SnQF4UK32lSQOjJDia89dKHP2CeCZWU/edit?usp=sharing	text	https://youtu.be/wBd--tyGasg?si=Vut0jw8PvRniliMd	0:15:36	Youtube	MV	MP4	False	Very goog	AM_003				group A	Uploaded								
298	STT_AM_AB0296	8	https://docs.google.com/document/d/1m993TNEZoCC__Qsq0BhZdMi2-OsPLO2iKFAN0-Rxsr0/edit?usp=sharing	text	https://youtu.be/2M1TetRdl2M?si=zP3SMI4rCseHwAzi	0:21:54	Youtube	MV	MP4	False	Very goog	AM_003				group A	Uploaded								
299	STT_AM_AB0297	9	https://docs.google.com/document/d/1AfxsspwQArGfO7wpMmIonIM0FiLw42B91Vgy2994OZw/edit?usp=sharing	text	https://youtu.be/fhXbeir_N-Y?si=kHkvBQ2uR-xnlYcH	0:21:16	Youtube	MV	MP4	False	Very goog	AM_003				group A	Uploaded								
300	STT_AM_AB0298	10	https://docs.google.com/document/d/1xUYNbx9mugH7YYLw0HhYLYOTIihzfvFSnCqdlgENxdA/edit?usp=sharing	text	https://youtu.be/9lssR5VRtLY?si=63SzuZYgrXHIJHcS	0:12:32	Youtube	MV	MP4	False	Very goog	AM_003				group A	Uploaded								
301	STT_AM_AB0299	11	https://docs.google.com/document/d/14EKJNln29WyebZ4BncbC5jXI6ptB4mSGumz76T5NQto/edit?usp=sharing	text	https://youtu.be/5_lw2a1z6Ik?si=9nNIFXWMO0mGGdSf	0:14:10	Youtube	MV	MP4	False	Very goog	AM_003				group A	Uploaded								
302	STT_AM_AB0300	12	https://docs.google.com/document/d/1qSSiWSd6EnA979aYtLPAHoLxIo5Tg17n0WHpHKt41wQ/edit?usp=sharing	text	https://youtu.be/o5M6mYJ9l-I?si=opf0guxCELOezTLV	0:13:58	Youtube	MV	MP4	False	Very goog	AM_003				group A	Uploaded								
303	STT_AM_AB0301	13	https://docs.google.com/document/d/1yCTIbhGxP6FOx9YlQr-2oWMW1SgfWoJHX_Fk6J0m9xc/edit?usp=sharing	text	https://youtu.be/zBb3z3slCkA?si=PXQdK13SvJHwn_By	0:21:22	Youtube	MV	MP4	False	Very goog	AM_003				group A	Uploaded								
304	STT_AM_AB0302	14	https://docs.google.com/document/d/1Ne335u48Ag-k7WSrTEBksaJgqxCxTgAFCCmxWub1MaU/edit?usp=sharing	text	https://youtu.be/84wofeOk-Pc?si=-jidnBw2Y0WlnnHl	0:15:48	Youtube	MV	MP4	False	Very goog	AM_003				group A	Uploaded								
305	STT_AM_AB0303	15	https://docs.google.com/document/d/1yRwl1KZHHF2ncweqPvKwyFHnICrzdAD1BaQqLH5xrho/edit?usp=sharing	text	https://youtu.be/LBs4jEpVSgI?si=Qmm0MlHuv4fp69Yg	0:22:02	Youtube	MV	MP4	False	Very goog	AM_003				group A	Uploaded								
306	STT_AM_AB0304	16	https://docs.google.com/document/d/14GktYYePo5C71s3huh9nFHUVmcaTnN5KVN0QqMEoZjQ/edit?usp=sharing	text	https://youtu.be/kZqJ6OAAorY?si=FOrmiODlicfI_bCf	0:12:32	Youtube	MV	MP4	False	Very goog	AM_003				group A	Uploaded								
307	STT_AM_AB0305	17	https://docs.google.com/document/d/1QCrdUvyWmoFAQWRfK6PZaEWnjJGPocmmYCeuS9mUZNk/edit?usp=sharing	text	https://youtu.be/p4ArQXgXi4M?si=wTN7JscFwpwQSb_U	0:20:48	Youtube	MV	MP4	False	Very goog	AM_003				group A	Uploaded								
308	STT_AM_AB0306	18	https://docs.google.com/document/d/1C_kLsJw_r3IVYIKevYz-2DQn3EjfyiBroU8B0yqv1gI/edit?usp=sharing	text	https://youtu.be/JvR4OnX-jf4?si=RkcS8Op0gFf0NcXw	0:14:43	Youtube	MV	MP4	False	Very goog	AM_003				group A	Uploaded								
309	STT_AM_AB0307	19	https://docs.google.com/document/d/1g_rkRL_GWeWzoMXFSJ3Tj8215gFZ_VujrCc8POGb7Q0/edit?usp=sharing	text	https://youtu.be/52PmTyRgOMc?si=oodkOniiwKkdnia6	0:07:34	Youtube	MV	MP4	False	Very goog	AM_003				group A	Uploaded								
310	STT_AM_AB0308	20	https://docs.google.com/document/d/1ggHtBEBc1pd7d1jKuGYZ52Eys7wox8hj9uv66halnp8/edit?usp=sharing	text	https://youtu.be/ZzuPzm7i4VA?si=5w6ktQmNhr3x7kTy	0:26:08	Youtube	MV	MP4	False	Very goog	AM_003				group A	Uploaded								
311	STT_AM_AB0309	21	https://docs.google.com/document/d/1zZ2eaVvy-AYOm9CIBhirq7oq0PaiN_iuWoEIo-YkN4Q/edit?usp=sharing	text	https://youtu.be/uBEy-6c9hm4?si=y96dML8sbWxEEpHC	0:17:52	Youtube	MV	MP4	False	Very goog	AM_003				group A	Uploaded								
312	STT_AM_AB0310	22	https://docs.google.com/document/d/1-gvScOeMsnON4eX1GhzDtX76WajRizTnf2iUtRHylYE/edit?usp=sharing	text	https://youtu.be/Boyrg7IrljY?si=eNkTv3z00roAJfxA	0:24:26	Youtube	MV	MP4	False	Very goog	AM_003				group A	Uploaded								
313	STT_AM_AB0311	23	https://docs.google.com/document/d/1nolM4G2_tl6L-3rAilDTHfc0QZeDwS9brvP6LoayRLE/edit?usp=sharing	text	https://youtu.be/O9gnco2gyNg?si=NtbrgjZ7ED7cMV_H	0:19:34	Youtube	MV	MP4	False	Very goog	AM_003				group A	Uploaded								
314	STT_AM_AB0312	24	https://docs.google.com/document/d/1NESGQEzQ9rOl5sNU8ICaUR2USAPbyqNNWfz4kUTZWis/edit?usp=sharing	text	https://youtu.be/LD0VAUG41U4?si=wFQKTzbsO1hGHpwn	0:24:16	Youtube	MV	MP4	False	Very goog	AM_003				group A	Uploaded								
315	STT_AM_AB0313	25	https://docs.google.com/document/d/1dU38_XdVQqIqk0Vkh3l-Fpn27Ch7v4lE-HaPCqJUYKQ/edit?usp=sharing	text	https://youtu.be/UqLolh_Y8L8?si=hVNnKzOoN7ZxfNbI	0:13:24	Youtube	MV	MP4	False	Very goog	AM_003				group A	Uploaded								
316	STT_AM_AB0314	26	https://docs.google.com/document/d/1JVoCrNDeBDtfx34JdWMGhzn0qtjnH_k79eHUCOE2Y3Q/edit?usp=sharing	text	https://youtu.be/AYnzdNsRx5w?si=geo1DXaTBr5XlgbM	0:17:32	Youtube	MV	MP4	False	Very goog	AM_003				group A	Uploaded								
317	STT_AM_AB0315		https://docs.google.com/document/d/1dZxK8S5oAqq2uoAGo6lUsYdrx16MgFEwGYyHLLpb3Yc/edit?usp=sharing	text	https://youtu.be/xhOI7-z6Mzk?si=7iWtAC2qP4qGBtgt	0:19:18	Youtube	MV	MP4	False	Very goog	AM_003				group A	Uploaded								
318	STT_AM_AB0316	2	https://docs.google.com/document/d/1pR8dIZWzBWl2dybvxpiqsAOeui71aUual0zgj5e9i34/edit?usp=sharing	text	https://youtu.be/w3MxHptmLFg?si=l7t3yKaGFglrkwek	0:18:48	Youtube	MV	MP4	False	Very goog	AM_003				group A	Uploaded								
319	STT_AM_AB0317	3	https://docs.google.com/document/d/1hA20fzXfnZTziDaPpdXPem9ES9Zv36Zz62R0RQ8xdAo/edit?usp=sharing	text	https://youtu.be/vIFom5LqJuY?si=jCf44YXTF0V2uW9c	0:16:24	Youtube	MV	MP4	False	Very goog	AM_003				group A	Uploaded								
320	STT_AM_AB0318	4	https://docs.google.com/document/d/1s0mNr4vIdyzb_siNBWxjp9i7Zkd1043OavlqYRKfA-4/edit?usp=sharing	text	https://youtu.be/k8GpKJkZW_M?si=_1PnAbWeO3Dsg6Yk	0:12:14	Youtube	MV	MP4	False	Very goog	AM_003				group A	Uploaded								
321	STT_AM_AB0319	5	https://docs.google.com/document/d/14wnf6oHfYy-8qB5IPhNipDi6wQXVZyC68TEKW9BhajY/edit?usp=sharing	text	https://youtu.be/pr6BghGDv5E?si=OPFm5aAQi26GZLz_	0:20:04	Youtube	MV	MP4	False	Very goog	AM_003				group A	Uploaded								
322	STT_AM_AB0320	6	https://docs.google.com/document/d/169_PK9220AxBlZTSRcXFAq37x93fASsvLCpODakbmHA/edit?usp=sharing	text	https://youtu.be/o2kHjqDCivs?si=FEBhnLqqSs0sAmjl	0:18:00	Youtube	MV	MP4	False	Very goog	AM_003				group A	Uploaded								
323	STT_AM_AB0321	7	https://docs.google.com/document/d/1owTDqmuMJSjF4gkk5YdTQuAFayqwUpX8L7uHoXQlhJc/edit?usp=sharing	text	https://youtu.be/za1R_yo69Ms?si=sYlrXHN2FY-LGCHA	0:21:24	Youtube	MV	MP4	False	Very goog	AM_003				group A	Uploaded								
324	STT_AM_AB0322	8	https://docs.google.com/document/d/1sDOTG_gi3ezEas87FC2Ru8KJ44ntROKeweTvq3XBqzc/edit?usp=sharing	text	https://youtu.be/iGeyShgos5I?si=g5nKtKVRNprwT8Q4	0:12:22	Youtube	MV	MP4	False	Very goog	AM_003				group A	Uploaded								
325	STT_AM_AB0323	9	https://docs.google.com/document/d/1wUvILlFpBY6I3MxkP_Et9KpJHOVkvo0HPB26q_tCm0I/edit?usp=sharing	text	https://youtu.be/JapTfbmFx64?si=v9329yQzOWwXNIFS	0:17:00	Youtube	MV	MP4	False	Very goog	AM_003				group A	Uploaded								
326	STT_AM_AB0324	10	https://docs.google.com/document/d/1xgH4DR5hh8WAGWX4l9IqhJ338V8LACVUB4OzG570ksM/edit?usp=sharing	text	https://youtu.be/5jDmBI0c2hE?si=KpqLRkhTBR2LJYTJ	0:25:34	Youtube	MV	MP4	False	Very goog	AM_003				group A	Uploaded								
327	STT_AM_AB0325	11	https://docs.google.com/document/d/1i5QLXnOB198EvKGi63C-WsHJt9KbaBdYoigWqk2Gy10/edit?usp=sharing	text	https://youtu.be/pE1EtsCwae0?si=lWBGh0QfMxNukKUg	0:16:08	Youtube	MV	MP4	False	Very goog	AM_003				group A	Uploaded								
328	STT_AM_AB0326	12	https://docs.google.com/document/d/1VM2vYYYI_4RKh_8dG14g5cjkOIH__NFK4_i1RhMGHIg/edit?usp=sharing	text	https://youtu.be/RKKVTy6g7fA?si=o1gs-agzVnsrPXAF	0:12:24	Youtube	MV	MP4	False	Very goog	AM_003				group A	Uploaded								
329	STT_AM_AB0327	13	https://docs.google.com/document/d/11BdETBjPwamTBzf4ceNjUxGPxp5Ps1hty5qCm8k3lfA/edit?usp=sharing	text	https://youtu.be/kSewa0jFRu8?si=yFD8UHXiJNT0NLt9	0:17:34	Youtube	MV	MP4	False	Very goog	AM_003				group A	Uploaded								
330	STT_AM_AB0328	14	https://docs.google.com/document/d/1vMydoS-5aTrAmf8Vs-puDWC2TJDn7_vBtg0LBER-qG4/edit?usp=sharing	text	https://youtu.be/jJIrXpAHy2c?si=Wfa3-yMHOuz3kFF3	0:12:58	Youtube	MV	MP4	False	Very goog	AM_003				group A	Uploaded								
331	STT_AM_AB0329	15	https://docs.google.com/document/d/1bK8nKziQNS18SGl9sz4w9xOBs_cmpdlEPy97BMQfYT0/edit?usp=sharing	text	https://youtu.be/2zGAPi-pLKo?si=AKpEB9e6tRcTDFWP	0:30:08	Youtube	MV	MP4	False	Very goog	AM_003				group A	Uploaded								
332	STT_AM_AB0330	16	https://docs.google.com/document/d/1ktlRSamR52oe9tsHCnYkkHy_W2PT6wZf1Oj4OPD5TO4/edit?usp=sharing	text	https://youtu.be/bTGO7j2yq_8?si=TK_IskbP67OiWEOd	0:16:31	Youtube	MV	MP4	False	Very goog	AM_003				group A	Uploaded								
333	STT_AM_AB0331	17	https://docs.google.com/document/d/1LgPR2j7ULfQTvJncF_2q5hoW5nOMjjpuPGe0YGxTMWY/edit?usp=sharing	text	https://youtu.be/_1iQDzyX1Uw?si=mU_56g-nC5v1SK8l	0:17:57	Youtube	MV	MP4	False	Very goog	AM_003				group A	Uploaded								
334	STT_AM_AB0332	18	https://docs.google.com/document/d/16fW5IwRE6m-a5MpvMuCg7vvvfMvvMxv-NQCGC_KFRIE/edit?usp=sharing	text	https://youtu.be/g_hceHf13cQ?si=00sBoGSa5QHWBKRL	0:11:57	Youtube	MV	MP4	False	Very goog	AM_003				group A	Uploaded								
335	STT_AM_AB0333	19	https://docs.google.com/document/d/1YOlr1NDeI4hNHQv0qckQzzxmWD0BvDeFHXMeaoOeGUc/edit?usp=sharing	text	https://youtu.be/pK0ycmfbZyg?si=K8n7vM-xiTHFhEHZ	0:18:06	Youtube	MV	MP4	False	Very goog	AM_003				group A	Uploaded								
336	STT_AM_AB0334	20	https://docs.google.com/document/d/1PpELkWXFQe__YhFUmGTKS58t52ZN4vkrN2jBrG2_1qA/edit?usp=sharing	text	https://youtu.be/3_Q3hNwdESY?si=88sqZBCqPwz4YBsb	0:24:23	Youtube	MV	MP4	False	Very goog	AM_003				group A	Uploaded								
337	STT_AM_AB0335	21	https://docs.google.com/document/d/1EHXV45UOvL7lGfcnUl66fTyQg5XNu2DvDmGprwKdGWo/edit?usp=sharing	text	https://youtu.be/b7s-LFx-BeI?si=3qIRx-QJUWdM0PXH	0:34:37	Youtube	MV	MP4	False	Very goog	AM_003				group A	Uploaded								
338	STT_AM_AB0336	22	https://docs.google.com/document/d/1G17gYyHu_UaxxntoipIItNRWlmsnHWrAH423AG98RyU/edit?usp=sharing	text	https://youtu.be/z2VlQwyNWVI?si=UlSpaJg8peeAfqIj	0:18:37	Youtube	MV	MP4	False	Very goog	AM_003				group A	Uploaded								
339	STT_AM_AB0337	23	https://docs.google.com/document/d/1Vw1vglh3D4GjX8PC34IFrfsqzVbsi3YwHc63iK_mREI/edit?usp=sharing	text	https://youtu.be/9jc-sZuSdas?si=8xd4yxRLjwsdjRbP	0:19:57	Youtube	MV	MP4	False	Very goog	AM_003				group A	Uploaded								
340	STT_AM_AB0338	24	https://docs.google.com/document/d/1N1JDk8SKgJZrTGUksp3fLNV8qTfgJiPiUHriqFhy1r8/edit?usp=sharing	text	https://youtu.be/b1SSxYDFZ5Y?si=uhqLgxor7YXKH2Fs	0:20:47	Youtube	MV	MP4	False	Very goog	AM_003				group A	Uploaded								
341	STT_AM_AB0339	25	https://docs.google.com/document/d/1dGNGtR8KULf7kxKOHnOQ7Qjn0Cjw1cpUV-PWO3suhkA/edit?usp=sharing	text	https://youtu.be/7zucPgqP4po?si=VSuOLiToYC36SXzY	0:13:50	Youtube	MV	MP4	False	Very goog	AM_003				group A	Uploaded								
342	STT_AM_AB0340	26	https://docs.google.com/document/d/1brhI712G-GLLyPLy8Fc6C58Q-KD4wPHN6srUhE92aek/edit?usp=sharing	text	https://youtu.be/6PQWsfESM04?si=ZqZWuM_ybp8gnBnw	0:28:15	Youtube	MV	MP4	False	Very goog	AM_003				group A	Uploaded								
343	STT_AM_AB0341		https://docs.google.com/document/d/1J_699FZEGu3iCIw5r2NSQ2ZSlmce7jis0303tj2oY1A/edit?usp=sharing	text	https://youtu.be/gYEUYFWBdCQ?si=rZZqauG_pBBYwzs7	0:41:14	Youtube	MV	MP4	False	Very goog	AM_003				group A	Uploaded								
344	STT_AM_AB0342	2	https://docs.google.com/document/d/1mXv-lYht57Y5rpWR8DvbzpCcQprTEvK-jhE2lRYN1xc/edit?usp=sharing	text	https://youtu.be/OWy-jSOkzTo?si=S1R51wQ5TBT3gguv	0:12:17	Youtube	MV	MP4	False	Very goog	AM_003				group A	Uploaded								
345	STT_AM_AB0343	3	https://docs.google.com/document/d/1axvaPBZCRL9PN0BvcvKvKkEpcIhe-Bi4FVFLEr9j-V8/edit?usp=sharing	text	https://youtu.be/d7YDitS_UfM?si=_ue1oACCAKH6BEJN	0:08:52	Youtube	MV	MP4	False	Very goog	AM_003				group A	Uploaded								
346	STT_AM_AB0344	4	https://docs.google.com/document/d/1GErGFvjWFxJKttNFDNCtJiawAtyeRcpPyKwvp0kqZwk/edit?usp=sharing	text	https://youtu.be/5Ln0ImJIe0U?si=Ka3OUZPx3kDZ-kB4	0:12:48	Youtube	MV	MP4	False	Very goog	AM_003				group A	Uploaded								
347	STT_AM_AB0345	5	https://docs.google.com/document/d/1TdZ9WvH_2ZAjrYvtogVEek2ALTzHzKurS2VkymVI5-g/edit?usp=sharing	text	https://youtu.be/eG5AYy00I9g?si=e3BtRUFBKJj6dkT2	0:11:38	Youtube	MV	MP4	False	Very goog	AM_003				group A	Uploaded								
348	STT_AM_AB0346	6	https://docs.google.com/document/d/15LPJhAk9EfPokYi0X6pJAMU025ZiNVXg1EHXq_kK_sA/edit?usp=sharing	text	https://youtu.be/EVcx0oQyQkg?si=9Tac4Wl1mApNHsON	0:12:08	Youtube	MV	MP4	False	Very goog	AM_003				group A	Uploaded								
349	STT_AM_AB0347	7	https://docs.google.com/document/d/17fWUget0GAxXgQUnFcDwptQIaMPfX2ZoXqAWL5Pt_4Y/edit?usp=sharing	text	https://youtu.be/R_h7cOd-jwQ?si=zJZ6CQnDusZOhMet	0:10:09	Youtube	MV	MP4	False	Very goog	AM_003				group A	Uploaded								
350	STT_AM_AB0348	8	https://docs.google.com/document/d/1lmiIwDfxMDphPX2HVrNgx3BUVykxT5DGXrFH5Xgofm8/edit?usp=sharing	text	https://youtu.be/CokEWki2lzk?si=76nFv72OWIalStqY	0:16:07	Youtube	MV	MP4	False	Very goog	AM_003				group A	Uploaded								
351	STT_AM_AB0349	9	https://docs.google.com/document/d/1XhILJcE_xu74bo146sxXgL10IspZFW7KNXr3jJJaWfw/edit?usp=sharing	text	https://youtu.be/coS7jKxn3O8?si=QGGY4mf-TFsLW1qr	0:59:30	Youtube	MV	MP4	False	Very goog	AM_003				group A	Uploaded								
352	STT_AM_AB0350	10	https://docs.google.com/document/d/1VawB2QqClbJpcG3rKgNdQla1fxpHxzQEb_KVh_jzmdE/edit?usp=sharing	text	https://youtu.be/H18UiF3L0r0?si=PDMr1pboZBwPekNY	0:10:57	Youtube	MV	MP4	False	Very goog	AM_003				group A	Uploaded								
353	STT_AM_AB0351	11	https://docs.google.com/document/d/1_QDLziqWfqt7h04AZRo3iZoC0wXq97H5O8z8M38Z5_Q/edit?usp=sharing	text	https://youtu.be/F2l8QsStGrE?si=OeXRH2ZfyHRQ1xNB	0:37:22	Youtube	MV	MP4	False	Very goog	AM_003				group A	Uploaded								
354	STT_AM_AB0352	12	https://docs.google.com/document/d/1u2ChPLKNTb7jKXWH_WE8lb_YaX84Wan5qMLrcItV4Jw/edit?usp=sharing	text	https://youtu.be/zv7zZHWzgj4?si=qmHO6buu5HF9DRjK	0:19:19	Youtube	MV	MP4	False	Very goog	AM_003				group A	Uploaded								
355	STT_AM_AB0353	13	https://docs.google.com/document/d/1BmK25y5Yta426eUIZLe90TvfQFkPmw2ui2qrcDJ1OxY/edit?usp=sharing	text	https://youtu.be/AQZqkOcV4hI?si=R35B0lw0oekHXqh1	0:07:48	Youtube	MV	MP4	False	Very goog	AM_003				group A	Uploaded								
356	STT_AM_AB0354	14	https://docs.google.com/document/d/1b80zxRrcmCq__7FZ3CYoPGM40fsiIGu8xH_wm-Nh_Dg/edit?usp=sharing	text	https://youtu.be/GTa1RAKuO7A?si=cad6OouCngddHVIw	0:15:11	Youtube	MV	MP4	False	Very goog	AM_003				group A	Uploaded								
357	STT_AM_AB0355	15	https://docs.google.com/document/d/1Tg5h0cTYlgJnbIMZAmVBmQb-bt0KAI0tC03FFKviY2o/edit?usp=sharing	text	https://youtu.be/6L-AcdBX-VU?si=naTYIuHSIO42HESi	0:06:30	Youtube	MV	MP4	False	Very goog	AM_003				group A	Uploaded								
358	STT_AM_AB0356	16	https://docs.google.com/document/d/1gro-GJB1lHpEyzYyCTtIAJJ0ESVUZacWs9-_SzsBkKM/edit?usp=sharing	text	https://youtu.be/O6Tz5ymvNmI?si=6P4AIHJoGqogyAZ-	0:08:16	Youtube	MV	MP4	False	Very goog	AM_003				group A	Uploaded								
359	STT_AM_AB0357	17	https://docs.google.com/document/d/1Z5fMWp-l4HeQhmltFNcXasCo2QGu8LlA_AxixCXU9A8/edit?usp=sharing	text	https://youtu.be/rTrNCf1GOuc?si=SpWBtTcrGsqM8qLS	0:06:26	Youtube	MV	MP4	False	Very goog	AM_003				group A	Uploaded								
360	STT_AM_AB0358	18	https://docs.google.com/document/d/1hE5sZsgq6XeIcFuAQaZL4v3W-ckM7Im88jYhylU_CJE/edit?usp=sharing	text	https://youtu.be/0NKGwEqtRtQ?si=vAreSXYffgxPYc7a	0:34:12	Youtube	MV	MP4	False	Very goog	AM_003				group A	Uploaded								
361	STT_AM_AB0359	19	https://docs.google.com/document/d/1yHlxdsGcOt2CGTBwWhH6u3nx83m2ISeGehq_8Vn7EhI/edit?usp=sharing	text	https://youtu.be/dfDY77mLCUs?si=nkbYyX5vHWc9FxCN	0:29:39	Youtube	MV	MP4	False	Very goog	AM_003				group A	Uploaded								
362	STT_AM_AB0360	20	https://docs.google.com/document/d/1VvhIPz9qGQ9hRHhrGHJGv1Gq63x56xp_XjNLzZsujAk/edit?usp=sharing	text	https://youtu.be/3yQVRvjCG84?si=lZ_o1BpCoon1RTBP	0:12:03	Youtube	MV	MP4	False	Very goog	AM_003				group A	Uploaded								
363	STT_AM_AB0361	21	https://docs.google.com/document/d/1aKhIYsD7p0E8f61UmrHaiZK0GAJGmPhbo1BoHumr1JY/edit?usp=sharing	text	https://youtu.be/EGo28nO9w6s?si=V0NUQV_xsECe2qDp	0:14:42	Youtube	MV	MP4	False	Very goog	AM_003				group A	Uploaded								
364	STT_AM_AB0362	22	https://docs.google.com/document/d/1EmwFVkT2y6qfGxMLy1T_vE-lmWPf__5c0uYTCPiDXkc/edit?usp=sharing	text	https://youtu.be/Ykp8Q-hMqCo?si=JU39srJCjWx8S6s6	0:09:59	Youtube	MV	MP4	False	Very goog	AM_003				group A	Uploaded								
365	STT_AM_AB0363	23	https://docs.google.com/document/d/1VhxeccMAWLP6VfWt-48TJbx6h3dfYBt5lhw1fm3_FEo/edit?usp=sharing	text	https://youtu.be/_dqZyg7RH2Y?si=0bWiJvk-vLdLG8nw	0:06:53	Youtube	MV	MP4	False	Very goog	AM_003				group A	Uploaded								
366	STT_AM_AB0364	24	https://docs.google.com/document/d/1Ie7Nb2cHQdRM0uEM3oMG02WZnV-9YOAyn-MIbz29RtI/edit?usp=sharing	text	https://youtu.be/8jgY5hw4Al0?si=YQSNQZhUq1bifm-t	0:06:53	Youtube	MV	MP4	False	Very goog	AM_003				group A	Uploaded								
367	STT_AM_AB0365	25	https://docs.google.com/document/d/1vYQzeVFbhjlCZZ2Ll3UjGEZ6o6A2XlkdxAXA5mZ6Z-M/edit?usp=sharing	text	https://youtu.be/v1HPiDQHlwM?si=GQF2_V8l-ZG5UE7P	0:44:31	Youtube	MV	MP4	False	Very goog	AM_003				group A	Uploaded								
368	STT_AM_AB0366	26	https://docs.google.com/document/d/1AkDvHSqM9ublQ4omVp8BKIV9o7TNhEDHUUrlI9UM--s/edit?usp=sharing	text	https://youtu.be/XzLUZeObzPU?si=HWe980N7QyQ5olTY	0:08:39	Youtube	MV	MP4	False	Very goog	AM_003				group A	Uploaded								
369	STT_AM_AB0367	27	https://docs.google.com/document/d/1ORiDlv1HHJgi9U3_AyYbRA8B06fNZjOfZIiVum5rdCI/edit?usp=sharing	text	https://youtu.be/7cpoH6H7P0s?si=VyHoVxc3jDw6F_oB	0:06:16	Youtube	MV	MP4	False	Very goog	AM_003				group A	Uploaded								
370	STT_AM_AB0368	28	https://docs.google.com/document/d/1v8p_JthGrcmQM-jG5A40hSTSKQ-Oyg3PNCXYTnqgCNg/edit?usp=sharing	text	https://youtu.be/br2VrzplS0U?si=35HWYBQ0A-1kBahb	0:35:57	Youtube	MV	MP4	False	Very goog	AM_003				group A	Uploaded								
371	STT_AM_AB0369	29	https://docs.google.com/document/d/19CRmsEP4dadfyb1aaUmRG0rWz_um9mn_mjMCBmGG2ho/edit?usp=sharing	text	https://youtu.be/_VepYrEXT3U?si=y0WB19qCUBwrExwE	0:09:47	Youtube	MV	MP4	False	Very goog	AM_003				group A	Uploaded								
372	STT_AM_AB0370	30	https://docs.google.com/document/d/1HmNv1KwtBRCCmTQSwmCXeZNBaIVZ4QN9KVt3l1HZ3L0/edit?usp=sharing	text	https://youtu.be/zJFVA9_6niY?si=2dpe8RRyM0_VbT5s	0:19:45	Youtube	MV	MP4	False	Very goog	AM_003				group A	Uploaded								
373	STT_AM_AB0371	31	https://docs.google.com/document/d/1nsO0pBgRLamZBxTDuFvaARgS4sL9nO90pK1eZDKCAU8/edit?usp=sharing	text	https://youtu.be/SzH9UKNL5OE?si=rXfK87RI6oYsZxEj	0:44:01	Youtube	MV	MP4	False	Very goog	AM_003				group A	Uploaded								
374	STT_AM_AB0372	32	https://docs.google.com/document/d/1Rt8sEtM_mQnT1Bp1sTcvz-3AWngPrACHnFhJZxBInYc/edit?usp=sharing	text	https://youtu.be/DyBdWRE-M84?si=4owiyu_IeE3WwSxX	0:11:41	Youtube	MV	MP4	False	Very goog	AM_003				group A	Uploaded								
375	STT_AM_AB0373	33	https://docs.google.com/document/d/1tK90kgman7J6IXZrh8IU_1w3rW0VHxeBWsXxFH4sJLs/edit?usp=sharing	text	https://youtu.be/1Acr9ng92cc?si=9Bm9Jwj4cgv_tZu5	0:08:32	Youtube	MV	MP4	False	Very goog	AM_003				group A	Uploaded								
376	STT_AM_AB0374	34	https://docs.google.com/document/d/1Y4HLlASSnBbPA3f5-7su2MBXY-X-7FQ7RTT8yw7LtD0/edit?usp=sharing	text	https://youtu.be/L_poHM6KY_I?si=HUPQWQzrl4yLFUEh	0:15:00	Youtube	MV	MP4	False	Very goog	AM_003				group A	Uploaded								
377	STT_AM_AB0375	35	https://docs.google.com/document/d/1BQ9aH3ma1Hpk5zuayCyN0lNQqOzjG_AupPREAdPl6T4/edit?usp=sharing	text	https://youtu.be/GzoA_hmUDmc?si=-HpHwisIWkkJGMQC	0:09:37	Youtube	MV	MP4	False	Very goog	AM_003				group A	Uploaded								
378	STT_AM_AB0376	36	https://docs.google.com/document/d/1-7WvzNh2c679FAkTfeqGPNV51cCAvDuDSfg2bSilbJw/edit?usp=sharing	text	https://youtu.be/RtxDUqAads8?si=vSGb4uI_AG5ZMhKc	0:10:59	Youtube	MV	MP4	False	Very goog	AM_003				group A	Uploaded								
379	STT_AM_AB0377	37	https://docs.google.com/document/d/18Atb1sSSpqmD2e7CDa7kBT05n1ZvN78JY0Cb85tTVsY/edit?usp=sharing	text	https://youtu.be/Sw1X7YjSZwA?si=5w6oFXOv_R0Fd6Ne	0:09:17	Youtube	MV	MP4	False	Very goog	AM_003				group A	Uploaded								
380	STT_AM_AB0378	38	https://docs.google.com/document/d/1AHrPhpSudGnKdlGypzaIlukpb993-suZLQg0IT8QerM/edit?usp=sharing	text	https://youtu.be/buIyEYrCsKo?si=pssFdbhN3NZ2jX5b	0:07:44	Youtube	MV	MP4	False	Very goog	AM_003				group A	Uploaded								
381	STT_AM_AB0379	39	https://docs.google.com/document/d/1fxDHsJSY6dxFst9b_mvSmSdgjYmE9Itp-lCSQpuahds/edit?usp=sharing	text	https://youtu.be/GLTgAXIqP8w?si=a2GmxHOWmGOFl_nC	0:13:38	Youtube	MV	MP4	False	Very goog	AM_003				group A	Uploaded								
382	STT_AM_AB0380	40	https://docs.google.com/document/d/1URxk2SFhbGZN6Rd2ZAGlCW9abo9gKKO1cZalqx0PBrk/edit?usp=sharing	text	https://youtu.be/cy5jP6UYFmI?si=lhXv6hZwDbWdlLCd	0:08:19	Youtube	MV	MP4	False	Very goog	AM_003				group A	Uploaded								
383	STT_AM_AB0381	41	https://docs.google.com/document/d/1B6FcsXmyDmQGOpLW3zTe-6sc8a7hXogqrCWVHW27NMo/edit?usp=sharing	text	https://youtu.be/E5FCB5PFN58?si=nxQEoA04Z1ZRbauN	0:15:48	Youtube	MV	MP4	False	Very goog	AM_003				group A	Uploaded								
384	STT_AM_AB0382	42	https://docs.google.com/document/d/1lG_pQIofnWAu8BVR0BOKztnMYbhIBCCwd1h4mXiheGc/edit?usp=sharing	text	https://youtu.be/FMVY-a3Am8M?si=1Hz07Vdj_WZ8mfI4	0:12:36	Youtube	MV	MP4	False	Very goog	AM_003				group A	Uploaded								
385	STT_AM_AB0383	43	https://docs.google.com/document/d/1-H7USDzgrEfX45lEiwx0HYjoqI-_z0AmzAzgboBITao/edit?usp=sharing	text	https://youtu.be/lq4lywbMRdM?si=U-EzWpZ7dr-im8y7	0:10:11	Youtube	MV	MP4	False	Very goog	AM_003				group A	Uploaded								
386	STT_AM_AB0384		https://docs.google.com/document/d/1jat90gb6RwrXFkdTM2FfrD_B13EAUKTVDA-2BjVeCY0/edit?usp=sharing	text	https://youtu.be/j00FZoNL-RI?si=QJiInJ_u_ean4fVk	0:10:49	Youtube	MV	MP4	False	Very goog	AM_003				group A	Uploaded								
387	STT_AM_AB0385	2	https://docs.google.com/document/d/1XyumVgJHfw0WhN2fTQ4hp6Bnx0vnB3aTRLirFy33Z30/edit?usp=sharing	text	https://youtu.be/ix5U5RZRzDY?si=TrM3kSIT34Ff4sR0	0:12:43	Youtube	MV	MP4	False	Very goog	AM_003				group A	Uploaded								
388	STT_AM_AB0386	3	https://docs.google.com/document/d/1Tl6clz02iIVoA9PMhfnpv56gzZlD0elXL6dlCgvjwQI/edit?usp=sharing	text	https://youtu.be/JJuHcSbYQVQ?si=7InPAbGwJ5e30h5K	0:13:33	Youtube	MV	MP4	False	Very goog	AM_003				group A	Uploaded								
389	STT_AM_AB0387	4	https://docs.google.com/document/d/1xVyX6RpHXQmwWqnkVz8dmW8Q769V3kVeTSiPaidmsyQ/edit?usp=sharing	text	https://youtu.be/v-dqaaqG3nc?si=IAiSuKg0ZyqlHTeL	0:13:48	Youtube	MV	MP4	False	Very goog	AM_003				group A	Uploaded								
390	STT_AM_AB0388	5	https://docs.google.com/document/d/1dUpcVqQBILL0tdSvPyvhTmMTEh2OX8pNgqIR-g3q-7w/edit?usp=sharing	text	https://youtu.be/9fTuBhThPkE?si=6wMgZ5paW5e4W0Ko	0:15:18	Youtube	MV	MP4	False	Very goog	AM_003				group A	Uploaded								
391	STT_AM_AB0389	6	https://docs.google.com/document/d/1f3kZ9WGdPO93Ot-4wiJXHZ-aMYjV3hPQH3EHkoX9TeA/edit?usp=sharing	text	https://youtu.be/kCc_kWvt4gE?si=c0QUofmDdSmAvNiZ	0:13:51	Youtube	MV	MP4	False	Very goog	AM_003				group A	Uploaded								
392	STT_AM_AB0390	7	https://docs.google.com/document/d/1aR2UId_W6B8qstuMm1u8mmb41Kn1BOB7xj0s8NpwZxQ/edit?usp=sharing	text	https://youtu.be/m27Y5ErjBuE?si=YAFLvd_C6RsDN5OJ	0:16:10	Youtube	MV	MP4	False	Very goog	AM_003				group A	Uploaded								
393	STT_AM_AB0391	8	https://docs.google.com/document/d/1-FqnSh1QFPQAaJK7G80OqiDOCNSSKEmRYMachHULKiI/edit?usp=sharing	text	https://youtu.be/VBoSaDaX1Cw?si=akUFRkmpXHmLgcmf	0:17:25	Youtube	MV	MP4	False	Very goog	AM_003				group A	Uploaded								
394	STT_AM_AB0392	9	https://docs.google.com/document/d/1nyHmSm066u-47xgMertLfSJvuOUp9Dx4HQvPZeOfz_A/edit?usp=sharing	text	https://youtu.be/VIIPvg5B-RA?si=toT5J5t00zkGxWVa	0:14:17	Youtube	MV	MP4	False	Very goog	AM_003				group A	Uploaded								
395	STT_AM_AB0393	10	https://docs.google.com/document/d/19dVoe0nNuEGwnUd4gOwVnJkCp3_jxkXNvEwRI9hDXkw/edit?usp=sharing	text	https://youtu.be/2JiXk64g_mw?si=QMvgEL21lqH7OAYW	0:17:00	Youtube	MV	MP4	False	Very goog	AM_003				group A	Uploaded								
396	STT_AM_AB0394	11	https://docs.google.com/document/d/1kGw54XZ5TH80aTgpg-i08LPpvCmhs7Voak0IpQbTn88/edit?usp=sharing	text	https://youtu.be/nxIhJG0U_W0?si=WZy5HjC_pB3scaX_	0:14:31	Youtube	MV	MP4	False	Very goog	AM_003				group A	Uploaded								
397	STT_AM_AB0395	12	https://docs.google.com/document/d/1P_m2ycBQIPnuY_s8LGPsFxtt_wF9ajeygKofTrKptls/edit?usp=sharing	text	https://youtu.be/XGN7qQo1Sx4?si=hsOQzffFBVs3CLJO	0:14:04	Youtube	MV	MP4	False	Very goog	AM_003				group A	Uploaded								
398	STT_AM_AB0396	13	https://docs.google.com/document/d/1awBmOVOcA7SjIGURiWYNc9n5b_8_0TkY467K4_4feyc/edit?usp=sharing	text	https://youtu.be/e7hL63YopAw?si=MwZJraHEuSR_OI0W	0:15:05	Youtube	MV	MP4	False	Very goog	AM_003				group A	Uploaded								
399	STT_AM_AB0397		https://docs.google.com/document/d/1hW8yyN4v_DE8KvT5585ESF3hmA4c6vwb0x7k72wcbAQ/edit?usp=sharing	text	https://youtu.be/E5Uit7s4l6I?si=sM4TXMOKjTosmmku	0:34:57	Youtube	MV	MP4	False	Very goog	AM_0001				group A	Uploaded								
400	STT_AM_AB0398		https://docs.google.com/document/d/1nWER07cONO6DIPtri7AqR-uzAWyQGo7Q2o-kWq9c5zE/edit?usp=sharing	text	https://youtu.be/ScIUcSXXNTw?si=lO48v6gUV1WvBR6X	0:19:03	Youtube	MV	MP4	False	Very goog	AM_0001				group A	Uploaded								
401	STT_AM_AB0399		https://docs.google.com/document/d/1VNI0aEjTCh0p4814M-scvd_2ymSxJFZxSNXXYx-dVaE/edit?usp=sharing	text	https://youtu.be/exH2LHhd9GI?si=HLa5Cjgxbqxc2wvZ	0:13:39	Youtube	MV	MP4	False	Very goog	AM_0002				group A	Uploaded								
402	STT_AM_AB0400		https://docs.google.com/document/d/1r3tJqjcqkbEf3gY0_dRD13rBE3ULJONFJiud1ZQS3mM/edit?usp=sharing	text	https://youtu.be/fG3vrntCEGU?si=SI5Ec3g4umon606Z	0:11:53	Youtube	MV	MP4	False	GOOD	AM_003				group A	Uploaded								
403	STT_AM_AB0401	2	https://docs.google.com/document/d/1fvIrKpy2ALm-Ehy21pPyyENFz4jeDnmaivO_x0r0MJU/edit?usp=sharing	text	https://youtu.be/jpnRI1fe4d0?si=3uRmnKBz0zlS89TP	0:10:39	Youtube	MV	MP4	False	GOOD	AM_003				group A	Uploaded								
404	STT_AM_AB0402	3	https://docs.google.com/document/d/1y0l06EnPmV2VpZE8CDrkUf1HBsJ6W4RhtLYrhO89ZC4/edit?usp=sharing	text	https://youtu.be/PTiDtVcuppw?si=mouW0y1lPepeDk38	0:12:42	Youtube	MV	MP4	False	GOOD	AM_004				group A	Uploaded								
405	STT_AM_AB0403	4	https://docs.google.com/document/d/1h2HOkewwapRBcmTk3zCJ0e0wiC-Ry9lXEoiADEeMw1Y/edit?usp=sharing	text	https://youtu.be/zbHcgJO_pPM?si=eLAjogjsm1BQzMJV	0:12:38	Youtube	MV	MP4	False	GOOD	AM_004				group A	Uploaded								
406	STT_AM_AB0404	5	https://docs.google.com/document/d/1w_mqPyyJBnwIvNBa04e6894LuGNf7kx_5gzM8GDNwlU/edit?usp=sharing	text	https://youtu.be/e7kWUNCUyfA?si=RNtdUhbdRlBUNOAr	0:13:31	Youtube	MV	MP4	False	GOOD	AM_004				group A	Uploaded								
407	STT_AM_AB0405	6	https://docs.google.com/document/d/17cWvpUuqMZ0lvXi5qudiLiCNJ88Vw8Pdfjyp9ZNbSZ8/edit?usp=sharing	text	https://youtu.be/BudpANp16Kc?si=xCkTdp1GEgj5q8ly	0:13:11	Youtube	MV	MP4	False	GOOD	AM_004				group A	Uploaded								
408	STT_AM_AB0406	7	https://docs.google.com/document/d/1H3qJz9fnLgsnubf2onqrKmD8H6vut2h5_PpF0ASR4UU/edit?usp=sharing	text	https://youtu.be/_fvD9CAHGCc?si=CPle2l5EPDlnrbKb	0:13:16	Youtube	MV	MP4	False	GOOD	AM_004				group A	Uploaded								
409	STT_AM_AB0407	8	https://docs.google.com/document/d/1MX4AtrMG4sOPMjlzhIZggq1jlpSHitpDvre2tMwQucQ/edit?usp=sharing	text	https://youtu.be/XkDO0dIhcNw?si=EPKwcKtC1ABquzSN	0:12:34	Youtube	MV	MP4	False	GOOD	AM_004				group A	Uploaded								
410	STT_AM_AB0408	9	https://docs.google.com/document/d/12qgZis2LQxahHgEiYWT0DmXHFXDphc-LDBrfG2cF18w/edit?usp=sharing	text	https://youtu.be/MBdTccYeYXU?si=uxtuxuDr-kKnKfvu	0:12:22	Youtube	MV	MP4	False	GOOD	AM_004				group A	Uploaded								
411	STT_AM_AB0409	10	https://docs.google.com/document/d/17ekfHI10A_8_3BEPl4_ti6c74xO5fGVc7FqBY-VUjAA/edit?usp=sharing	text	https://youtu.be/fWgkfBpyb0Q?si=MvADuI-5LmprL_3u	0:12:47	Youtube	MV	MP4	False	GOOD	AM_004				group A	Uploaded								
412	STT_AM_AB0410	11	https://docs.google.com/document/d/1dp3zaAoOuzDXEwyTB1haO4pZs-6j0Tw_-WExkPVhYf0/edit?usp=sharing	text	https://youtu.be/pp-Ggzit0LM?si=ymKjI96bhl5_bI1u	0:13:10	Youtube	MV	MP4	False	GOOD	AM_004				group A	Uploaded								
413	STT_AM_AB0411	12	https://docs.google.com/document/d/1acF9SJyIZ_MyGx10XXxYLcM2wqGwJp5BxqnadTpTGbQ/edit?usp=sharing	text	https://youtu.be/AwTZK-885Ww?si=asgiBBfj2bvIIt8P	0:13:02	Youtube	MV	MP4	False	GOOD	AM_004				group A	Uploaded								
414	STT_AM_AB0412	13	https://docs.google.com/document/d/1_1eG9nW0xSdoVSQmf18DZcozyXFWidlaGWlWb2oB9nQ/edit?usp=sharing	text	https://youtu.be/EGKzfHzM3gg?si=tYdwXFl9YHU_JZEc	0:14:28	Youtube	MV	MP4	False	GOOD	AM_004				group A	Uploaded								
415	STT_AM_AB0413	14	https://docs.google.com/document/d/1MnvVNID8l_iff69AcMenynAEy4NRO4NAULhNso65Ums/edit?usp=sharing	text	https://youtu.be/fPpZIYk3oCA?si=ibInjPqVt0tLBLqn	0:14:13	Youtube	MV	MP4	False	GOOD	AM_004				group A	Uploaded								
416	STT_AM_AB0414	15	https://docs.google.com/document/d/1oOar9LsLdqAqubKATec_44hKYTsC6en3ymywOgkpduQ/edit?usp=sharing	text	https://youtu.be/B511wfd6cEM?si=UyXcY_DcpJlHb7EV	0:12:53	Youtube	MV	MP4	False	GOOD	AM_004				group A	Uploaded								
417	STT_AM_AB0415	16	https://docs.google.com/document/d/1Il13FEVjffH0Qc1TtgaUj1ZRO7bt4q2UPo9W1dNVDKw/edit?usp=sharing	text	https://youtu.be/MD3kzgHk5Vg?si=q09cIPFUrtRB0ABs	0:11:43	Youtube	MV	MP4	False	GOOD	AM_004				group A	Uploaded								
418	STT_AM_AB0416	17	https://docs.google.com/document/d/1w8Dy4-AlpRQogyUDp34raJ-3tLinjM4yqw3_yXBSTPM/edit?usp=sharing	text	https://youtu.be/197Zf5bRvqE?si=PfGpQBZwkn0OQUnc	0:13:33	Youtube	MV	MP4	False	GOOD	AM_004				group A	Uploaded								
419	STT_AM_AB0417	18	https://docs.google.com/document/d/1iHjocJDo11lIF3UTlgKYJthsOk4bLlGsrH-rlU3hl4A/edit?usp=sharing	text	https://youtu.be/mIAza830g24?si=25WyYBnBU9KpJXIU	0:13:06	Youtube	MV	MP4	False	GOOD	AM_004				group A	Uploaded								
420	STT_AM_AB0418	19	https://docs.google.com/document/d/19crjOTOST7s5RYw2coaulqiyempD9YZpVRZ-qjbMd3Q/edit?usp=sharing	text	https://youtu.be/gMaYoaOnrpc?si=3STHpi2jDyp3N0f7	0:12:59	Youtube	MV	MP4	False	GOOD	AM_004				group A	Uploaded								
421	STT_AM_AB0419	20	https://docs.google.com/document/d/1CBTUBsvd7ns_wcbqXNI9fYt9XLOX06E1AW285Gv7gFA/edit?usp=sharing	text	https://youtu.be/RvcwKl1ZbPM?si=E6ebMiSNS19amL00	0:14:58	Youtube	MV	MP4	False	GOOD	AM_004				group A	Uploaded								
422	STT_AM_AB0420	21	https://docs.google.com/document/d/1xGFG18rYyk0eF-BpKuELQVHAFKoOMPiLQp9Iv7Lx2Ac/edit?usp=sharing	text	https://youtu.be/URGCe_Eg4aI?si=NedO6xIG0mOUZ8L0	0:15:12	Youtube	MV	MP4	False	GOOD	AM_004				group A	Uploaded								
423	STT_AM_AB0421	22	https://docs.google.com/document/d/1W_kzJ01Py7xkWcE6rGOJuEKJiGahPjKcBVi_-McWu4Q/edit?usp=sharing	text	https://youtu.be/AHbZUzR4GrI?si=vqK1Ck532QoeXY1r	0:11:54	Youtube	MV	MP4	False	GOOD	AM_004				group A	Uploaded								
424	STT_AM_AB0422		https://docs.google.com/document/d/19Q4SnvOGEnxW2e9KKWxjewvQ6lLyHyluHwuIw6hxhhg/edit?usp=sharing	text	https://youtu.be/QjAW-GPO8M8?si=xwg2q3qkYyUDN6vi	0:14:14	Youtube	MV	MP4	False	GOOD	AM_004				group A	Uploaded								
425	STT_AM_AB0423	2	https://docs.google.com/document/d/1vsihU1YtNwivcFSQ6d4x3DmO5cUk3en7aH6Vriud-kQ/edit?usp=sharing	text	https://youtu.be/-clWWV28-Z0?si=5eQzsURCsNVcd2-1	0:14:47	Youtube	MV	MP4	False	GOOD	AM_004				group A	Uploaded								
426	STT_AM_AB0424	3	https://docs.google.com/document/d/1IfwlN0TKQjjKyAx-Nl8PDiYGwm0OqlaxP7k4xv5U8CY/edit?usp=sharing	text	https://youtu.be/ZS3jCGbfFqk?si=5xy_KGmAvUjfkhG2	0:14:53	Youtube	MV	MP4	False	GOOD	AM_004				group A	Uploaded								
427	STT_AM_AB0425	4	https://docs.google.com/document/d/1V872x0pa6QyPiXyELNanjMteiGM8LgxfYLj0dbT4S0Y/edit?usp=sharing	text	https://youtu.be/AFUC2mTaWfA?si=zxADjVpozHOob-rv	0:14:53	Youtube	MV	MP4	False	GOOD	AM_004				group A	Uploaded								
428	STT_AM_AB0426	5	https://docs.google.com/document/d/1WA5NihPa2lUjWeFETBV0szqDlHTtfnQMvOfKpCvNnm0/edit?usp=sharing	text	https://youtu.be/ehFMZFaAPnI?si=ZmErynm7EAQ8wd7t	0:15:26	Youtube	MV	MP4	False	GOOD	AM_004				group A	Uploaded								
429	STT_AM_AB0427	6	https://docs.google.com/document/d/1THGEOm2hzMLS6zU6NYcycMxFeWSZzIkSMpko0W4mYBs/edit?usp=sharing	text	https://youtu.be/ptoARlutNnU?si=nzW30CYMsvMt4on1	0:15:25	Youtube	MV	MP4	False	GOOD	AM_004				group A	Uploaded								
430	STT_AM_AB0428	7	https://docs.google.com/document/d/1CU-DLH7HiSR1poBzHMbP2hNhrQxHCAwJUM-eujDwZXw/edit?usp=sharing	text	https://youtu.be/bqTz5jbtplw?si=6EdWLhtebHenJrKb	0:14:52	Youtube	MV	MP4	False	GOOD	AM_004				group A	Uploaded								
431	STT_AM_AB0429	8	https://docs.google.com/document/d/18CuVwzVt3rclHRXOfaAWKOB_mlVHY4jQi-ZGFHAhv-M/edit?usp=sharing	text	https://youtu.be/xFFQ4hyK3Ys?si=2VcH2T6md894cUcL	0:15:10	Youtube	MV	MP4	False	GOOD	AM_004				group A	Uploaded								
432	STT_AM_AB0430	9	https://docs.google.com/document/d/1nyt45QGkoWkufUXejllyuOVpgsKv0Zvykr34ia8E4QE/edit?usp=sharing	text	https://youtu.be/JqXOl7iJGUY?si=ZCFcpNoZisei5QQm	0:15:11	Youtube	MV	MP4	False	GOOD	AM_004				group A	Uploaded								
433	STT_AM_AB0431	10	https://docs.google.com/document/d/12K14BZq8khDPDW9tDnuWGhk9AUVi4tZ_igdibDBt1W0/edit?usp=sharing	text	https://youtu.be/K-LJgyqHEEg?si=kkKPCXbk8vFiQDCY	0:15:05	Youtube	MV	MP4	False	GOOD	AM_004				group A	Uploaded								
434	STT_AM_AB0432	11	https://docs.google.com/document/d/1lEI_sSIEGeT23DzYS6oP5TrVOtviksftkQ__UiMqWt4/edit?usp=sharing	text	https://youtu.be/K-dLh_N4eD0?si=jRE8_k3ulTcPQ39X	0:15:06	Youtube	MV	MP4	False	GOOD	AM_004				group A	Uploaded								
435	STT_AM_AB0433	12	https://docs.google.com/document/d/1PwmrSJVTQaAIvmXhnpeQPCbuaKYljXxodwNgCfmtkEY/edit?usp=sharing	text	https://youtu.be/uZ_LHFLySBg?si=D4RtiFEaA2rqhakm	0:14:53	Youtube	MV	MP4	False	GOOD	AM_004				group A	Uploaded								
436	STT_AM_AB0434	13	https://docs.google.com/document/d/1rFHWfjCfx6Ly0qqEtrRLtXg6gasm_3Sr-H-fIO48YV4/edit?usp=sharing	text	https://youtu.be/G3FlFo-O1Cw?si=mQSLHaUmUHzHPSEQ	0:15:28	Youtube	MV	MP4	False	GOOD	AM_004				group A	Uploaded								
437	STT_AM_AB0435	14	https://docs.google.com/document/d/1YyDspfEfePQlb7b9vaZunuIGISXJM31A70nY9VuyWhk/edit?usp=sharing	text	https://youtu.be/GgVb9rNEXro?si=CQlFbswKWx3OcK1g	0:15:11	Youtube	MV	MP4	False	GOOD	AM_004				group A	Uploaded								
438	STT_AM_AB0436	15	https://docs.google.com/document/d/1hC2m1gOrw1NL69Mz_sDroThnLAAitTWtwSvSgSxHiw8/edit?usp=sharing	text	https://youtu.be/9j4H-XLJoJk?si=ahiyVUCScJ8h6BrF	0:15:42	Youtube	MV	MP4	False	GOOD	AM_004				group A	Uploaded								
439	STT_AM_AB0437	16	https://docs.google.com/document/d/1k9jkt5vf2HGHlwNwHs1srQdOmw6dBCa6vQj3jtCEa_s/edit?usp=sharing	text	https://youtu.be/icVxFF91J1U?si=EwRQBPZ8fAn-CD-y	0:15:19	Youtube	MV	MP4	False	GOOD	AM_004				group A	Uploaded								
440	STT_AM_AB0438	17	https://docs.google.com/document/d/1v1f2StDMzosRtWvNxPL6SqF4h26se-inqovjti8LTOQ/edit?usp=sharing	text	https://youtu.be/eHjVn8RX3Pw?si=sFqEnbOYWSOlQvkg	0:15:05	Youtube	MV	MP4	False	GOOD	AM_004				group A	Uploaded								
441	STT_AM_AB0439	18	https://docs.google.com/document/d/1xwTY-lykKLnaaNixtCyybrgiaJ9oWLWOsvzLf5XFZdI/edit?usp=sharing	text	https://youtu.be/2ILsHZHulwE?si=woJy-Vezd995oGhL	0:15:09	Youtube	MV	MP4	False	GOOD	AM_004				group A	Uploaded								
442	STT_AM_AB0440	19	https://docs.google.com/document/d/1Kbuv_nnYPxgdKYvgOuYmfan7B2SlQ2Uo762nllW_3Tw/edit?usp=sharing	text	https://youtu.be/IYNrVpOQXvk?si=3L313IF4xSVMGJzm	0:14:43	Youtube	MV	MP4	False	GOOD	AM_004				group A	Uploaded								
443	STT_AM_AB0441	20	https://docs.google.com/document/d/1u_ASP6A1zC5oU5fTBl6O2-DXFCoLxXPfoOtM9EJJJAM/edit?usp=sharing	text	https://youtu.be/LEC2pkcezoc?si=tOrLidCAEgx2WRyH	0:15:19	Youtube	MV	MP4	False	GOOD	AM_004				group A	Uploaded								
444	STT_AM_AB0442	21	https://docs.google.com/document/d/1KA5_82uIgU-7dzr52x-VYueWqoOWKnwYCSemY30aAVc/edit?usp=sharing	text	https://youtu.be/iNfwcr2mjoY?si=DnMgfIzOKhMgMwew	0:13:25	Youtube	MV	MP4	False	GOOD	AM_004				group A	Uploaded								
445	STT_AM_AB0443		https://docs.google.com/document/d/1S5VDeZbLNPmYIjRlUq8Q-qICFtsxtG-dq9-0PIsYouU/edit?usp=sharing	text	https://youtu.be/0hiYmee-jIA?si=5PP52hrWGqjb1e5s	0:19:57	Youtube	MV	MP4	False	GOOD	AM_004				group A	Uploaded								
446	STT_AM_AB0444	2	https://docs.google.com/document/d/1OQaX27ey7bCMJLjf_JQytE1FAX7Euynz_oMGp31u1fE/edit?usp=sharing	text	https://youtu.be/rRUlTJrO03Q?si=qTbrwxDiaog-w0th	0:20:06	Youtube	MV	MP4	False	GOOD	AM_004				group A	Uploaded								
447	STT_AM_AB0445	3	https://docs.google.com/document/d/1el4V1mY-9qt4wygJd9pJC0igaa8bGolY9FXZV_vn6I4/edit?usp=sharing	text	https://youtu.be/Jv8aN-2Rm2c?si=_WoghoKHtJleWhDi	0:19:46	Youtube	MV	MP4	False	GOOD	AM_004				group A	Uploaded								
448	STT_AM_AB0446	4	https://docs.google.com/document/d/1L6oBBD5kdvy5nsOE0j1Gfv3ATL6OGxVw3RblxuvGy2M/edit?usp=sharing	text	https://youtu.be/3_OKdB_rGgc?si=V5yv1-MmJWMYXC8T	0:19:50	Youtube	MV	MP4	False	GOOD	AM_004				group A	Uploaded								
449	STT_AM_AB0447	5	https://docs.google.com/document/d/1KUU9zKXv3SRQADaMCIRSSLrWxRWXL58UNvcVQNruSx4/edit?usp=sharing	text	https://youtu.be/ixI_VAkCQWc?si=8krFJIjoNoUBO6BH	0:19:47	Youtube	MV	MP4	False	GOOD	AM_004				group A	Uploaded								
450	STT_AM_AB0448	6	https://docs.google.com/document/d/13wUPpp74JOxWwXLktpgaRcR6IHzqmrP4ejH0DpPm_yU/edit?usp=sharing	text	https://youtu.be/pdsn6xO_rvA?si=zPZdqZ4DnGtfTNo5	0:17:24	Youtube	MV	MP4	False	GOOD	AM_004				group A	Uploaded								
451	STT_AM_AB0449	7	https://docs.google.com/document/d/1RqEcQjFJZ8Kf9_E3e7QEyglUY8JD_Qtgscv6uwHmc9E/edit?usp=sharing	text	https://youtu.be/L39gfOSiEcA?si=8ZJKU-NGS_GzTy5b	0:20:03	Youtube	MV	MP4	False	GOOD	AM_004				group A	Uploaded								
452	STT_AM_AB0450	8	https://docs.google.com/document/d/1Waj19fRw6LZFElV1ARP3XLznlcurKRn9rdrbtxJbOko/edit?usp=sharing	text	https://youtu.be/_8dBfhPKW2E?si=MW3gKp3kbHMabSFw	0:19:52	Youtube	MV	MP4	False	GOOD	AM_004				group A	Uploaded								
453	STT_AM_AB0451	9	https://docs.google.com/document/d/1UIbSFrYL0n7cmUgyH8rubLOvu5m-c7wYxq80EF7Klc8/edit?usp=sharing	text	https://youtu.be/b50HD4KXoW8?si=ILVH1_qg7WcA3kF1	0:19:23	Youtube	MV	MP4	False	GOOD	AM_004				group A	Uploaded								
454	STT_AM_AB0452	10	https://docs.google.com/document/d/1aJ-kX-NLBAiLLpo8UPvf_DgrvZgdhb3todGQUADMWRM/edit?usp=sharing	text	https://youtu.be/npwhQ-XLRPA?si=2O8hOT1e8B2-3O0I	0:19:33	Youtube	MV	MP4	False	GOOD	AM_004				group A	Uploaded								
455	STT_AM_AB0453	11	https://docs.google.com/document/d/1ADC2XnJhH6heMh2ZIBephkyS4SCCmoja2dbADVPUj0U/edit?usp=sharing	text	https://youtu.be/MoG8367odR0?si=d3gxKKyYsvgDn-dD	0:19:57	Youtube	MV	MP4	False	GOOD	AM_004				group A	Uploaded								
456	STT_AM_AB0454	12	https://docs.google.com/document/d/1cLTLp18Dsx7l8oB2WLU0HDeRmVSXgiimIYoRI4zZ-Qg/edit?usp=sharing	text	https://youtu.be/U55yAGj5hSc?si=qowCA7DJYlpoC0HO	0:20:35	Youtube	MV	MP4	False	GOOD	AM_004				group A	Uploaded								
457	STT_AM_AB0455	13	https://docs.google.com/document/d/1OHnsMN6UZhslPv3vFPN97Ln_GTkvX8F1ULXhcEdSSSY/edit?usp=sharing	text	https://youtu.be/5gl5109sWSA?si=eqxg-_vJHKGLr2CQ	0:19:39	Youtube	MV	MP4	False	GOOD	AM_004				group A	Uploaded								
458	STT_AM_AB0456	14	https://docs.google.com/document/d/1AwbU4lZaypPqkCEeexpcOi1k16q4eDtYo44QbW_BHgU/edit?usp=sharing	text	https://youtu.be/C0rS2-8UUM4?si=b4CCorji3vtykP-6	0:20:18	Youtube	MV	MP4	False	GOOD	AM_004				group A	Uploaded								
459	STT_AM_AB0457	15	https://docs.google.com/document/d/1QMgIK_cnb5mkXdBZSxavUQOEqhItPmL1JpYShuaiFdY/edit?usp=sharing	text	https://youtu.be/SiItInfvU2Y?si=9LYDXfu9fEc96jj0	0:19:53	Youtube	MV	MP4	False	GOOD	AM_004				group A	Uploaded								
460	STT_AM_AB0458	16	https://docs.google.com/document/d/1QC28q4ZSDU2clnfb05hYGy1KKTSrineWHXInXmOPFpk/edit?usp=sharing	text	https://youtu.be/YrWjkD6H6ls?si=a99o46jwe5hDgkga	0:19:53	Youtube	MV	MP4	False	GOOD	AM_004				group A	Uploaded								
461	STT_AM_AB0459	17	https://docs.google.com/document/d/1T2PznIQgv0Oj25OGQaqxYRugslp0Ksx1Cr5dH_6pjsY/edit?usp=sharing	text	https://youtu.be/2clNW7dN5xQ?si=cm-9dSb7Ct-8agaZ	0:20:52	Youtube	MV	MP4	False	GOOD	AM_004				group A	Uploaded								
462	STT_AM_AB0460	18	https://docs.google.com/document/d/1hxtVWPZ2CLfYkbcbAxLxdjSjdA1YHRSLiQ0rS_TxLew/edit?usp=sharing	text	https://youtu.be/6N-T73kjHNE?si=FsbNz-TphuHQRJBL	0:20:00	Youtube	MV	MP4	False	GOOD	AM_004				group A	Uploaded								
463	STT_AM_AB0461	19	https://docs.google.com/document/d/1UgkSSQCSL757SPJKPW8TuYvcFSXvi68tntMSfn5H1YM/edit?usp=sharing	text	https://youtu.be/ZZT7KnT2wKY?si=Bda97FADOvb82cET	0:21:01	Youtube	MV	MP4	False	GOOD	AM_004				group A	Uploaded								
464	STT_AM_AB0462	20	https://docs.google.com/document/d/14eji76mr79L9ytpB_QkgOmeBYEkRyFOgt682TEsFJuk/edit?usp=sharing	text	https://youtu.be/1RNIsC14bRY?si=G5f03B_64oHG9wZb	0:23:21	Youtube	MV	MP4	False	GOOD	AM_004				group A	Uploaded								
465	STT_AM_AB0463		https://docs.google.com/document/d/1GAgl_RHZSbu0pMYsDqQcs9kbgKtECQs8l3hm1PR-PkQ/edit?usp=sharing	text	https://youtu.be/o2gxCbEIbdM?si=Y6UTEctx-as-EZmF	0:20:19	Youtube	MV	MP4	False	GOOD	AM_004				group A	Uploaded								
466	STT_AM_AB0464	2	https://docs.google.com/document/d/1INb1gIO4J3B9L0UNvEq8TwaFeOHhVrRZYd64TgJe5L0/edit?usp=sharing	text	https://youtu.be/HaIVze2FqaI?si=IlTX_2ZrQ_nKbNOO	0:20:09	Youtube	MV	MP4	False	GOOD	AM_004				group A	Uploaded								
467	STT_AM_AB0465		https://docs.google.com/document/d/1IwIvQ5AzAWRt4Ba71b2UtY6bvIT__6cGXD0I0dkq0Eg/edit?usp=sharing	text	https://youtu.be/AdvcXO_XuVk?si=AkYDpa1KQa9zbyBg	0:22:04	Youtube	MV	MP4	True	Very goog	AM_003				group A	Uploaded	25/11/2025							
468	STT_AM_AB0466	2	https://docs.google.com/document/d/1Uyo3WOkfXgNFqBwe65631RT8S8y_kCx0C12ueS5QbT4/edit?usp=sharing	text	https://youtu.be/Zsk8Vu3yu_g?si=M3yDveWF6Vnvbdec	0:25:23	Youtube	MV	MP4	True	Very goog	AM_003				group A	Uploaded								
469	STT_AM_AB0467	3	https://docs.google.com/document/d/157X3Tfuo1bJVh6KrTdENKpsCsYjt-MuNe-xkuKbltYU/edit?usp=sharing	text	https://youtu.be/HpqoMkmMZOI?si=y2ysu0CyYqP6Hwvr	0:26:14	Youtube	MV	MP4	True	Very goog	AM_003				group A	Uploaded								
470	STT_AM_AB0468	4	https://docs.google.com/document/d/1MmRq4d5sAQ6UjVeM6VAYILmzJu1axboi1PP0AU71FJ0/edit?usp=sharing	text	https://youtu.be/i5RgNRlftA8?si=oD0iZ_O4_ok7HHoD	0:24:29	Youtube	MV	MP4	True	Very goog	AM_003				group A	Uploaded								
471	STT_AM_AB0469	5	https://docs.google.com/document/d/1GHv7dLGhUjfxVUcTg_3IPmlFQyqtBuVjP1rUF3oXeJ0/edit?usp=sharing	text	https://youtu.be/iJvvz9MA7AU?si=vDBu_-BXr7nduBZA	0:23:28	Youtube	MV	MP4	True	Very goog	AM_003				group A	Uploaded								
472	STT_AM_AB0470	6	https://docs.google.com/document/d/1lJi6iDBDT9QjSunVRZQS9cOU20qvBuJs5AicoDrBy18/edit?usp=sharing	text	https://youtu.be/f_LXgEYXul8?si=wqDQqME-w_hk_ulh	0:24:28	Youtube	MV	MP4	True	Very goog	AM_003				group A	Uploaded								
473	STT_AM_AB0471	7	https://docs.google.com/document/d/1eIo3LfeY6EYBN1t6Adt3YG28IlcXI-zerlyJl42wGQQ/edit?usp=sharing	text	https://youtu.be/P-eRpwnqSEg?si=PnmvELuu6kMasK8v	0:25:06	Youtube	MV	MP4	True	Very goog	AM_003				group A	Uploaded								
474	STT_AM_AB0472	8	https://docs.google.com/document/d/1tLVBHImvbUuGWIyiHpefDRzlvvNoLPhF2ci96fk7MNI/edit?usp=sharing	text	https://youtu.be/WsvJAoJaQxE?si=MXTr1fhy4abvgyfW	0:23:17	Youtube	MV	MP4	True	Very goog	AM_003				group A	Uploaded								
475	STT_AM_AB0473	9	https://docs.google.com/document/d/1qa4WLYTCEE6ng6948NMyo2n--5gGTJYWtsyVzOmP33A/edit?usp=sharing	text	https://youtu.be/aBkYnv9WnCw?si=S8mxxttiJxaM_vnV	0:20:34	Youtube	MV	MP4	True	Very goog	AM_003				group A	Uploaded								
476	STT_AM_AB0474	10	https://docs.google.com/document/d/1UQKWrJLR9dyBLtM9t5akgsGhKTywbCi024L6IusgxzU/edit?usp=sharing	text	https://youtu.be/WrGxpFvCJwo?si=JT3TAAVkRC_tOgbB	0:19:43	Youtube	MV	MP4	True	Very goog	AM_003				group A	Uploaded								
477	STT_AM_AB0475	11	https://docs.google.com/document/d/1xkaRBRPayNbVfbXt12BA9rHw4OYFejula3IdWG3neZY/edit?usp=sharing	text	https://youtu.be/_pQ08kjIHt8?si=8wMXxSYnoAl8CoyU	0:20:40	Youtube	MV	MP4	True	Very goog	AM_003				group A	Uploaded								
478	STT_AM_AB0476	12	https://docs.google.com/document/d/14i_g6bGXLaKpdAWGdWLOGhryy7LzMg0MWJwDi05uC3k/edit?usp=sharing	text	https://youtu.be/DZOMToUel8Q?si=VkLWki-4aU4aTVx7	0:18:03	Youtube	MV	MP4	True	Very goog	AM_003				group A	Uploaded								
479	STT_AM_AB0477	13	https://docs.google.com/document/d/1l5qTIBlb_7NJkSz8eAJRH07ttZDk_cjBeKOyT2CfWjo/edit?usp=sharing	text	https://youtu.be/4SHea_beqps?si=CPuE9c2bVokWbLOT	0:21:25	Youtube	MV	MP4	True	Very goog	AM_003				group A	Uploaded								
480	STT_AM_AB0478	14	https://docs.google.com/document/d/1oP3Q8zydYH8YR-K1bHp4R7UR0AJpotmEbVIed62JLCE/edit?usp=sharing	text	https://youtu.be/s6Cz_NBBP40?si=3pjfzhk2O6w4Gofi	0:19:48	Youtube	MV	MP4	True	Very goog	AM_003				group A	Uploaded								
481	STT_AM_AB0479	15	https://docs.google.com/document/d/1hYzkgqFfhjld_6-xURbDLrNQENN_D2ZDoRhcTOUTr-s/edit?usp=sharing	text	https://youtu.be/et6MPL7SNEg?si=TI00YDAJk6PQcMlg	0:16:46	Youtube	MV	MP4	True	Very goog	AM_003				group A	Uploaded								
482	STT_AM_AB0480	16	https://docs.google.com/document/d/1ijm7SkrC-KcJUwOIiVF-cXSRj75l1_VARCSYYLBOY54/edit?usp=sharing	text	https://youtu.be/A2Hk8XvZvTE?si=brzRj1hxYxmg4Xda	0:22:32	Youtube	MV	MP4	True	Very goog	AM_003				group A	Uploaded								
483	STT_AM_AB0481	17	https://docs.google.com/document/d/1VbmUi9VouFOGkNu6GlbJbdFaM_ChcRhmFqhLNm-q_A8/edit?usp=sharing	text	https://youtu.be/GzEJfo4psJA?si=5Tig0pqm9mUcK8gS	0:20:22	Youtube	MV	MP4	True	Very goog	AM_003				group A	Uploaded								
484	STT_AM_AB0482	18	https://docs.google.com/document/d/1V6ASsmjLVfbjekwDQBnUKMGQxKDjHOA38pWkdM019Ds/edit?usp=sharing	text	https://youtu.be/iKtm06sVNGk?si=KtxohGgFdPn_nIZ2	0:25:41	Youtube	MV	MP4	True	Very goog	AM_003				group A	Uploaded								
485	STT_AM_AB0483	19	https://docs.google.com/document/d/1gYsJYjlDEm10IQooNLdcj3dcWVxEBB1YBcKVnU3HJHc/edit?usp=sharing	text	https://youtu.be/4kcVwVPxV68?si=Itbyownwdq8mxVIP	0:20:16	Youtube	MV	MP4	True	Very goog	AM_003				group A	Uploaded								
486	STT_AM_AB0484	20	https://docs.google.com/document/d/1GBv6Ev1KoK6jrq64SKX1fKKpo0XYEEFqrsfdEcfvUJo/edit?usp=sharing	text	https://youtu.be/TX8bJ4LKwsg?si=HyTigsVhWHKa8cEa	0:21:01	Youtube	MV	MP4	True	Very goog	AM_003				group A	Uploaded								
487	STT_AM_AB0485	21	https://docs.google.com/document/d/1HKPLj33JyzHDWk-zgkhG-tokia2GN2YzJ-wE-43HGwc/edit?usp=sharing	text	https://youtu.be/QHooakwmasQ?si=eY6-pDY_k7-FstHl	0:21:29	Youtube	MV	MP4	True	Very goog	AM_003				group A	Uploaded								
488	STT_AM_AB0486	22	https://docs.google.com/document/d/1Sd-mWKKbtMAKDwDA9IPVAcx1rL9CbuFzZTfrmHfj3QY/edit?usp=sharing	text	https://youtu.be/XI9XsKAGdXk?si=2BEGqEeqtBzGvQxj	0:22:03	Youtube	MV	MP4	True	Very goog	AM_003				group A	Uploaded								
489	STT_AM_AB0487	23	https://docs.google.com/document/d/1TLCkmjiQ3jmTWnxrbEwSMJxX1dBF-yUiLRUaO1UY9IA/edit?usp=sharing	text	https://youtu.be/b4tExfn95hM?si=gB-VB6zlU14Hzwf4	0:19:41	Youtube	MV	MP4	True	Very goog	AM_003				group A	Uploaded								
490	STT_AM_AB0488	24	https://docs.google.com/document/d/19wpUFdTFMu077HwlK2StfbQg_T3F5oXNaBA-CdIUeKI/edit?usp=sharing	text	https://youtu.be/wpoQLxNAnmo?si=VJx8Ny--1HoOHaSr	0:27:46	Youtube	MV	MP4	True	Very goog	AM_003				group A	Uploaded								
491	STT_AM_AB0489	25	https://docs.google.com/document/d/1XFIcEZ8xnOonLkHg1OI-zjIrf7yvFRMmYywNElRL71s/edit?usp=sharing	text	https://youtu.be/TEP5qDzUn8k?si=PtgjEt74vYnL1GG5	0:20:43	Youtube	MV	MP4	True	Very goog	AM_003				group A	Uploaded								
492	STT_AM_AB0490	26	https://docs.google.com/document/d/1RPuV45Jsmf_HUQ_Dx-tjmOp_1JzFwy-1G0JhEztLRq8/edit?usp=sharing	text	https://youtu.be/HTRiAJH3buQ?si=4TH4WcUHn6TeGijQ	0:20:04	Youtube	MV	MP4	True	Very goog	AM_003				group A	Uploaded								
493	STT_AM_AB0491	27	https://docs.google.com/document/d/1iSrO5OBQtWbyOKUa2xpS6zvYTu0qrNIkPahEQ5W4ff0/edit?usp=sharing	text	https://youtu.be/d3Hdjiy450A?si=QdWBsA4s8Ob07iGO	0:19:20	Youtube	MV	MP4	True	Very goog	AM_003				group A	Uploaded								
494	STT_AM_AB0492		https://docs.google.com/document/d/1LAZowGPe3KjhnBvgIgf61zKsDbBmOd-m32uhk6Ku0as/edit?usp=sharing	text	https://youtu.be/A35RYvsCB1E?si=ZyNYV5Ue0w6GvRPZ	0:12:24	Youtube	MV	MP4	True	Very goog	AM_003				group A	Uploaded								
495	STT_AM_AB0493	2	https://docs.google.com/document/d/1MXtXl_6L8bfCRyPGUtYknUGI62pEyqihNXA2_swp8Dw/edit?usp=sharing	text	https://youtu.be/xgVIUrdQxB4?si=BU2NL3f5RoGAfIA4	0:13:04	Youtube	MV	MP4	True	Very goog	AM_003				group A	Uploaded								
496	STT_AM_AB0494	3	https://docs.google.com/document/d/1hFxTppmRpU9gdi15MyN-FVdIPaWk_aq0x8WSOoPff-I/edit?usp=sharing	text	https://youtu.be/IjX8q3qQQN4?si=49joYEC8rLTN9onX	0:07:58	Youtube	MV	MP4	True	Very goog	AM_003				group A	Uploaded								
497	STT_AM_AB0495	4	https://docs.google.com/document/d/158WfBpryz_5f66-R8hUF9WlTfRiPT7z_AgS0Vj58isk/edit?usp=sharing	text	https://youtu.be/Ldtv9cinxMU?si=ZGw-ZgVzJ37e6PoR	0:07:53	Youtube	MV	MP4	True	Very goog	AM_003				group A	Uploaded								
498	STT_AM_AB0496	5	https://docs.google.com/document/d/1FlyG2Yo6YAdVbG8I_ug7RXd-W8U1a2oZOd0djs_HWJA/edit?usp=sharing	text	https://youtu.be/FdxX3mCCWPo?si=zRbTwxt08yBHEHOE	0:09:24	Youtube	MV	MP4	True	Very goog	AM_003				group A	Uploaded								
499	STT_AM_AB0497	6	https://docs.google.com/document/d/19syv_-XeX_T7XrU3C-haSL5ztxg_NyPtM70cMwJ0qRk/edit?usp=sharing	text	https://youtu.be/LXv38vmtZ_g?si=48Gqt0JmEdk9nNe2	0:08:44	Youtube	MV	MP4	True	Very goog	AM_003				group A	Uploaded								
500	STT_AM_AB0498	7	https://docs.google.com/document/d/1KQrPtcPMDKc0E2rf6061X19wfSejPjmU6FVO6iwa0WY/edit?usp=sharing	text	https://youtu.be/Lf3TOTu5F5E?si=pqWdxQ-v_z_hzzRU	0:08:01	Youtube	MV	MP4	True	Very goog	AM_003				group A	Uploaded								
501	STT_AM_AB0499	8	https://docs.google.com/document/d/1-Q0jCZAG2PpxK-DB_z9WOiPjjBsKoZo4UHYEYmo5iwI/edit?usp=sharing	text	https://youtu.be/Bhhfsce-Grw?si=4VbVY0djMrRw7YuV	0:12:34	Youtube	MV	MP4	True	Very goog	AM_003				group A	Uploaded								
502	STT_AM_AB0500	9	https://docs.google.com/document/d/1_IeaTG5UQUJGBnivk4aH-EEI6S2IOw7KolOahGnrUug/edit?usp=sharing	text	https://youtu.be/abEgU9FecpM?si=JyZgCER6Mh7CGbr_	0:12:02	Youtube	MV	MP4	True	Very goog	AM_003				group A	Uploaded								
503	STT_AM_AB0501	10	https://docs.google.com/document/d/1YorCqNHXnwXfMCawkPyTJN2HvlB58uo-M9DZxFyR-HA/edit?usp=sharing	text	https://youtu.be/0A46R3yb9T0?si=bRq5Yvmajm_56YHi	0:06:19	Youtube	MV	MP4	True	Very goog	AM_003				group A	Uploaded								
504	STT_AM_AB0502	11	https://docs.google.com/document/d/1ds_m8AN5mo8o7MzbrXks72WCbjJJMUJk9Kavhi8kIiE/edit?usp=sharing	text	https://youtu.be/wO5ELen26ks?si=sacTz9QBGX1j46ff	0:08:26	Youtube	MV	MP4	True	Very goog	AM_003				group A	Uploaded								
505	STT_AM_AB0503	12	https://docs.google.com/document/d/1jtVRePq-o3lvRUeKKdkxmksr2ausjPbOhItOebFr7ME/edit?usp=sharing	text	https://youtu.be/6wvQghejAaA?si=Om39WZ_2PPnjIDtT	0:11:49	Youtube	MV	MP4	True	Very goog	AM_003				group A	Uploaded								
506	STT_AM_AB0504	13	https://docs.google.com/document/d/1sUiOpSd9vQvJwAbSx4Fm9UUKScMlD8CQ4IRa1zBUtZk/edit?usp=sharing	text	https://youtu.be/pvl9_mia_qA?si=IUkzPDJWBsU4_pC7	0:08:19	Youtube	MV	MP4	True	Very goog	AM_003				group A	Uploaded								
507	STT_AM_AB0505	14	https://docs.google.com/document/d/1Per4uOKLQHcl6nBsRck0KKZdVC4de2MU96VRC3wsmGk/edit?usp=sharing	text	https://youtu.be/trx0RKWU0sk?si=JeigSInh9DHZIu0X	0:13:58	Youtube	MV	MP4	True	Very goog	AM_003				group A	Uploaded								
508	STT_AM_AB0506	15	https://docs.google.com/document/d/17qc4bfuv2vhLOv7R7_HCT9TDJHAwy2hj8SbclEfCR3k/edit?usp=sharing	text	https://youtu.be/HYle9EGVRQE?si=IeGIbwRtEcv-mqU-	0:06:49	Youtube	MV	MP4	True	Very goog	AM_003				group A	Uploaded								
509	STT_AM_AB0507	16	https://docs.google.com/document/d/1VYjcTq_qozXHyz7jWHtmSrRZNpoqDkAvWnwSUZECas4/edit?usp=sharing	text	https://youtu.be/PPt7hNwd0H8?si=t-XTYZ4dbrzUVbYt	0:11:12	Youtube	MV	MP4	True	Very goog	AM_003				group A	Uploaded								
510	STT_AM_AB0508	17	https://docs.google.com/document/d/1XMg3MhUCMCioH51jZyyrktSPfEGKON4UEv1YiumCAr8/edit?usp=sharing	text	https://youtu.be/SnKVIWDCUok?si=7ZoyX3ik-n2uhGkd	0:06:48	Youtube	MV	MP4	True	Very goog	AM_003				group A	Uploaded								
511	STT_AM_AB0509	18	https://docs.google.com/document/d/1jSPHkvB4ay2-V8Cb5y2Rxzp2i2uxn8xucp5TSg1riYA/edit?usp=sharing	text	https://youtu.be/GqsWstFgwnM?si=JkTtQ_1Lo59F527M	0:13:26	Youtube	MV	MP4	True	Very goog	AM_003				group A	Uploaded								
512	STT_AM_AB0510	19	https://docs.google.com/document/d/1kwV2C-DBQrkCRJWXFDokOkIQsj44k3S1lbtEAsnLtxk/edit?usp=sharing	text	https://youtu.be/A9oMvSdso8k?si=_EVMNutmk8e6Cm8b	0:08:42	Youtube	MV	MP4	True	Very goog	AM_003				group A	Uploaded								
513	STT_AM_AB0511	20	https://docs.google.com/document/d/1bpOstyygq0tvdacaC7v-GKRTUSODECB0jhdL6DXTOfQ/edit?usp=sharing	text	https://youtu.be/WkhaadXn-As?si=D3lAR5dljffBCigT	0:08:30	Youtube	MV	MP4	True	Very goog	AM_003				group A	Uploaded								
514	STT_AM_AB0512	21	https://docs.google.com/document/d/1fRK-ioh_3_NDNax4pSfrKI4W7UjnmkEan_8GvyS5DRg/edit?usp=sharing	text	https://youtu.be/VT0ZKWe-BJI?si=aZ_ypa0DPlbtoQhu	0:07:40	Youtube	MV	MP4	True	Very goog	AM_003				group A	Uploaded								
515	STT_AM_AB0513	22	https://docs.google.com/document/d/1jgaV-PMJBXRUQPdScpDwIPd5FaLofGAhBsq9viDhgho/edit?usp=sharing	text	https://youtu.be/MDtg0MYE1Uk?si=-0bEuMjsrPlrfjDQ	0:07:40	Youtube	MV	MP4	True	Very goog	AM_003				group A	Uploaded								
516	STT_AM_AB0514	23	https://docs.google.com/document/d/1MrZbkm0bkW9P2me0nqQxg3AObMhQVow4jsOBjjTeJc4/edit?usp=sharing	text	https://youtu.be/6QiOn2p4yHI?si=2aihQHJqDJc2yQSc	0:14:23	Youtube	MV	MP4	True	Very goog	AM_003				group A	Uploaded								
517	STT_AM_AB0515	24	https://docs.google.com/document/d/1_tbDt-2qpyjbpy-sfQiYKM9mAtyU1qdyBL7N_kaWtcc/edit?usp=sharing	text	https://youtu.be/hYSMAPYPlGA?si=wEV_ejV7bal5k-kS	0:09:49	Youtube	MV	MP4	True	Very goog	AM_003				group A	Uploaded								
518	STT_AM_AB0516	25	https://docs.google.com/document/d/1jc7ZHnGgcTtVnS8IEhEuUiHYm1w3UL-jh9lYPmqKUEE/edit?usp=sharing	text	https://youtu.be/O92hwZJB6Rs?si=BjYGl-gjbHAwlFGI	0:11:45	Youtube	MV	MP4	True	Very goog	AM_003				group A	Uploaded								
519	STT_AM_AB0517		https://docs.google.com/document/d/1qzpMVnuvcBF2n2mzfUR-iNBC7lMRjE6k81KaAvwb9fI/edit?usp=sharing	text	https://youtu.be/_2v_kDaFj3Y?si=X6g4lWna5N2wEqgM	0:24:54	Youtube	MV	MP4	False	Very goog	AM_005				group A	Uploaded								
520	STT_AM_AB0518	2	https://docs.google.com/document/d/1jqWoM4qYjffJ5_-fa0btCwI0U5aIubQkLswIfgN9h7Q/edit?usp=sharing	text	https://youtu.be/0T_AkQyYFqU?si=yay09jCmqYGC206E	0:25:27	Youtube	MV	MP4	False	Very goog	AM_005				group A	Uploaded								
521	STT_AM_AB0519	3	https://docs.google.com/document/d/1VTTNrAxDwfr1Gjv8BgeTas_vXHmM8ilY42KngaMKuJw/edit?usp=sharing	text	https://youtu.be/ZGxPMfoxrEI?si=lC6N2KQZho9oWcUI	0:25:20	Youtube	MV	MP4	False	Very goog	AM_005				group A	Uploaded								
522	STT_AM_AB0520	4	https://docs.google.com/document/d/15alEQ9pOAWpHmJjkd3phkCJuYRKy4RwD5SWJ7VsltfI/edit?usp=sharing	text	https://youtu.be/W1mO_HQk7SI?si=5nfEgCgCIPaFZDdJ	0:24:09	Youtube	MV	MP4	False	Very goog	AM_005				group A	Uploaded								
523	STT_AM_AB0521	5	https://docs.google.com/document/d/1yEkS-q7-HQIYr4VdlFClFR9CId7fnMoCn0VnczA5Jgw/edit?usp=sharing	text	https://youtu.be/u4m5YbQVdcE?si=rUX_ewbi9VuM_oCv	0:36:59	Youtube	MV	MP4	False	Very goog	AM_005				group A	Uploaded								
524	STT_AM_AB0522	6	https://docs.google.com/document/d/1yRxrFc2rLBKfX46Rzx_3CMRxC6xqBI1zrhbsulwQgHM/edit?usp=sharing	text	https://youtu.be/aBr0oaC6pqs?si=__TFlSy5gf1a2smH	0:46:28	Youtube	MV	MP4	False	Very goog	AM_005				group A	Uploaded								
525	STT_AM_AB0523	7	https://docs.google.com/document/d/1IUuwUhA2V879cq9OokQqdukg2euJtoGbLlUFV-ovOMA/edit?usp=sharing	text	https://youtu.be/wuQqAw_KLsc?si=5Q80RXocXqE4jh1G	0:26:06	Youtube	MV	MP4	False	Very goog	AM_005				group A	Uploaded								
526	STT_AM_AB0524	8	https://docs.google.com/document/d/1m41_ppFq-2oqNY7px90Unup0uf8oyRTGPEBuUaze3JE/edit?usp=sharing	text	https://youtu.be/9zbCNsBfE6Y?si=lutB7JO4YktulBEp	0:38:44	Youtube	MV	MP4	False	Very goog	AM_005				group A	Uploaded								
527	STT_AM_AB0525	9	https://docs.google.com/document/d/1D9LefJD2J3RusTJzJzSJVGwZQpw3ySkGz2jGDGpItCs/edit?usp=sharing	text	https://youtu.be/KcsQNEyCyas?si=SecSRsEn7_pv0z-l	0:28:33	Youtube	MV	MP4	False	Very goog	AM_005				group A	Uploaded								
528	STT_AM_AB0526	10	https://docs.google.com/document/d/1ZXTBbeMZfvs6Oo5QD-ZoPox-JXTBOCkHP2S1RzgxabM/edit?usp=sharing	text	https://youtu.be/UsdDRwDEk38?si=zTVI8zkPXHkzrHSE	0:17:58	Youtube	MV	MP4	False	Very goog	AM_005				group A	Uploaded								
529	STT_AM_AB0527	11	https://docs.google.com/document/d/1qFIVWGOBu-zv6n85G8kXrOjk_1ooHuuGyDKDMq5X2-8/edit?usp=sharing	text	https://youtu.be/kmRBBeqtcHI?si=lsZFmkSGEXzKK_sG	0:23:33	Youtube	MV	MP4	False	Very goog	AM_005				group A	Uploaded								
530	STT_AM_AB0528	12	https://docs.google.com/document/d/13RBCJsH2NRiSl2Rnk8Op5zAsZeq0Drhuhm5pax2Ow0I/edit?usp=sharing	text	https://youtu.be/AUqbsNdG7ZA?si=YcogTZmExeSIrsYh	0:32:23	Youtube	MV	MP4	False	Very goog	AM_005				group A	Uploaded								
531	STT_AM_AB0529	13	https://docs.google.com/document/d/1tZOsIlNS8n0u3GL_qQzTlzLmU_cwUnal0rYhwMkNnLw/edit?usp=sharing	text	https://youtu.be/dvEEvg26ADM?si=TEoHUS5LeoV8-Ar0	0:22:10	Youtube	MV	MP4	False	Very goog	AM_005				group A	Uploaded								
532	STT_AM_AB0530	14	https://docs.google.com/document/d/1QXbJNB1iqyjuJoDUDge21CVlE16rGT-WO97foa71H0M/edit?usp=sharing	text	https://youtu.be/inVgdSUKfIg?si=KkIlbY4hfl9orcym	0:13:12	Youtube	MV	MP4	False	Very goog	AM_005				group A	Uploaded								
533	STT_AM_AB0531	15	https://docs.google.com/document/d/18FEL_ZMCNSrBbP_Y7PP0J2N71ODzCzON62MU8_FivFs/edit?usp=sharing	text	https://youtu.be/UF5kMeXmeck?si=0JlTfrLggnUGyFIO	0:16:22	Youtube	MV	MP4	False	Very goog	AM_005				group A	Uploaded								
534	STT_AM_AB0532	16	https://docs.google.com/document/d/1BmQUYKJXEjOHyoFnFNVSKZfgKG9pcMYv_bZBDkoUnw8/edit?usp=sharing	text	https://youtu.be/sTl-V4pfIYY?si=9wl_3y9tuuie8Ww-	0:15:58	Youtube	MV	MP4	False	Very goog	AM_005				group A	Uploaded								
535	STT_AM_AB0533	17	https://docs.google.com/document/d/1Qyv6nHJRRSA3eSP_M8ln7lc5QL9BsD6vBLYjGCkXlcs/edit?usp=sharing	text	https://youtu.be/3Rft_hSbTmA?si=wgn1vBziJnaUUPXr	0:15:10	Youtube	MV	MP4	False	Very goog	AM_005				group A	Uploaded								
536	STT_AM_AB0534	18	https://docs.google.com/document/d/1WkgMJPba6oT5jUuh0AfJjqr0uGTRtKWUEjIPlvbJoCY/edit?usp=sharing	text	https://youtu.be/ESP-7WiOjOA?si=xmqe3939Z2JIHPj6	0:08:58	Youtube	MV	MP4	False	Very goog	AM_005				group A	Uploaded	སྒྲ་ཐག་འདི་ལ་སྐར་མ4:27ཙམ་ལས་མི་འདུག							
537	STT_AM_AB0535	19	https://docs.google.com/document/d/1j-JEzkBGZK0tGPMdxRX0I9QTFSGRWk-83VxkJdhNCj8/edit?usp=sharing	text	https://youtu.be/hUBMS70O4KI?si=mDl3lo5Z7Gy2XKNk	0:53:09	Youtube	MV	MP4	False	Very goog	AM_005				group A	Uploaded								
538	STT_AM_AB0536	20	https://docs.google.com/document/d/1GC6Vxdi7e7jtbmOx9siQT2Ld8_XSTV8_zjZbwuOdPMs/edit?usp=sharing	text	https://youtu.be/4N9-MUtAsgc?si=DFaIu0bQ76oStevO	0:38:39	Youtube	MV	MP4	False	Very goog	AM_005				group A	Uploaded								
539	STT_AM_AB0537	21	https://docs.google.com/document/d/1NJCSS4mKM6mP_aO0_9rLyxRoIjsKfhqkctAw4Mk7iEo/edit?usp=sharing	text	https://youtu.be/MV6c9aDXZpY?si=oq0IE0jKuN4PfZ-2	0:38:09	Youtube	MV	MP4	False	Very goog	AM_005				group A	Uploaded								
540	STT_AM_AB0538		https://docs.google.com/document/d/11Dk4jmIZpnoE2sLwQpGGMB6AvJyyey4p7Ncxi75KOzg/edit?usp=sharing	text	https://youtu.be/cTtnuSzYRK8?si=4yaJp7JdE7jLq1_N	0:46:04	Youtube	MV	MP4	False	Very goog	AM_005				group A	Uploaded								
541	STT_AM_AB0539	2	https://docs.google.com/document/d/1Mvl--q59rkpsBYCNIux3AItesuuSGiH-ZBaFqU5vLc0/edit?usp=sharing	text	https://youtu.be/9qp2LT_leRc?si=8GUGxXiCU2EWwkSJ	0:33:11	Youtube	MV	MP4	False	Very goog	AM_005				group A	Uploaded								
542	STT_AM_AB0540	3	https://docs.google.com/document/d/1dYH-coPYJES7duDAVn-3QrAoDyIiEyrmCTLHbCH__yE/edit?usp=sharing	text	https://youtu.be/kcfa7TmQzv4?si=NDT0poExa4h2Alxi	0:24:40	Youtube	MV	MP4	False	Very goog	AM_005				group A	Uploaded								
543	STT_AM_AB0541	4	https://docs.google.com/document/d/13G8XYRcUvwWCjeANdq3I7pfm_Qv1oKBkwA9TBFC4aP8/edit?usp=sharing	text	https://youtu.be/qkTjxrLw3TE?si=bgKEi9-a_6liIOzc	0:25:14	Youtube	MV	MP4	False	Very goog	AM_005				group A	Uploaded								
544	STT_AM_AB0542	5	https://docs.google.com/document/d/1v6aszW6hEYHSG8cBoE2-1f4vcAJ3tlETlrPWoiptkoM/edit?usp=sharing	text	https://youtu.be/DMdf36eD7w0?si=gg--JQisaMGyJ08j	0:42:42	Youtube	MV	MP4	False	Very goog	AM_005				group A	Uploaded								
545	STT_AM_AB0543	6	https://docs.google.com/document/d/1YZAxRLENRNL4DVWVMSsdsbTnSPmsxEBGoW-K8IvZ6Gw/edit?usp=sharing	text	https://youtu.be/jnzB4aIFYQk?si=03SbDF4b1Ks8GsJC	0:44:09	Youtube	MV	MP4	False	Very goog	AM_005				group A	Uploaded								
546	STT_AM_AB0544	7	https://docs.google.com/document/d/16lZyjUpPEeaOhyrUs7EJs_WUfPZwb5T1O_NbMo21ni4/edit?usp=sharing	text	https://youtu.be/XlM_sbywcS4?si=aSXCrBH3Jws6taHo	0:28:52	Youtube	MV	MP4	False	Very goog	AM_005				group A	Uploaded								
547	STT_AM_AB0545	8	https://docs.google.com/document/d/1l8VywbitXgv6-ur8gA9JSuYLcfj5Saju3-XKLozMdSk/edit?usp=sharing	text	https://youtu.be/6BBO1d1hZfs?si=WGJK_063AhTE6KXn	0:43:18	Youtube	MV	MP4	False	Very goog	AM_005				group A	Uploaded								
548	STT_AM_AB0546	9	https://docs.google.com/document/d/1fqQViaJCLh2182Xa8ppr_7bMKmywLGW7FVVXjES4aeE/edit?usp=sharing	text	https://youtu.be/Jdmj2kAt-50?si=aykREAlczAB8W2fZ	0:22:04	Youtube	MV	MP4	False	Very goog	AM_005				group A	Uploaded								
549	STT_AM_AB0547		https://docs.google.com/document/d/1ZVgxrMGp71Ny2iJdp60u1LqEPqRIqeOYOYmfxp-qf-0/edit?usp=sharing	text	https://youtu.be/wjs2NEcyzVM?si=Uc3UWvg5XW5ZrZga	0:23:34	Youtube	MV	MP4	True	Very goog	AM_003				group A	Uploaded								
550	STT_AM_AB0548	2	https://docs.google.com/document/d/1RZ9Zma2yXq9PBfkwx_wb5FnBEuiDDE3LtJ-OPESs1qY/edit?usp=sharing	text	https://youtu.be/35T5YqD5mY0?si=6_ZpoSxJ2iNgxZ16	0:25:42	Youtube	MV	MP4	True	Very goog	AM_003				group A	Uploaded								
551	STT_AM_AB0549	3	https://docs.google.com/document/d/19n2-uz9Ej6z8f-m3PQdqannDtT58qL-cKj87ZTowHNU/edit?usp=sharing	text	https://youtu.be/JaHo8rgN8dk?si=5V8IQl7O6AVnvqGc	0:19:59	Youtube	MV	MP4	True	Very goog	AM_003				group A	Uploaded								
552	STT_AM_AB0550	4	https://docs.google.com/document/d/1WwH-yl7yNp0F5cMoqChnXUTvKFpUNd269PRTlDeGOkc/edit?usp=sharing	text	https://youtu.be/E0_owb0gHfc?si=lxamQxYxfvdyDDtW	0:29:56	Youtube	MV	MP4	True	Very goog	AM_003				group A	Uploaded								
553	STT_AM_AB0551	5	https://docs.google.com/document/d/1MbIUmagZ0vAnutXeZRILbFOeqvvsjv0CxEkXylZSt_c/edit?usp=sharing	text	https://youtu.be/NxnasXgVuRI?si=mO9LJT0s7A5ivBcB	0:29:59	Youtube	MV	MP4	True	Very goog	AM_003				group A	Uploaded								
554	STT_AM_AB0552	6	https://docs.google.com/document/d/19qsOJXE3yKUkIrk0GSTbg0W5_-FVX6dHMhjA7FcFUG0/edit?usp=sharing	text	https://youtu.be/kYnmTYO7p1g?si=n0gY6xduKsU1tTD7	0:27:18	Youtube	MV	MP4	True	Very goog	AM_003				group A	Uploaded								
555	STT_AM_AB0553	7	https://docs.google.com/document/d/1-Qm8T3u-iph2MXOyfM1KgWoPC0KkkXtYyDEBD_3ggQI/edit?usp=sharing	text	https://youtu.be/1QSKBAKz_O0?si=dThTPSSYQvCKWPsL	0:26:51	Youtube	MV	MP4	True	Very goog	AM_003				group A	Uploaded								
556	STT_AM_AB0554	8	https://docs.google.com/document/d/1iTQKUeOB4N8UxsdcmXH-AvUiBqqEEV0FvWyfN1vqfpc/edit?usp=sharing	text	https://youtu.be/yUafFZ6OT2k?si=1orf5FpN1MEqkjhQ	0:27:55	Youtube	MV	MP4	True	Very goog	AM_003				group A	Uploaded								
557	STT_AM_AB0555	9	https://docs.google.com/document/d/14_uufet6QBFBgd_fnvK_YiIp7cRR_9OZdtyBXfX2O7U/edit?usp=sharing	text	https://youtu.be/3yRxRAuNLn4?si=sw116SU0Xwt7RZIk	0:25:25	Youtube	MV	MP4	True	Very goog	AM_003				group A	Uploaded								
558	STT_AM_AB0556	10	https://docs.google.com/document/d/1-xKfefvXykVR5cSoCpNSoUkOZ8flwXWKbKE7FSr7jyM/edit?usp=sharing	text	https://youtu.be/-1BPDfT0-Wc?si=06u293WSztZsl-MG	0:27:21	Youtube	MV	MP4	True	Very goog	AM_003				group A	Uploaded								
559	STT_AM_AB0557	11	https://docs.google.com/document/d/1YV8xm365_cbkS-dygNfqOs9F7JKQ5dzSrR5w8TsY1WQ/edit?usp=sharing	text	https://youtu.be/xhdlID39mrc?si=fAivTFHEyQ6a4A5V	0:26:52	Youtube	MV	MP4	True	Very goog	AM_003				group A	Uploaded								
560	STT_AM_AB0558	12	https://docs.google.com/document/d/1MBxoxkO8LHe_s9HYuzQlskxMT3ovM52lTwwQkfeoYvo/edit?usp=sharing	text	https://youtu.be/sruFjUqKvAE?si=I_bBJTMuQln4k9wS	0:27:17	Youtube	MV	MP4	True	Very goog	AM_003				group A	Uploaded								
561	STT_AM_AB0559	13	https://docs.google.com/document/d/1znsX03KJGEKel-pOcmhusLIhtHdKl39rDhM1_UMwKUo/edit?usp=sharing	text	https://youtu.be/aZSDP6CPl_8?si=WgFrJA5HgA5vBPiC	0:27:17	Youtube	MV	MP4	True	Very goog	AM_003				group A	Uploaded								
562	STT_AM_AB0560	14	https://docs.google.com/document/d/1ugxQP-qr5q4smBGrm79If6gxxGmEubq0h_zv-IiRg7c/edit?usp=sharing	text	https://youtu.be/jpjxHQvuYqA?si=qNrvfSDWaAbYl6eG	0:27:19	Youtube	MV	MP4	True	Very goog	AM_003				group A	Uploaded								
563	STT_AM_AB0561	15	https://docs.google.com/document/d/1tD7l6qSDl34syN9qmoixM02wcShzxhQ7mbBQbllb5PA/edit?usp=sharing	text	https://youtu.be/lccWTqE-7bE?si=GmN_AtFrhXG5QsKo	0:27:17	Youtube	MV	MP4	True	Very goog	AM_003				group A	Uploaded								
564	STT_AM_AB0562		https://docs.google.com/document/d/1kB0PZwQzBpt0Niq0Ke64ESfMSgude7iBLjR_d3TVzqM/edit?usp=sharing	text	https://youtu.be/yV9KMjvDvPQ?si=lvWjP_3DhmJFU319	0:29:56	Youtube	MV	MP4	True	Very goog	AM_003				group A	Uploaded								
565	STT_AM_AB0563	17	https://docs.google.com/document/d/1BONV7PSqdg6ggVeRt-L2V9KYPHPfrwwQQC9yV2DYc60/edit?usp=sharing	text	https://youtu.be/nU48QgkANtQ?si=dW7jt_PgULzcbVj6	0:27:18	Youtube	MV	MP4	True	Very goog	AM_003				group A	Uploaded								
566	STT_AM_AB0564	18	https://docs.google.com/document/d/1SDn71UtpqL4GuR2d3IXfqM1BSmisbGZGEkCfxnvFysI/edit?usp=sharing	text	https://youtu.be/arK23cXaG8s?si=ECfgBOfhfV8bu1LP	0:28:31	Youtube	MV	MP4	True	Very goog	AM_003				group A	Uploaded								
567	STT_AM_AB0565	19	https://docs.google.com/document/d/1qWUzL_E2n2fhCtoPbK6PKSdgASiR38VKWfSfw6Qy0ZU/edit?usp=sharing	text	https://youtu.be/XAXog52Pkaw?si=eF1f_9LfJEwx_7Lv	0:29:39	Youtube	MV	MP4	True	Very goog	AM_003				group A	Uploaded								
568	STT_AM_AB0566	20	https://docs.google.com/document/d/1zDt-_NhL2JXbhgd1CZgvmcZPOTbrC5sZqtmArJVFUhQ/edit?usp=sharing	text	https://youtu.be/Va6KYrkxZOA?si=kXspnP6GQndUtFqD	0:29:45	Youtube	MV	MP4	True	Very goog	AM_003				group A	Uploaded								
569	STT_AM_AB0567	21	https://docs.google.com/document/d/19tpMF5NrFEmb7qPKazXe7lj4W_ICZspyDZ3F6H-tc7k/edit?usp=sharing	text	https://youtu.be/PRgarIsohzQ?si=6u65JY7yPdRQs3Ys	0:29:55	Youtube	MV	MP4	True	Very goog	AM_003				group A	Uploaded								
570	STT_AM_AB0568	22	https://docs.google.com/document/d/1Yp3Mkz9OlHCYSx3Dtmgsk5BEQiIq0tUFBCbfPwNAapg/edit?usp=sharing	text	https://youtu.be/lh7-jn-76B8?si=obT8OQFSrWsBV-RF	0:29:44	Youtube	MV	MP4	True	Very goog	AM_003				group A	Uploaded								
571	STT_AM_AB0569	23	https://docs.google.com/document/d/19L54IMJoS9NTPd-zk-OjpXAcHGsa3wI526DXjdL85R0/edit?usp=sharing	text	https://youtu.be/ECu5CH2sVow?si=qN0umMlO3ZsVoqdh	0:29:59	Youtube	MV	MP4	True	Very goog	AM_003				group A	Uploaded								
572	STT_AM_AB0570	24	https://docs.google.com/document/d/1RaJo2a5BpwZdiCyP-lxUg2zHQbJ2rMHvjAhnMv7QFsQ/edit?usp=sharing	text	https://youtu.be/Yv-dnTH7C1Y?si=uG2pQCvO4oELXNhd	0:29:54	Youtube	MV	MP4	True	Very goog	AM_003				group A	Uploaded								
573	STT_AM_AB0571	25	https://docs.google.com/document/d/1Vm48skCYw30FakIXlRMHvsYOLDT7kdKUjb69WZzfIFI/edit?usp=sharing	text	https://youtu.be/cPzvedEDjRk?si=dGS7OoUE3SNmqWqQ	0:29:54	Youtube	MV	MP4	True	Very goog	AM_003				group A	Uploaded								
574	STT_AM_AB0572	26	https://docs.google.com/document/d/17PSXYDhKmSKCD0IBurj-FYr0eNFLXQ6TAduzHf_3ZIo/edit?usp=sharing	text	https://youtu.be/aQeeU4CEbXo?si=r3mTdRy9NwSWChPA	0:29:54	Youtube	MV	MP4	True	Very goog	AM_003				group A	Uploaded								
575	STT_AM_AB0573	27	https://docs.google.com/document/d/1m2DSW3rMSWEgM55qXVRjqhjgwi05er4NNZ-_d2S0NPc/edit?usp=sharing	text	https://youtu.be/8ec_FyyLxRg?si=t0JCscXoa7REjDVL	0:29:51	Youtube	MV	MP4	True	Very goog	AM_003				group A	Uploaded								
576	STT_AM_AB0574	28	https://docs.google.com/document/d/1CZeHOetrkuwVs4ayPgwzTt6CH-F90hIol8WhmzVI3B4/edit?usp=sharing	text	https://youtu.be/wwsnFJs05Us?si=Kc1-6zZ8NIZfjpYw	0:29:19	Youtube	MV	MP4	True	Very goog	AM_003				group A	Uploaded								
577	STT_AM_AB0575	29	https://docs.google.com/document/d/1jIhw8gz6BZFriZZy9_x_JIqGv1EQsSjkWnBu6HONTk8/edit?usp=sharing	text	https://youtu.be/aCJwuffZcHk?si=2FS7izJt54PJ5JAL	0:29:01	Youtube	MV	MP4	True	Very goog	AM_003				group A	Uploaded								
578	STT_AM_AB0576	30	https://docs.google.com/document/d/1cm6vsglPzZkiziSnRAHCa-YO8DU6VbN-madtstwR5Hk/edit?usp=sharing	text	https://youtu.be/kqDQmJt6CKs?si=bJcG-YxdHhMsQAxx	0:22:05	Youtube	MV	MP4	True	Very goog	AM_003				group A	Uploaded								
579	STT_AM_AB0577	31	https://docs.google.com/document/d/19yuSrJ20peO_LmurP966B1Olx_b92xEiEsxeinBtatc/edit?usp=sharing	text	https://youtu.be/c9AYUXdcC_A?si=96EwhyKML0EgYngW	0:22:05	Youtube	MV	MP4	True	Very goog	AM_003				group A	Uploaded								
580	STT_AM_AB0578		https://docs.google.com/document/d/14K73al0agpPVwvoNP8sWkHWGRyGBTaH7O74Eepamx2w/edit?usp=sharing	text	https://youtu.be/ndlN6WEQ_ts?si=XJoj1UOz5_A6ZbBY	0:20:01	Youtube	MV	MP4	True	Very goog	AM_003				group A	Uploaded								
581	STT_AM_AB0579	2	https://docs.google.com/document/d/1Yw98wjjAHeEckmN2umdyn0-V-fHibgN_4SebyIgdP64/edit?usp=sharing	text	https://youtu.be/RcjHnaIuwyI?si=Wj2GdlI5oSZeXYuP	0:20:13	Youtube	MV	MP4	True	Very goog	AM_003				group A	Uploaded								
582	STT_AM_AB0580	3	https://docs.google.com/document/d/1ZbCt3yr0L7W4vyqNcqbCQZfhe8Dhw9bb4yvmN3rBkjU/edit?usp=sharing	text	https://youtu.be/au6AHGOh4XA?si=lu72lwfPDhalJkh5	0:20:25	Youtube	MV	MP4	True	Very goog	AM_003				group A	Uploaded								
583	STT_AM_AB0581	4	https://docs.google.com/document/d/11gGtdK7cJndsBSM9WCWXB7U6s33jbH4tAnn8GtSDzuo/edit?usp=sharing	text	https://youtu.be/P-mmOU5GP3c?si=GMUi6N2tVgaLFF9B	0:20:52	Youtube	MV	MP4	True	Very goog	AM_003				group A	Uploaded								
584	STT_AM_AB0582	5	https://docs.google.com/document/d/12VwQWFhR_wEb5yyiqGJTZ89ppYcTcF3vHQjvjMv4GP0/edit?usp=sharing	text	https://youtu.be/umk2qN0OkZA?si=I5a2IfO_IAHX9Mdh	0:21:00	Youtube	MV	MP4	True	Very goog	AM_003				group A	Uploaded								
585	STT_AM_AB0583	6	https://docs.google.com/document/d/1_cxVwDg--359fzoZXdI-UcrQHPAoF3bA49faKjOZrOY/edit?usp=sharing	text	https://youtu.be/OLdtJgd6S9E?si=kxwX3x5lpFh9Amq5	0:20:50	Youtube	MV	MP4	True	Very goog	AM_003				group A	Uploaded								
586	STT_AM_AB0584	7	https://docs.google.com/document/d/1i6PJvOz3Rdaw7cAOn7WvUuTzN3hJKGCMNfxVZ1sjU_c/edit?usp=sharing	text	https://youtu.be/PUwhlaCOXqg?si=TKaCiT7Ap01kVaV8	0:14:22	Youtube	MV	MP4	True	Very goog	AM_003				group A	Uploaded	འདི་ལ་སྐར་མ་9:37བར་མ་གཏོགས་ཡི་གེ་མེད།							
587	STT_AM_AB0585	8	https://docs.google.com/document/d/15XbQWxd_qPzfzashyKAUrIl3dr62qu70sILPDvKbKFM/edit?usp=sharing	text	https://youtu.be/FZ2EssWY_FU?si=SsgYJxx2FCDyir9M	0:16:22	Youtube	MV	MP4	True	Very goog	AM_003				group A	Uploaded								
588	STT_AM_AB0586		https://docs.google.com/document/d/1TomvQtLUBFO1iKUaI0L-xwAajWJvIQxolIhWhRFkWW8/edit?usp=sharing	text	https://youtu.be/_5ME9OLFbxc?si=1B8edG5NbrGauow1	0:20:14	Youtube	MV	MP4	True	Very goog	AM_003				group A	Uploaded								
589	STT_AM_AB0587	2	https://docs.google.com/document/d/1_S5HrYCKBk9tUp6kKtmM51Cmf_6YLdGCOiXmmOP7E0E/edit?usp=sharing	text	https://youtu.be/k-PGFWrUP9w?si=m_EV-jxwYyAJn0xi	0:23:30	Youtube	MV	MP4	True	Very goog	AM_003				group A	Uploaded								
590	STT_AM_AB0588	3	https://docs.google.com/document/d/1kIVsGuaQWPkus7-V8MNlf1JlAtew0xSeEXtxkgYbCYY/edit?usp=sharing	text	https://youtu.be/46Ev_BnlwOE?si=kOBnmTUaLnO3p1b_	0:22:16	Youtube	MV	MP4	True	Very goog	AM_003				group A	Uploaded								
591	STT_AM_AB0589	4	https://docs.google.com/document/d/1NHVqOqwyOO4alRlYkIhRF1_GDa6QbVGAjri4mFz_xjM/edit?usp=sharing	text	https://youtu.be/z2rRB2j6YSs?si=qS_bVsitwU36K2Fg	0:21:19	Youtube	MV	MP4	True	Very goog	AM_003				group A									
592	STT_AM_AB0590	5	https://docs.google.com/document/d/1qDQThqLi9bI_jE85dfqWPj3VCzzSNWKJtW9IKdUIGJ0/edit?usp=sharing	text	https://youtu.be/1XsdWDf-eTI?si=8uBEnL5W8iINUVlu	0:22:15	Youtube	MV	MP4	True	Very goog	AM_003				group A	Uploaded								
593	STT_AM_AB0591	6	https://docs.google.com/document/d/1F3L6tb4ME9HpXz4RuxdGBGnwxyZYFQHc9FhufogQmNA/edit?usp=sharing	text	https://youtu.be/IBJjXpBPP-Q?si=CJ0FxD42j6lzIxHs	0:20:58	Youtube	MV	MP4	True	Very goog	AM_003				group A	Uploaded								
594	STT_AM_AB0592	7	https://docs.google.com/document/d/1NpaJIrPSovhEjqKsNUVO8Dj0XYUm0WiJNA0J9rStG_8/edit?usp=sharing	text	https://youtu.be/fgFSVdupf2o?si=olr07ju1B50L_hnU	0:24:20	Youtube	MV	MP4	True	Very goog	AM_003				group A	Uploaded								
595	STT_AM_AB0593	8	https://docs.google.com/document/d/1Pgop1fKvSayTG9VFWJbfSuxJ8yGy1P5HsWPVbCVhxi0/edit?usp=sharing	text	https://youtu.be/9zYygOH05aI?si=2yrMrFgygdbO8zLG	0:22:50	Youtube	MV	MP4	True	Very goog	AM_003				group A	Uploaded								
596	STT_AM_AB0594	9	https://docs.google.com/document/d/1uwyjss7D-inLt1pYmM0s_eeW-LbvjIq5WRQO3DUeTuk/edit?usp=sharing	text	https://youtu.be/rYnpm9nmrW0?si=3jRboKWmaH7S0cUa	0:20:45	Youtube	MV	MP4	True	Very goog	AM_003				group A	Uploaded	སྒྲ་ཐག་འདི་ལ་སྐར་14:16བར་དུ་མ་གཏོགས་ཡི་གེ་མེད།							
597	STT_AM_AB0595	10			https://youtu.be/f0QvcDB4olQ?si=CdKPAHtkIZiB3baF	0:22:37	Youtube	MV	MP4	True	Very goog	AM_003				group A									
598	STT_AM_AB0596	11			https://youtu.be/w7p86-Q2i2c?si=OVMQBIiVS99Qw5oZ	0:20:36	Youtube	MV	MP4	True	Very goog	AM_003				group A									
599	STT_AM_AB0597	12			https://youtu.be/THRPuZ949Yg?si=dk5xsJ_DUUpevtLT	0:20:44	Youtube	MV	MP4	True	Very goog	AM_003				group A									
600	STT_AM_AB0598	13			https://youtu.be/VGpolqNLmhE?si=KKAUHVpaFWLQYIDu	0:21:22	Youtube	MV	MP4	True	Very goog	AM_003				group A									
601	STT_AM_AB0599	14			https://youtu.be/8H-gqUenqkg?si=cFEnoEbKUEH4Maqs	0:21:34	Youtube	MV	MP4	True	Very goog	AM_003													
602	STT_AM_AB0600	15			https://youtu.be/40mPsyYUC1o?si=Ptm4Rd-_9RZT-Nx1	0:23:03	Youtube	MV	MP4	True	Very goog	AM_003													
603	STT_AM_AB0601	16			https://youtu.be/sGrnqo30peA?si=hI-HTV0wsUTkJPEn	0:21:27	Youtube	MV	MP4	True	Very goog	AM_003													
604	STT_AM_AB0602	17			https://youtu.be/8nzibx4dAsM?si=c7KUTL5batzO-Lk8	0:21:11	Youtube	MV	MP4	True	Very goog	AM_003													
605	STT_AM_AB0603	18			https://youtu.be/lquzrnBShk8?si=ujKM_3F10iuUML26	0:21:31	Youtube	MV	MP4	True	Very goog	AM_003													
606	STT_AM_AB0604	19	https://docs.google.com/document/d/1tFQblJrBYED3gkxHy0jNvT9RwIjk1Jg-ji-GdKw_26U/edit?usp=sharing	text	https://youtu.be/VIbPXbYngMo?si=ZqO_49WhbETb1ff1	0:21:21	Youtube	MV	MP4	True	Very goog	AM_003				group A	Uploaded								
607	STT_AM_AB0605	20	https://docs.google.com/document/d/13dllAuH9HB4qVu_fvnsp9MTvpuLrcPvC6pycMYC0kx0/edit?usp=sharing	text	https://youtu.be/ZcjInUIsaH4?si=8URrXkfkvfuT_KJB	0:21:42	Youtube	MV	MP4	True	Very goog	AM_003				group A	Uploaded								
608	STT_AM_AB0606	21	https://docs.google.com/document/d/1iqXYwmQr_GEpzvNeUecVVhJwGMvjUUQMQYMkhkSeY0o/edit?usp=sharing	text	https://youtu.be/cKcMKR_CjQQ?si=0qRzaykrBoqnhXgL	0:21:57	Youtube	MV	MP4	True	Very goog	AM_003				group A	Uploaded								
609	STT_AM_AB0607	22	https://docs.google.com/document/d/1CwkVUUIdxYHFjW_Q4tKNB4essw7JVIKFCSHXCpS4lVQ/edit?usp=sharing	text	https://youtu.be/617e66L_KkQ?si=GH0HEpdE3U5DJvro	0:21:20	Youtube	MV	MP4	True	Very goog	AM_003				group A	Uploaded								
610	STT_AM_AB0608	23	https://docs.google.com/document/d/13GoZakDTm8og9LY2tqAv2R2gV7hRuspXdh3v6_-LvMY/edit?usp=sharing	text	https://youtu.be/ok4MSQsPqGY?si=Knc0cpgUzvCFnxdJ	0:23:13	Youtube	MV	MP4	True	Very goog	AM_003				group A	Uploaded								
611	STT_AM_AB0609	24	https://docs.google.com/document/d/108Ik5aQ6ZjLwFrE54VH6RYC5gKBpeXp2N5A4GGkfyOs/edit?usp=sharing	text	https://youtu.be/8rr9Y9PF9f0?si=xbqsE1A8N3Bmr9_d	0:21:40	Youtube	MV	MP4	True	Very goog	AM_003				group A	Uploaded								
612	STT_AM_AB0610	25	https://docs.google.com/document/d/1TD52FETgmdZVm7dkyuCL_3uapVFhAS15nMUZA7ERHKo/edit?usp=sharing	text	https://youtu.be/6YWpnUGupWI?si=n0vwi8MQ3PkhzTZf	0:20:58	Youtube	MV	MP4	True	Very goog	AM_003				group A	Uploaded								
613	STT_AM_AB0611	26	https://docs.google.com/document/d/165NkBhCusbuOv40dArRCj1o3xOtbDKOqXNCQxGF09zY/edit?usp=sharing	text	https://youtu.be/i8Oe0FwcCKc?si=MbjQLtIBGof6F7GE	0:19:23	Youtube	MV	MP4	True	Very goog	AM_003				group A	Uploaded								
614	STT_AM_AB0612	27	https://docs.google.com/document/d/1UNAW8t_6ZNgZSzmmQHzMTH7RzhgJDz4u3QoxvwZgLnY/edit?usp=sharing	text	https://youtu.be/1OrCVPGRSWs?si=vtYL5k4K3Mb067im	0:20:28	Youtube	MV	MP4	True	Very goog	AM_003				group A	Uploaded								
615	STT_AM_AB0613	28	https://docs.google.com/document/d/1U_9e5ZCz6XD4A5laAs_opCkDQzjZi_7ott4B_akju18/edit?usp=sharing	text	https://youtu.be/MLYAEXzaCi4?si=eD4qOa8h5rJKPUIR	0:21:03	Youtube	MV	MP4	True	Very goog	AM_003				group A	Uploaded								
616	STT_AM_AB0614	29	https://docs.google.com/document/d/1_Uv7qxZs09Ry9fjmHDCSKpdZ3EhfiMu8rolYhdtSFLg/edit?usp=sharing	text	https://youtu.be/rUTJ94TNjG8?si=N9O9AnOZYKZVT2lg	0:22:09	Youtube	MV	MP4	True	Very goog	AM_003				group A	Uploaded								
617	STT_AM_AB0615	30	https://docs.google.com/document/d/1fzw-dy_pUxkUKuYcrayxvMdfU9SefICUZKJK5itYANU/edit?usp=sharing	text	https://youtu.be/GOjPX3iVjDE?si=0yCCni6cRmHyWsJZ	0:20:16	Youtube	MV	MP4	True	Very goog	AM_003				group A	Uploaded								
618	STT_AM_AB0616	31	https://docs.google.com/document/d/1a_H3LR_mNonoUd-sTzeB7M-mHPgsjgS8J4WH08PBUqk/edit?usp=sharing	text	https://youtu.be/_umF8kYVK0o?si=J3t-A887B1IfN5SA	0:19:13	Youtube	MV	MP4	True	Very goog	AM_003				group A	Uploaded								
619	STT_AM_AB0617		https://docs.google.com/document/d/1HLVht8YTevec8uY0pz8SFVRk8uspMyE60v5azvDpcoA/edit?usp=sharing	text	https://drive.google.com/file/d/1Xu4OW9uzq5ERfqYUvgsTgqe_EghLspk1/view?usp=sharing	0:23:24	Google drive		MP3	False	Very goog	AM_006				group A	Uploaded								
620	STT_AM_AB0618	2	https://docs.google.com/document/d/1zUQ0qr3AFtvx68rCew7WvOzJK5ebukEeuqYF7M-HEZE/edit?usp=sharing	text	https://drive.google.com/file/d/1FJ0s8aQV1jL5WUgCXCGTklikpWmwVQYk/view?usp=sharing	0:22:04	Google drive		MP3	False	Very goog	AM_006				group A	Uploaded								
621	STT_AM_AB0619	3	https://docs.google.com/document/d/1LxFHSXs2LcPHo8kPzMxdNccO7hd1ZCLtbJM0w8IkhVI/edit?usp=sharing	text	https://drive.google.com/file/d/1b_5vY_jaOhmn6-4jCFDDqwZ-exnLv0hN/view?usp=sharing	0:23:17	Google drive		MP3	False	Very goog	AM_006				group A	Uploaded								
622	STT_AM_AB0620	4	https://docs.google.com/document/d/1MVloI3kaGXWCsYhbab103f58P4oqmusm729xBZ4dSHY/edit?usp=sharing	text	https://drive.google.com/file/d/1z4S4rSrbFddBfGdPzzNu2rn_LaYsRno5/view?usp=sharing	0:21:04	Google drive		MP3	False	Very goog	AM_006				group A	Uploaded								
623	STT_AM_AB0621	5	https://docs.google.com/document/d/1zY13PtnfiU0ulT8sDwxgE-JR2ZnN6fIYbg2PRpslqeo/edit?usp=sharing	text	https://drive.google.com/file/d/1UO0yzof6Akyu5aBpNhZYh7JmkFFJMxIF/view?usp=sharing	0:21:47	Google drive		MP3	False	Very goog	AM_006				group A	Uploaded								
624	STT_AM_AB0622	6	https://docs.google.com/document/d/1aA1ZX1uh9DDkTNeoRzI8zoxGYV7OKo3qOrh990VxVSY/edit?usp=sharing	text	https://drive.google.com/file/d/1ItUW0NlvveJ6Pdn42rukL7kkMeXf5xKH/view?usp=sharing	0:20:37	Google drive		MP3	False	Very goog	AM_006				group A	Uploaded								
625	STT_AM_AB0623	7	https://docs.google.com/document/d/1Dlh1kDfHFy4ncwrJDYxG0hs7zlZ2AC412mWW05-IA5w/edit?usp=sharing	text	https://drive.google.com/file/d/1hV4e8Zu4-at0oTs6hXFKwpc8DW-2OyFk/view?usp=sharing	0:21:27	Google drive		MP3	False	Very goog	AM_006				group A	Uploaded								
626	STT_AM_AB0624	8	https://docs.google.com/document/d/1x14DkwNgtRu_GryY3FrcFi-GHoeBsBv7B2CByr_lEv0/edit?usp=sharing	text	https://drive.google.com/file/d/15gp-LNWz7BlJK0r9Z2KGSb3hf-OXORTo/view?usp=sharing	0:21:04	Google drive		MP3	False	Very goog	AM_006				group A	Uploaded								
627	STT_AM_AB0625	9	https://docs.google.com/document/d/1axQHQw4zEYeUMFIan4s_IBOkUKuE_yr5EESUXTBAJ3U/edit?usp=sharing	text	https://drive.google.com/file/d/1-d-by1Se43ql-6mH8FodiH9ljeYN_Mgc/view?usp=sharing	0:24:14	Google drive		MP3	False	Very goog	AM_006				group A	Uploaded								
628	STT_AM_AB0626	10	https://docs.google.com/document/d/1D6FZY_ANeS2kRQi4xKD8NyxFoq4hILqeLPLjhmIxPec/edit?usp=sharing	text	https://drive.google.com/file/d/1_rNOETj2H2SpreDdwppJT5OVdrgFMyPO/view?usp=sharing	0:21:15	Google drive		MP3	False	Very goog	AM_006				group A	Uploaded								
629	STT_AM_AB0627	11	https://docs.google.com/document/d/1uwpL6FNoCSh4A_n3mqnFLNKvsM_5Pgxs3VC1Sa70VZo/edit?usp=sharing	text	https://drive.google.com/file/d/1vlyZdp7PY1o0AZncGC6C5jGxpSDEBG4e/view?usp=sharing	0:22:16	Google drive		MP3	False	Very goog	AM_006				group A	Uploaded								
630	STT_AM_AB0628	12	https://docs.google.com/document/d/1RjJDZ32Jy6p3Ove0TU-EFwVP7UQdWxdIEFwPDKWhr_E/edit?usp=sharing	text	https://drive.google.com/file/d/1U30pZrIsUq6YUGRp-Oyjbs-JEmfBbesk/view?usp=sharing	0:20:43	Google drive		MP3	False	Very goog	AM_006				group A	Uploaded								
631	STT_AM_AB0629	13	https://docs.google.com/document/d/18zeHHOiptiDviu3Ojb-hmg_Qw8lThr8rnOReqKop-Ns/edit?usp=sharing	text	https://drive.google.com/file/d/1PhF800Nu4-PzcwJCNf4P1jPEUDbKyRLv/view?usp=sharing	0:21:27	Google drive		MP3	False	Very goog	AM_006				group A	Uploaded								
632	STT_AM_AB0630	14	https://docs.google.com/document/d/1OTkooxffJq1l7_LqwTrCr_NcXYr79wHnA_J0hA1TEb4/edit?usp=sharing	text	https://drive.google.com/file/d/1eqxLdJ2ouanR-UZrzapXMrvIVinbgD8N/view?usp=sharing	0:25:24	Google drive		MP3	False	Very goog	AM_006				group A	Uploaded								
633	STT_AM_AB0631	15	https://docs.google.com/document/d/1UQyQCQt71uVxERbkmZleSwwud_MIHy1ca_shXd_D4qQ/edit?usp=sharing	text	https://drive.google.com/file/d/12BCs8OZ9IesTPtveGEQFd0KuYOqhcwRa/view?usp=sharing	0:22:06	Google drive		MP3	False	Very goog	AM_006				group A	Uploaded	དྲྭ་ཐག་འདི་ལ་སྐར་མ་14:09མ་གཏོགས་ཡི་གེ་མི་འདུག།							
634	STT_AM_AB0632	19	https://docs.google.com/document/d/17xYUjKNWvYEfrwxLOGnYuydpN9wE_CMTmwiWII9Yso8/edit?usp=sharing	text	https://drive.google.com/file/d/1jXFUR6_jBUc_pvEg5PmcjypzzBdaRKzM/view?usp=sharing	0:20:42	Google drive		MP3	False	Very goog	AM_006				group A	Uploaded								
635	STT_AM_AB0633	20	https://docs.google.com/document/d/1x5RtCJvmr0dqZygvKcYTVg71Pe6taAtZh0wTP44Ers0/edit?usp=sharing	text	https://drive.google.com/file/d/19QiL9Xx_5lIi4ZQVZCZWGFS6dz_TADwP/view?usp=sharing	0:32:23	Google drive		MP3	False	Very goog	AM_006				group A	Uploaded	25/12/2025							
636	STT_AM_AB0634		https://docs.google.com/document/d/1x2pO3OLg1YQO7h_U0UJQ9MaWLLdi8t3AfkIwxhjiHUk/edit?usp=sharing	text	https://youtu.be/Z0ilVZ2ShqE?si=ksz-9hIc9b-OobbC	0:16:45	Youtube	MV	MP4	True	Very goog	AM_006				group A	Uploaded								
637	STT_AM_AB0635	2	https://docs.google.com/document/d/1ZmmOcbQF8DpQnZPaZ7Gv_7NpRS11yTc9mRA26NFyGtA/edit?usp=sharing	text	https://youtu.be/e3xcwadtP3Y?si=RdanL2dSTM1uaGvl	0:16:10	Youtube	MV	MP4	True	Very goog	AM_006				group A	Uploaded								
638	STT_AM_AB0636	4	https://docs.google.com/document/d/1aq13Scj0mAFOu7twwrLCJm4ie0aUvJwiZM0FEH1zVjA/edit?usp=sharing	text	https://youtu.be/sANdpnKW5O0?si=5G-RmVwp_v-3Mp5e	0:12:00	Youtube	MV	MP4	True	Very goog	AM_006				group A	Uploaded								
639	STT_AM_AB0637	5	https://docs.google.com/document/d/1V-IRrRo-GUOiWBerG7igPi6ghyiFK8jMnruAX2zAKBQ/edit?usp=sharing	text	https://youtu.be/AKmWJDKG0tQ?si=8_lWE5Bnyc-AQusT	0:14:00	Youtube	MV	MP4	True	Very goog	AM_003				group A	Uploaded								
640	STT_AM_AB0638	6	https://docs.google.com/document/d/1KsRjZmp-oJrq6O4GRNgbV1CZ49IB_tnM-7D4qInXCoc/edit?usp=sharing	text	https://youtu.be/9Iy3Sp01lfQ?si=r3x5XMksr53Mtj85	0:17:43	Youtube	MV	MP4	True	Very goog	AM_003				group A	Uploaded								
641	STT_AM_AB0639	7	https://docs.google.com/document/d/1yhHdr-_7OeTY4At5kDKCFi4Rl49Rly-HxGIoIGbuIsw/edit?usp=sharing	text	https://youtu.be/wYqvlI4t69o?si=-XjR12M8XsCsknTc	0:17:51	Youtube	MV	MP4	True	Very goog	AM_003				group A	Uploaded								
642	STT_AM_AB0640	8	https://docs.google.com/document/d/1L24SW9lhwTD2IlyO4R-HHxUBQNlw3iOTkFdoMk9XaE4/edit?usp=sharing	text	https://youtu.be/JcmlwaQtKzs?si=JWvj2QyksUjDWami	0:17:05	Youtube	MV	MP4	True	Very goog	AM_003				group A	Uploaded								
643	STT_AM_AB0641	9	https://docs.google.com/document/d/1KJ6rdzphqrIQVro3_QfzIRJOfcfGpeeQS3JuVN7g26I/edit?usp=sharing	text	https://youtu.be/RP7bKuW8OnQ?si=LdiL7KbOOQE_44qq	0:16:46	Youtube	MV	MP4	True	Very goog	AM_003				group A	Uploaded								
644	STT_AM_AB0642	10	https://docs.google.com/document/d/1Mh5lST_qxVBJLH15M2-4Iu3kzmY48CtF5k5wMURPaKU/edit?usp=sharing	text	https://youtu.be/RYGGugsFTeA?si=vnDpZ8fgvdZ3zgat	0:12:40	Youtube	MV	MP4	True	Very goog	AM_003				group A	Uploaded								
645	STT_AM_AB0643	11	https://docs.google.com/document/d/1aL7IQPHGk26wrP7CeybiulDhbhUGLHHV5ORGCoAnH7E/edit?usp=sharing	text	https://youtu.be/W0lGdVh8tUE?si=x9U9UmXkzU-AWdhs	0:11:34	Youtube	MV	MP4	True	Very goog	AM_003				group A	Uploaded								
646	STT_AM_AB0644	12	https://docs.google.com/document/d/1Q5fzy_3rPT-pQv4UWwLDE3xSkWZn_m9qx9T4DLb2_u4/edit?usp=sharing	text	https://youtu.be/61BJCQrV34U?si=DrcsUy9PZsmjy9JT	0:12:40	Youtube	MV	MP4	True	Very goog	AM_003				group A	Uploaded								
647	STT_AM_AB0645	13	https://docs.google.com/document/d/1XeVwJp01h7HpfiCDvR9m9aS8r9XRnucRc4ypicgymJM/edit?usp=sharing	text	https://youtu.be/rANLOUZxTbk?si=VOx2tVJcsFEWFHaR	0:18:17	Youtube	MV	MP4	True	Very goog	AM_003				group A	Uploaded								
648	STT_AM_AB0646	14	https://docs.google.com/document/d/1sAAdCNEayg-MCgBBtPXfjdgH7j_zE3kT-y3CODxsfmY/edit?usp=sharing	text	https://youtu.be/Vc19iP-NxIY?si=Wl80UlztlyUdDQbW	0:17:38	Youtube	MV	MP4	True	Very goog	AM_003				group A	Uploaded								
649	STT_AM_AB0647	15	https://docs.google.com/document/d/1QQDMbq5KqDsjoFNVMXkcnFqLB-raXSFS_PTzzY6TXvU/edit?usp=sharing	text	https://youtu.be/ROgMGgXVvUg?si=yDQQBAYAe0l2X6WU	0:20:28	Youtube	MV	MP4	True	Very goog	AM_003				group A	Uploaded								
650	STT_AM_AB0648	16	https://docs.google.com/document/d/1KLsN0bD02lhzUzQThv0OzZN5ee7rz_e2pk8bj6L7E_Y/edit?usp=sharing	text	https://youtu.be/2pVSVwBxbg0?si=R5WbNOP5ds7mVwRD	0:21:33	Youtube	MV	MP4	True	Very goog	AM_003				group A	Uploaded								
651	STT_AM_AB0649	17	https://docs.google.com/document/d/1AA-AQWKPGqH3wrnd9i1nkjtMudE90CZlWeKLN1p_sh0/edit?usp=sharing	text	https://youtu.be/rHT2OPuZg6s?si=KKyHzRj-CW-vtOj3	0:13:01	Youtube	MV	MP4	True	Very goog	AM_003				group A	Uploaded								
652	STT_AM_AB0650	18	https://docs.google.com/document/d/1uAR_woyPZemW5kjQyeI7ln49xo9qnnQh5YHj4sdDtPI/edit?usp=sharing	text	https://youtu.be/gOXNHugrfVU?si=FwdA8f0j-cVo_rlZ	0:19:04	Youtube	MV	MP4	True	Very goog	AM_003				group A	Uploaded								
653	STT_AM_AB0651	19	https://docs.google.com/document/d/1X6h1jPOtFFSbY2_VuGQQ36MMS1yjoP1aUdeSOv6IS98/edit?usp=sharing	text	https://youtu.be/CEIOiFm4dcg?si=JOKcaLNwOegcqqr3	0:18:51	Youtube	MV	MP4	True	Very goog	AM_003				group A	Uploaded								
654	STT_AM_AB0652	20	https://docs.google.com/document/d/1q1lijjN12TKGnUhMnIt03YCdvUfnhEzGetrGdodINZM/edit?usp=sharing	text	https://youtu.be/x3sBM_bnLOo?si=bvapfmUsdoizR_N5	0:19:11	Youtube	MV	MP4	True	Very goog	AM_003				group A	Uploaded								
655	STT_AM_AB0653	21	https://docs.google.com/document/d/1O850Cv4e-Z91tAdqoaG56SRSsTAwH7Nf-vd7D71ww70/edit?usp=sharing	text	https://youtu.be/NYDG2veAsOM?si=po6ZHu4TcTr068E0	0:15:55	Youtube	MV	MP4	True	Very goog	AM_003				group A	Uploaded								
656	STT_AM_AB0654	22	https://docs.google.com/document/d/1yExFVzk0Dq4kyfbQGAfHjhnyYzq6ldfFrr8AdDe27yY/edit?usp=sharing	text	https://www.youtube.com/watch?v=eylOIKYdk8k	0:07:43	Youtube	MV	MP4	True	Very goog	AM_003				group A	Uploaded								
657	STT_AM_AB0655	23	https://docs.google.com/document/d/1UvXT-RqR6qXzy877fo-DUy0xnE7_klhiggQNBO8yqV0/edit?usp=sharing	text	https://youtu.be/Tny0eZhFNGU?si=yr3drFu2ciHRtyHA	0:11:34	Youtube	MV	MP4	True	Very goog	AM_003				group A	Uploaded								
658	STT_AM_AB0656	24	https://docs.google.com/document/d/1VZJlGAndsAspfPDE5LdTV0Tre_mjxNsbC3_vLo9cPus/edit?usp=sharing	text	https://youtu.be/u3PDlb4nq9g?si=O9s2nQ0g6NXL-fTS	0:14:08	Youtube	MV	MP4	True	Very goog	AM_003				group A	Uploaded								
659	STT_AM_AB0657	25	https://docs.google.com/document/d/11_V9MitPUbt0sQgHznqYZ6ys9UAX9mrWPTD_LvVwzFc/edit?usp=sharing	text	https://youtu.be/6gfjCpKc11M?si=nJHwsfTtddHwfnvH	0:17:08	Youtube	MV	MP4	True	Very goog	AM_003				group A	Uploaded								
660	STT_AM_AB0658	26	https://docs.google.com/document/d/1hUjANcEysZfGkVHkc3TzgctnwMwBuR5-B2hBFer39qY/edit?usp=sharing	text	https://youtu.be/mg6BDy-oqlM?si=aSPJ9hnbwOJIx8vp	0:07:34	Youtube	MV	MP4	True	Very goog	AM_003				group A	Uploaded								
661	STT_AM_AB0659		https://docs.google.com/document/d/11sVleYcf0be0cj8H_QxWu3Y7kfdoRy5s1e937k7z9Pg/edit?usp=sharing	text	https://youtu.be/ii82UZGID60?si=DmprAmUIV0mIH6fT	1:05:21	Youtube	MV	MP4	False	Very goog	AM_005				group A	Uploaded								
662	STT_AM_AB0660	2	https://docs.google.com/document/d/1ZFeZ7skmKpzV8NfeEugYhdzO8oTxKALQVSakXdULdSw/edit?usp=sharing	text	https://youtu.be/T66eLSVaeIw?si=bATcdNz6h2px7COt	0:21:34	Youtube	MV	MP4	False	Very goog	AM_005				group A	Uploaded								
663	STT_AM_AB0661	3	https://docs.google.com/document/d/1LY9SeNslgzWPKBzPmo1DK2-yUCp5OFmuodw50tRXEqI/edit?usp=sharing	text	https://youtu.be/-v2WIqddP_k?si=-xMlBj9rxU5NoHBJ	0:19:32	Youtube	MV	MP4	False	Very goog	AM_005				group A	Uploaded								
664	STT_AM_AB0662	4	https://docs.google.com/document/d/17L6UCoMMc3OwHhqoiyMxocQmoe_5NAvSeBsdPbdBOKc/edit?usp=sharing	text	https://youtu.be/RdHB33PBR-g?si=At9H7mqmiwX_DYKb	0:41:00	Youtube	MV	MP4	False	Very goog	AM_005				group A	Uploaded								
665	STT_AM_AB0663	5	https://docs.google.com/document/d/1EoRIEq6oIithGlYPVGh9isnDD4WF-Z1As-QWi5ZKglo/edit?usp=sharing	text	https://youtu.be/6GWA3IceLJQ?si=Mwf4wVW5DUp8cohH	0:33:33	Youtube	MV	MP4	False	Very goog	AM_005				group A	Uploaded								
666	STT_AM_AB0664	6	https://docs.google.com/document/d/1ADJAnoKhjUdu8hE-ArgwBgKlE-T7GG94sza1mATeXJo/edit?usp=sharing	text	https://youtu.be/fjfCL-T57iY?si=2wPryK6l0ndxnC7C	0:36:23	Youtube	MV	MP4	False	Very goog	AM_005				group A	Uploaded								
667	STT_AM_AB0665		https://docs.google.com/document/d/1SpqqnnR7NBT3Lu9jSfqGxmNDwfHfwYVZcdJYZvLJ1_I/edit?usp=sharing	text	https://www.youtube.com/watch?v=d0W5n6ZW3ok	0:24:10	Youtube	MV	MP4	True	Very goog	AM_003				group A	Uploaded								
668	STT_AM_AB0666	2	https://docs.google.com/document/d/1sOhawR4xNEs1wutJ34jGwbffkt4eHtjMJQUoIfrrP-g/edit?usp=sharing	text	https://youtu.be/7Qg8voHzme4?si=7BrjADe6YOZkQmgr	0:10:58	Youtube	MV	MP4	True	Very goog	AM_003				group A	Uploaded								
669	STT_AM_AB0667	3	https://docs.google.com/document/d/1NxMcIVU37keREzoxK3XIeyAVYc_r2JJecRmDPxo0O_o/edit?usp=sharing	text	https://youtu.be/lqnke6ck6yM?si=g3ZJ3pU_cwboAcF4	0:17:46	Youtube	MV	MP4	True	Very goog	AM_003				group A	Uploaded								
670	STT_AM_AB0668	4	https://docs.google.com/document/d/1604tfAbily1-UWWYDa5hghG6aBlVKIlrhg6AvqYH_ZU/edit?usp=sharing	text	https://youtu.be/ApolrHRAH1M?si=6vB2VIOGY4VHr_P9	0:18:20	Youtube	MV	MP4	True	Very goog	AM_003				group A	Uploaded								
671	STT_AM_AB0669	5	https://docs.google.com/document/d/1HliJsp-pYddiRwFhSvL3nJYacEL5b1OX6Fwe0L9xMpw/edit?usp=sharing	text	https://youtu.be/3kFLY4qpd9k?si=hpW3omdqETJWWBYW	0:23:30	Youtube	MV	MP4	True	Very goog	AM_003				group A	Uploaded								
672	STT_AM_AB0670	6	https://docs.google.com/document/d/19SUtagcPeTn5me-ZQdOqccB4jQXhZUJ9Kq8fg-a_zJU/edit?usp=sharing	text	https://youtu.be/sj0XZY_z9NY?si=VgnBc4lnBQ2vvB0q	0:05:50	Youtube	MV	MP4	True	Very goog	AM_003				group A	Uploaded								
673	STT_AM_AB0671	7	https://docs.google.com/document/d/12r407NnoCTCf2b9ZmlJMdwduz_JKieADc7hBRLa8SpI/edit?usp=sharing	text	https://youtu.be/0NXKeMW0gyU?si=hNLDFCgT5e0LX64X	0:21:41	Youtube	MV	MP4	True	Very goog	AM_003				group A	Uploaded								
674	STT_AM_AB0672	8	https://docs.google.com/document/d/16mqDen4tJoS4a2_H7LMXxOQAZX7PqNYpIp9m1BI1Gac/edit?usp=sharing	text	https://youtu.be/A2NkV2ozJ_w?si=TL22MsQPb1Ryxnmx	0:19:10	Youtube	MV	MP4	True	Very goog	AM_003				group A	Uploaded								
675	STT_AM_AB0673	9	https://docs.google.com/document/d/1_NUn2nNsTMMp9g-O018ddDBEpLSRIZj0BaqAtF-atQs/edit?usp=sharing	text	https://youtu.be/T1trDDqpq-Q?si=mK8frFMauFXEUsG6	0:14:30	Youtube	MV	MP4	True	Very goog	AM_003				group A	Uploaded								
676	STT_AM_AB0674	10	https://docs.google.com/document/d/1UhqINQeSaQ3-asA2oUrFZxKUgmSCl58g71Ey5_V19pU/edit?usp=sharing	text	https://youtu.be/JHK-XllEtIE?si=hoBOj2lvXfRlGhkX	0:32:22	Youtube	MV	MP4	True	Very goog	AM_003				group A	Uploaded								
677	STT_AM_AB0675	11	https://docs.google.com/document/d/1KlEUWnK6IuGQPWz5hZaNzNT-CrwhtGzzXOqemm0YtYs/edit?usp=sharing	text	https://youtu.be/FozuQ_2u9Og?si=B-AIV95bU9hbjSTu	0:30:34	Youtube	MV	MP4	True	Very goog	AM_003				group A	Uploaded								
678	STT_AM_AB0676	12	https://docs.google.com/document/d/1GNyDC56hwYfvpCyLNGGfLJDlkNFgBt5JYUmu0l998fg/edit?usp=sharing	text	https://youtu.be/XDbGbV9J6nk?si=W2SLQfwt1cSkCymH	0:28:06	Youtube	MV	MP4	True	Very goog	AM_003				group A	Uploaded								
679	STT_AM_AB0677	13	https://docs.google.com/document/d/1j5Kpm37ayjAhn_yWI3kbbGWx2bLDXWRfTClzyrp6sW4/edit?usp=sharing	text	https://youtu.be/5gI86kuMTAI?si=HZ3t_WXkxy2D_LCB	0:17:00	Youtube	MV	MP4	True	Very goog	AM_003				group A	Uploaded								
680	STT_AM_AB0678	14	https://docs.google.com/document/d/1vL5_WD4PUillm8bi1r2Ye-nDvr8VIjjrcUFgh_izmaI/edit?usp=sharing	text	https://youtu.be/NyYV17rGzzI?si=qYClRS6RxKGY_T0m	0:26:00	Youtube	MV	MP4	True	Very goog	AM_003				group A	Uploaded								
681	STT_AM_AB0679	15	https://docs.google.com/document/d/1WWLwVxWjYEE2HNIjwjycIHcHukck1fO-nopyokkyOcc/edit?usp=sharing	text	https://youtu.be/twOZK-0I0yA?si=MuOvoDeJE1va7-rl	0:20:06	Youtube	MV	MP4	True	Very goog	AM_003				group A	Uploaded								
682	STT_AM_AB0680	16	https://docs.google.com/document/d/1qjPECiiMZbtkxZqP9dJ0sro4DtTy64kBhYkU_s7ou7A/edit?usp=sharing	text	https://youtu.be/Kp0i6nZZqAI?si=2lg9uyX4HMM-H_lQ	0:22:46	Youtube	MV	MP4	True	Very goog	AM_003				group A	Uploaded								
683	STT_AM_AB0681	17	https://docs.google.com/document/d/1PNfPsb0IHeEy86a4SLZ3CHPNfn1lSK8fVv_8V_kAGlY/edit?usp=sharing	text	https://youtu.be/TYHbseqCJZg?si=KPtfQ1ZAju6YU4ou	0:19:04	Youtube	MV	MP4	True	Very goog	AM_003				group A	Uploaded								
684	STT_AM_AB0682		https://docs.google.com/document/d/1cmu805O0unWnmn1TTKksBe0rxl634YvO8KWv772Mp9E/edit?usp=sharing	text	https://youtu.be/jKdztEZ6uYw?si=W_XpQ8tqC_VldE_J	0:31:12	Youtube	MV	MP4	False	Very goog	AM_003				group A	Uploaded								
685	STT_AM_AB0683	2	https://docs.google.com/document/d/1LIgSL8ubOGSLxrmmvsCTr2KLMKq22cmtL4maspZ1h-g/edit?usp=sharing	text	https://youtu.be/WKWIpVbIPMo?si=lJvRt3FH7TWWIJkZ	0:26:20	Youtube	MV	MP4	False	Very goog	AM_003				group A	Uploaded								
686	STT_AM_AB0684	3	https://docs.google.com/document/d/1IP01XUXO8C1CiYS6zf9K2MKCXxVRXR3IYXlYKOgzsSE/edit?usp=sharing	text	https://youtu.be/0Repd13Sz3U?si=fP6UgYaakAnYEAEk	0:20:21	Youtube	MV	MP4	False	Very goog	AM_003				group A	Uploaded								
687	STT_AM_AB0685	4	https://docs.google.com/document/d/1qtqz2kzsYVivtxpXlfKfATsOi5L5qQWngzo7XzPB1fw/edit?usp=sharing	text	https://youtu.be/qb7Yi68pl64?si=c3bsUT_VbDrni9WW	0:31:25	Youtube	MV	MP4	False	Very goog	AM_003				group A	Uploaded								
688	STT_AM_AB0686	5	https://docs.google.com/document/d/1cqkuNjS-Zz88R-dxRfDbE6zB3t9P5gRyCXIOcxLqIrM/edit?usp=sharing	text	https://youtu.be/rKE4NnD_MWc?si=pmbAYJfaa42NToAx	0:27:47	Youtube	MV	MP4	False	Very goog	AM_003				group A	Uploaded								
689	STT_AM_AB0687	6	https://docs.google.com/document/d/1LoQfn8InWKr-MPjcMNNEcoPvR6z8lmnBbaepVHJlRQM/edit?usp=sharing	text	https://youtu.be/UU_Oh11J-aA?si=gGDGdRZLUinlIO1p	0:33:34	Youtube	MV	MP4	False	Very goog	AM_003				group A	Uploaded								
690	STT_AM_AB0688	7	https://docs.google.com/document/d/1ub4kZ_kKOVZtgooXA1Vt3vTaGxrI1pkUh4ISCRyaxGI/edit?usp=sharing	text	https://youtu.be/Hu8oTt7EDhE?si=mFsCe6Pjp66UFv7T	0:21:01	Youtube	MV	MP4	False	Very goog	AM_003				group A	Uploaded								
691	STT_AM_AB0689	8	https://docs.google.com/document/d/1uYtSqs9K7vBlHqXSx-c6oICpBHejVyNQJl391eb-a_4/edit?usp=sharing	text	https://youtu.be/2SiaGiFOaLQ?si=eD2yjAmlMxH1C4Fo	0:16:14	Youtube	MV	MP4	True	Very goog	AM_003				group A	Uploaded								
692	STT_AM_AB0690	9	https://docs.google.com/document/d/1rBlS1LhUBKDB3QTJ2P0H5Ghksd_hilouccFb62pbGWI/edit?usp=sharing	text	https://youtu.be/mEbO4vJMNwc?si=VsEvIQMS1vhTSRJZ	0:27:06	Youtube	MV	MP4	True	Very goog	AM_003				group A	Uploaded								
693	STT_AM_AB0691		https://docs.google.com/document/d/1xCfnBBjF2X7lr2G1WYI2X2y3mz2BY5FR2gxfdj9cu_Q/edit?usp=sharing	text	https://youtu.be/Ln8DM7OX53Q?si=wbSpuftn7JmCw8KQ	0:24:20	Youtube	MV	MP4	True	Very goog	AM_003				group A	Uploaded								
694	STT_AM_AB0692	2	https://docs.google.com/document/d/1hdO7UCd54Cn9GfwyaOSc7gEP3oYPlxyCOTm4AwFSjM4/edit?usp=sharing	text	https://youtu.be/FSsAp__e7Iw?si=HaiaIWI0hIWCGB5x	0:20:07	Youtube	MV	MP4	True	Very goog	AM_003				group A	Uploaded								
695	STT_AM_AB0693	3	https://docs.google.com/document/d/1On6gsnnscjyCGhlVhWH4MaRvRx0rERwveZcwCVhQ_L8/edit?usp=sharing	text	https://youtu.be/plTK53j2oig?si=zs9g8EFCKP57Z-K9	0:24:04	Youtube	MV	MP4	True	Very goog	AM_003				group A	Uploaded								
696	STT_AM_AB0694	4	https://docs.google.com/document/d/1ANkIX6X5vA3w4R32Sjbsq2VCXNJUbTygyQYpyj1JkaM/edit?usp=sharing	text	https://youtu.be/JuADaUbemlI?si=0Yh5llrf6jB-X8rZ	0:19:56	Youtube	MV	MP4	True	Very goog	AM_003				group A	Uploaded								
697	STT_AM_AB0695	5	https://docs.google.com/document/d/1Q42R4S4dwvzy2MuTpgXIGvfoGLtLw_SpPhsHQPcXxq4/edit?usp=sharing	text	https://youtu.be/tIgrpILG0Hg?si=0TSMd1mKtRUf2q4h	0:19:33	Youtube	MV	MP4	True	Very goog	AM_003				group A	Uploaded								
698	STT_AM_AB0696	6	https://docs.google.com/document/d/1XqsvyLLPppjKmFmA3Cgscc_V1yhd8MmzWTlGyjG6RL0/edit?usp=sharing	text	https://youtu.be/ubI1RRBjBro?si=f_Kv7Y_nVRGOasJr	0:18:26	Youtube	MV	MP4	True	Very goog	AM_003				group A	Uploaded								
699	STT_AM_AB0697	7	https://docs.google.com/document/d/16lqVOL7lRVz5jC5vC_D0bbn7oi13pq2SqjNgHCcMP-M/edit?usp=sharing	text	https://youtu.be/YkdFpvQj-9k?si=hSwEmaHiX43KWXHS	0:28:58	Youtube	MV	MP4	True	Very goog	AM_003				group A	Uploaded								
700	STT_AM_AB0698	8	https://docs.google.com/document/d/1E1QKQPj_5MTwgHJmotBttFTkCH6bPUSiMlBOily93DQ/edit?usp=sharing	text	https://youtu.be/Za5si9_PTiU?si=eZULi4E3p4yBhHaX	0:27:38	Youtube	MV	MP4	True	Very goog	AM_003				group A	Uploaded								
701	STT_AM_AB0699	9	https://docs.google.com/document/d/1XCDyq-_xGEOLDj0fJdIdEOAXIFpDziXaei2i-2y4Aso/edit?usp=sharing	text	https://youtu.be/JO2h4Jcga9Y?si=Iw9tEe-CJQ7FFzre	0:27:54	Youtube	MV	MP4	True	Very goog	AM_003				group A	Uploaded								
702	STT_AM_AB0700	10	https://docs.google.com/document/d/1J6NudbwfOWaL40PHns1XiV46GBUv0OD46cL-QoEK1vY/edit?usp=sharing	text	https://youtu.be/hkS5xjEORR4?si=UHF16iZl9uIo8KIP	0:28:16	Youtube	MV	MP4	True	Very goog	AM_003				group A	Uploaded								
703	STT_AM_AB0701	11	https://docs.google.com/document/d/1sxpPktzHcfkCprCOp9MpfNRHyWus1oImM4NGL7PntdQ/edit?usp=sharing	text	https://youtu.be/XprwiH_shdU?si=s9AEqk2M8xRXWrsE	0:22:46	Youtube	MV	MP4	False	Very goog	AM_003				group A	Uploaded								
704	STT_AM_AB0702	12	https://docs.google.com/document/d/1LZ_YY7B64cO2o1D91BSbiF6LtBhdbL61X19StsHzsE8/edit?usp=sharing	text	https://youtu.be/N0wflZfHRDs?si=utFEE9Kf-xJ9p5An	0:22:56	Youtube	MV	MP4	False	Very goog	AM_003				group A	Uploaded								
705	STT_AM_AB0703		https://docs.google.com/document/d/1VYYZYfz3tSknRwgHBXQaXIng-fUU3nmEYoyAgW_pNRg/edit?usp=sharing	text	https://youtu.be/tMYuh1CfRbw?si=wN5SSl7YxBAEuONj	0:12:42	Youtube	MV	MP4	False	Very goog	AM_003				group A	Uploaded								
706	STT_AM_AB0704	2	https://docs.google.com/document/d/1dTTInZvFog7iKyIxYyYnBfmUoJGayjoDnCEh5h4tE_Y/edit?usp=sharing	text	https://youtu.be/Y7hOwC1d08A?si=46kWWNqzG4uxHq0D	0:27:19	Youtube	MV	MP4	False	Very goog	AM_003				group A	Uploaded								
707	STT_AM_AB0705	3	https://docs.google.com/document/d/1croythzK07q9JO7GsQHicFMUC9Zkup-p_joDTsh2RWE/edit?usp=sharing	text	https://youtu.be/SCq4L6O1Yy8?si=tJnpti9auFW3E_d0	0:15:11	Youtube	MV	MP4	False	Very goog	AM_003				group A	Uploaded								
708	STT_AM_AB0706	4	https://docs.google.com/document/d/1BUZVdiH8gciTcH-qmtu8DTXQqD5hGb25vbvQPpfNHxo/edit?usp=sharing	text	https://youtu.be/8gYkp8wU8iY?si=U7IU_TXHdMgfZ1Iw	0:25:53	Youtube	MV	MP4	False	Very goog	AM_003				group A	Uploaded								
709	STT_AM_AB0707		https://docs.google.com/document/d/1B24SHWeW8PPKrnwEIp1b6DVcheD1kNvacqqI8jmtAio/edit?usp=sharing	text	https://youtu.be/qpmzcSIhyl8?si=87XR-RXzpFTRy3G-	0:15:05	Youtube	MV	MP4	False	Very goog	AM_003				group A	Uploaded								
710	STT_AM_AB0708	2	https://docs.google.com/document/d/1xM8nP-veVn6p69SIuRi2TsGIs2nZy1u3XHwq5ny2bkw/edit?usp=sharing	text	https://youtu.be/NCsSdGtUIlg?si=dUOf0_fUTaHy9vDC	0:19:26	Youtube	MV	MP4	False	Very goog	AM_003				group A	Uploaded								
711	STT_AM_AB0709	3	https://docs.google.com/document/d/1_TS5EgjMWgoYYQmHYzKTRMaRZqWJ5tcFkTMJYemvVZM/edit?usp=sharing	text	https://youtu.be/_T0PHw6BIPU?si=4RDde6rUT-oc60St	0:21:24	Youtube	MV	MP4	False	Very goog	AM_003				group A	Uploaded								
712	STT_AM_AB0710	4	https://docs.google.com/document/d/1E9SR4gzox7ee4Ko5Yre-71B0ZneF-DSesL5s2T1cnxM/edit?usp=sharing	text	https://youtu.be/S6n1yWmB5ek?si=L2_cWueBpxmduBAa	0:24:50	Youtube	MV	MP4	False	Very goog	AM_003				group A	Uploaded								
713	STT_AM_AB0711	5	https://docs.google.com/document/d/1ElnPhnw0zrnHZQ_sfCEekEnZs7aOB_IxLvqo81ie2XI/edit?usp=sharing	text	https://youtu.be/VXTNaKIf_kc?si=Xv27Gp2j77s_8NGB	0:19:43	Youtube	MV	MP4	False	Very goog	AM_003				group A	Uploaded								
714	STT_AM_AB0712	6	https://docs.google.com/document/d/1USz3mUUs7S5iThV_540sresddUY4d6DIpkGV2RVl9vw/edit?usp=sharing	text	https://youtu.be/8Z7f9FwbROw?si=2Lpv8r-8BbYD4pTS	0:20:24	Youtube	MV	MP4	False	Very goog	AM_003				group A	Uploaded								
715	STT_AM_AB0713	7	https://docs.google.com/document/d/1h_SAg4rWNrKMVR8fpunG9LS4C3bbibScON4EbzC8r7Q/edit?usp=sharing	text	https://youtu.be/auXQSTXMO9I?si=251nQrKFAT2Y0h5U	0:20:41	Youtube	MV	MP4	False	Very goog	AM_003				group A	Uploaded								
716	STT_AM_AB0714	8	https://docs.google.com/document/d/1qtNWljEP4NjEn3zWVavTMXSloTeXYFrXOIQS3eRkxSM/edit?usp=sharing	text	https://youtu.be/X0IbVvjPp98?si=ICWu1G0TO5otJYs5	0:25:36	Youtube	MV	MP4	False	Very goog	AM_003				group A	Uploaded								
717	STT_AM_AB0715	9	https://docs.google.com/document/d/10TnFFr682RtO-7pDZDdFydG_a5LYIBZOTmpb1p-OuAU/edit?usp=sharing	text	https://youtu.be/pqoSYYrr3xY?si=pRawmQjqcQtGYy11	0:25:06	Youtube	MV	MP4	False	Very goog	AM_003				group A	Uploaded								
718	STT_AM_AB0716	10	https://docs.google.com/document/d/1TB70g9Zm21dawN3a15Xf9nXJsOBDItwQ3qX71VbW-5g/edit?usp=sharing	text	https://youtu.be/X-X7cyUBVM0?si=btZ5nzpWGoT5JSiu	0:23:31	Youtube	MV	MP4	False	Very goog	AM_003				group A	Uploaded								
719	STT_AM_AB0717	11	https://docs.google.com/document/d/1CzlbJKa4wD9-r3TCavcgQZdi7vzr9EZ7n-uu2Jap6Iw/edit?usp=sharing	text	https://youtu.be/0IPBK1q5N3E?si=nTAKRQFp9-krj--K	0:22:24	Youtube	MV	MP4	False	Very goog	AM_003				group A	Uploaded								
720	STT_AM_AB0718	12	https://docs.google.com/document/d/1amRy-UBMF9eQ9W9zbNUh6s-h3n-zH8D8GyHOp4pg0gY/edit?usp=sharing	text	https://youtu.be/U2j9p_4Kz2A?si=Scpnq_7Nz_6_-1lF	0:17:53	Youtube	MV	MP4	False	Very goog	AM_003				group A	Uploaded								
721	STT_AM_AB0719	13	https://docs.google.com/document/d/1CUeW_SZUCqwGKBeIeKr2scLlRNbwyWDKBJX3lt6lICk/edit?usp=sharing	text	https://youtu.be/pZNVbz_BCEk?si=ZEJImFTZgD0pRUSs	0:15:30	Youtube	MV	MP4	False	Very goog	AM_003				group A	Uploaded								
722	STT_AM_AB0720	14	https://docs.google.com/document/d/1NAjt3CpRakKCVjJMa369GP85_n_b--0gqvA4SJmqvWo/edit?usp=sharing	text	https://youtu.be/2Er1oqyobaA?si=f1I2IeMBpjz09hlU	0:19:30	Youtube	MV	MP4	False	Very goog	AM_003				group A	Uploaded								
723	STT_AM_AB0721	15	https://docs.google.com/document/d/1jLhsOXtfuteQg6ilAI1Ul5DCyiru82iY5pQrZ3jPSgE/edit?usp=sharing	text	https://youtu.be/uGH9_FrJI_0?si=RTZkELZiCQ1Oj0_o	0:20:31	Youtube	MV	MP4	False	Very goog	AM_003				group A	Uploaded								
724	STT_AM_AB0722	16	https://docs.google.com/document/d/1hN-UTTFZKl9NmH6y4nWcrbNd68ux2TyNz7GcUTaFyf0/edit?usp=sharing	text	https://youtu.be/oOfBMR_aokw?si=UFPisiW_fTpB74WV	0:22:12	Youtube	MV	MP4	False	Very goog	AM_003				group A	Uploaded								
725	STT_AM_AB0723	17	https://docs.google.com/document/d/15VbM19BnIwNrW6vKmk6Ja4fI3_FZ6GFbeXZw0zXpGLc/edit?usp=sharing	text	https://youtu.be/Il9uWj1MUjQ?si=A-4ByXeaKFwj_xEN	0:15:38	Youtube	MV	MP4	False	Very goog	AM_003				group A	Uploaded								
726	STT_AM_AB0724	18	https://docs.google.com/document/d/1UVu1Y-5zcq3QCEPTDZ_mj1WF5sKGkhusneBoIqXioEQ/edit?usp=sharing	text	https://youtu.be/LzP05wX5LO0?si=_v7KJRvg9jopj7BV	0:23:37	Youtube	MV	MP4	False	Very goog	AM_003				group A	Uploaded								
727	STT_AM_AB0725	19	https://docs.google.com/document/d/1GJ6XakGPj3K2coBx0HX4hyeSUU8jhgpWKG49y3gKwTA/edit?usp=sharing	text	https://youtu.be/p6QRosoI_Lc?si=z5E-Sl19eYRRAo2Z	0:22:19	Youtube	MV	MP4	False	Very goog	AM_003				group A	Uploaded								
728	STT_AM_AB0726	20	https://docs.google.com/document/d/1dTGBkP7_cnr1iemUic1ADQnm60lKxfh500M7DXukaPI/edit?usp=sharing	text	https://youtu.be/oD0kIZ7E0J4?si=A8ZS9xDjOgnDV_JC	0:21:27	Youtube	MV	MP4	False	Very goog	AM_003				group A	Uploaded								
729	STT_AM_AB0727	21	https://docs.google.com/document/d/1U0sSWdz3s60LiilUUj_rpcRebVafWsMaN6y9a6c9Dh4/edit?usp=sharing	text	https://youtu.be/WEZRhxdcZwY?si=OShnmpy5vy9cW3eA	0:13:36	Youtube	MV	MP4	False	Very goog	AM_003				group A	Uploaded								
730	STT_AM_AB0728		https://docs.google.com/document/d/1py7YAAaOtz5NNmAIT6p7BLlfCMK1_m_LF59kAdijOzc/edit?usp=sharing	text	https://youtu.be/ROmlpJoZl1I?si=orE2cS86WZkzI9l2	0:11:37	Youtube	MV	MP4	False	Very goog	AM_003				group A	Uploaded								
731	STT_AM_AB0729	2	https://docs.google.com/document/d/1pBt2iebFvNO3Et2UqhBKW87oP0Ho4JTGrxtM7fnFyZE/edit?usp=sharing	text	https://youtu.be/I0PE7XKO1To?si=NMmBCABe2Dr7bDdL	0:13:49	Youtube	MV	MP4	False	Very goog	AM_003				group A	Uploaded								
732	STT_AM_AB0730	3	https://docs.google.com/document/d/1WFDQ5LJlhe01jgQuy5FDf9JeArj57g-B8bFoRLKqBF4/edit?usp=sharing	text	https://youtu.be/HTOcB0koN1k?si=_WEdhjbTnzQeHzNg	0:09:35	Youtube	MV	MP4	False	Very goog	AM_003				group A	Uploaded								
733	STT_AM_AB0731	4	https://docs.google.com/document/d/11x3AZJRE7bCyAyTkQcR-RcsUc9uqnzDxansmyQ5jUWg/edit?usp=sharing	text	https://youtu.be/36ipwm9vkyQ?si=mNwTInvQMYoqJjsm	0:14:28	Youtube	MV	MP4	False	Very goog	AM_003				group A	Uploaded								
734	STT_AM_AB0732	5	https://docs.google.com/document/d/1t42eZKcNjPzrcQ06YaZvHdK5vDBRDQKJlLnE8jSscz8/edit?usp=sharing	text	https://youtu.be/Z09xQ9dueAs?si=_B8Ujp65hxVhmdL8	0:14:50	Youtube	MV	MP4	False	Very goog	AM_003				group A	Uploaded								
735	STT_AM_AB0733	6	https://docs.google.com/document/d/1H1KEXPIuhaTV3hdhUMBTgubYcZKyWhloMZ-R6X27tPg/edit?usp=sharing	text	https://youtu.be/M0hviqn_NgI?si=Sf7FGST4G78Fyn2d	0:12:07	Youtube	MV	MP4	False	Very goog	AM_003				group A	Uploaded								
736	STT_AM_AB0734	7	https://docs.google.com/document/d/1O-fnh1fpFP4XL0EFU-EPyVkLmeMNzJIF6tTFxA_Ot0M/edit?usp=sharing	text	https://youtu.be/auimTbiGttI?si=ogGflJhcxZKdUea2	0:13:38	Youtube	MV	MP4	False	Very goog	AM_003				group A	Uploaded								
737	STT_AM_AB0735	8	https://docs.google.com/document/d/1U6sB8rfbdd_X8wQMILBMAN893dwbj6zBMjeOYq26E4Q/edit?usp=sharing	text	https://youtu.be/dQJ52SzBpYg?si=ZJtLMprXizaHMFQp	0:17:08	Youtube	MV	MP4	False	Very goog	AM_003				group A	Uploaded								
738	STT_AM_AB0736	9	https://docs.google.com/document/d/1dheo2IpAYrSmHzBigZAPYxFt5kKv8WRk4h1VMeZecvU/edit?usp=sharing	text	https://youtu.be/8GI4B1geuE4?si=qCklJwvshJg2nq3U	0:16:00	Youtube	MV	MP4	False	Very goog	AM_003				group A	Uploaded								
739	STT_AM_AB0737	10	https://docs.google.com/document/d/18LJaudriulJLi5WQPokxQSrJMY1WpJ4ngjd4nMW1CFk/edit?usp=sharing	text	https://youtu.be/nmpxM62ad4c?si=io_P1fFHjDWcYAEW	0:18:31	Youtube	MV	MP4	False	Very goog	AM_003				group A	Uploaded								
740	STT_AM_AB0738	11	https://docs.google.com/document/d/1GMGq4XnoIoU7C8awiHuw1n17yrsZsVJuxhhpufybRJk/edit?usp=sharing	text	https://youtu.be/RPZLa9jyq6o?si=qJSwuqJg7mwOrTiU	0:15:47	Youtube	MV	MP4	False	Very goog	AM_003				group A	Uploaded								
741	STT_AM_AB0739	12	https://docs.google.com/document/d/1w-6-n4XTZFmYvgbPoN5kmealdL_9wVt86nr35BSnebU/edit?usp=sharing	text	https://youtu.be/C9vIVAkpAbM?si=yarGXpilSv0SCWdJ	0:21:57	Youtube	MV	MP4	False	Very goog	AM_003				group A	Uploaded								
742	STT_AM_AB0740	13	https://docs.google.com/document/d/1opdclLs7X9bRyCSos5kgL7-of0mePWJhGPkIi-ChYiw/edit?usp=sharing	text	https://youtu.be/euy3Ls3QGkU?si=d0kxIR4uLUWXn_jn	0:21:18	Youtube	MV	MP4	False	Very goog	AM_003				group A	Uploaded								
743	STT_AM_AB0741	14	https://docs.google.com/document/d/1Yg46Ztd8BboCoFX6g7PRIm1TIzrwxk_-ZvnaHaJEGO4/edit?usp=sharing	text	https://youtu.be/Y21o0wjxKM0?si=vLhg5zeML1-APshv	0:15:26	Youtube	MV	MP4	False	Very goog	AM_003				group A	Uploaded								
744	STT_AM_AB0742	15	https://docs.google.com/document/d/1Kli692pAyYZ_iM_i8kC8AeF0y8EbT_XX1vYTNu80HOo/edit?usp=sharing	text	https://youtu.be/vvzQXQGnkwg?si=4l4iGGB5dZXSgfom	0:15:31	Youtube	MV	MP4	False	Very goog	AM_003				group A	Uploaded								
745	STT_AM_AB0743	16	https://docs.google.com/document/d/10xnZzv32VEVXirqNl9BRwXKvV_ckCzJTxLMD-88rOpc/edit?usp=sharing	text	https://youtu.be/2iGr6C1RQUQ?si=-HaYO_eQ5FkBmiLH	0:15:32	Youtube	MV	MP4	False	Very goog	AM_003				group A	Uploaded								
746	STT_AM_AB0744	17	https://docs.google.com/document/d/19hPamlED1vxF9pdiTvjFi6vycNsvNFSF99-1OXSgv0s/edit?usp=sharing	text	https://youtu.be/PkrLto7BGI8?si=Lw7CC8ke3BVtFEbp	0:17:16	Youtube	MV	MP4	False	Very goog	AM_003				group A	Uploaded								
747	STT_AM_AB0745	18	https://docs.google.com/document/d/1e9HxM8evKiuxoYOgPArMC39YbZIBsAEszkyRMsS1lcY/edit?usp=sharing	text	https://youtu.be/caVjcF6He3Y?si=gTkDGdbit1aeZb4S	0:17:36	Youtube	MV	MP4	False	Very goog	AM_003				group A	Uploaded								
748	STT_AM_AB0746	19	https://docs.google.com/document/d/1GHvqUHQlQsTCB9OfnJ6VFrKfOZgJ0VAGVOIP-iA-hnA/edit?usp=sharing	text	https://youtu.be/kmBmTt1s4EA?si=37CdxQJXHx5RF6Gu	0:18:11	Youtube	MV	MP4	False	Very goog	AM_003				group A	Uploaded								
749	STT_AM_AB0747	20	https://docs.google.com/document/d/1twtYGIZaqMPZHgL95j8SWJPf-F85ahFJBMLKL43Ip9A/edit?usp=sharing	text	https://youtu.be/E2fNzeI_Jtg?si=ee66NqUF7fK5hV1f	0:18:07	Youtube	MV	MP4	False	Very goog	AM_003				group A	Uploaded								
750	STT_AM_AB0748	21	https://docs.google.com/document/d/10pjOM906l8SIGGCTciMRCVz2YHm1FX0AUQCIf1rkcm8/edit?usp=sharing	text	https://youtu.be/kbT_D22PX4k?si=V9t0zfPRgh5OoRmX	0:16:08	Youtube	MV	MP4	False	Very goog	AM_003				group A	Uploaded								
751	STT_AM_AB0749	22	https://docs.google.com/document/d/193s9TuVoG8qX6hKqTWxmW6xlPg1xKCeMIJFOEzb7LeE/edit?usp=sharing	text	https://youtu.be/L_UYMmDHgJ8?si=ty5C3792palZpvpd	0:16:55	Youtube	MV	MP4	False	Very goog	AM_003				group A	Uploaded								
752	STT_AM_AB0750		https://docs.google.com/document/d/1XxTJa4GhdWkj9B9F6DvTvDmTcq8w04Cq6sVJ8Ivzlfk/edit?usp=sharing	text	https://youtu.be/J2w6LyQ5Va4?si=FkDhmOHD4_Y01lAL	0:21:03	Youtube	MV	MP4	True	Very goog	AM_003				group A	Uploaded								
753	STT_AM_AB0751	2	https://docs.google.com/document/d/17jbBZcKrIp-ISGR5EVFfu8TcMllLu6dW5jIr4oGKBHs/edit?usp=sharing	text	https://youtu.be/qQBnKPZNHl4?si=WLZ6eVTLiyTuGP3M	0:30:15	Youtube	MV	MP4	True	Very goog	AM_003				group A	Uploaded								
754	STT_AM_AB0752	3	https://docs.google.com/document/d/1eaUwAlnJs5xm_PRWbABfhdXxdBEc36RbXV93tr5sHuQ/edit?usp=sharing	text	https://youtu.be/P-EiEECnbl8?si=_yoc9_bYYm2mlAPy	0:22:09	Youtube	MV	MP4	True	Very goog	AM_003				group A	Uploaded								
755	STT_AM_AB0753	4	https://docs.google.com/document/d/1Yq6nuGqpOk-MCkHgJopDjDaJiGsd9e3x8TzFUoXq_kE/edit?usp=sharing	text	https://youtu.be/T1FSX5qPMXU?si=iinhiPVKvdp8cOPc	0:19:36	Youtube	MV	MP4	True	Very goog	AM_003				group A	Uploaded								
756	STT_AM_AB0754	5	https://docs.google.com/document/d/1wIQFRsassCc4nBCZQjgRpprHPE6s7o_ePJ8JAdk_8Po/edit?usp=sharing	text	https://youtu.be/An_TF8E_GHU?si=9zExOf--W7qfS3KT	0:17:30	Youtube	MV	MP4	True	Very goog	AM_003				group A	Uploaded								
757	STT_AM_AB0755	6	https://docs.google.com/document/d/19szA0Ezfgh53l6WxOKDfWoUf656i8E4jIKh0FPEhsls/edit?usp=sharing	text	https://youtu.be/IeVgPefvbfk?si=OXj89DvNtmqxVKZr	0:15:30	Youtube	MV	MP4	True	Very goog	AM_003				group A	Uploaded								
758	STT_AM_AB0756	7	https://docs.google.com/document/d/19gubFW6LOLpBfso0sMgHAqQiGrUHCf_n-ZvwXkYfTXc/edit?usp=sharing	text	https://youtu.be/_J7jrYSQB-M?si=uUHqf_CIQQ92QSmN	0:21:23	Youtube	MV	MP4	True	Very goog	AM_003				group A	Uploaded								
759	STT_AM_AB0757	8	https://docs.google.com/document/d/16aK9YtFiKCAzWKWk7ZdZ_Xx41fFvORA9Z_1LKht334Y/edit?usp=sharing	text	https://youtu.be/qhNXnLlEFqE?si=0N_9WLOjxxnTJxKy	0:16:57	Youtube	MV	MP4	True	Very goog	AM_003				group A	Uploaded								
760	STT_AM_AB0758	9	https://docs.google.com/document/d/1nmqVfMXi4hnEjbZO5Yf0rww2FdPFR4OVgox8qD2F9CM/edit?usp=sharing	text	https://youtu.be/QmtRKmfrjQ4?si=aMWinN3cUacrl4E6	0:26:39	Youtube	MV	MP4	True	Very goog	AM_003				group A	Uploaded								
761	STT_AM_AB0759	10	https://docs.google.com/document/d/1bp4XCeeiFmR9i2poooXF8VNm_MkAFqu_tIpPhbr6pds/edit?usp=sharing	text	https://youtu.be/iuW2aD6GMEE?si=vCe5bB-S2tiOcqJ9	0:18:08	Youtube	MV	MP4	True	Very goog	AM_003				group A	Uploaded								
762	STT_AM_AB0760	11	https://docs.google.com/document/d/1J_0Rg4Sq536SrCKRgtwjIJ4ADAgegC3U9g6Cjqa-zlQ/edit?usp=sharing	text	https://youtu.be/lCB2bHh4ClM?si=K38r663L27_GJepY	0:15:34	Youtube	MV	MP4	True	Very goog	AM_003				group A	Uploaded								
763	STT_AM_AB0761	12	https://docs.google.com/document/d/1fnq1yqwgTWbeYIO9u8k0CwZZ5_rDzTv7oQTLvtTREXo/edit?usp=sharing	text	https://youtu.be/NexGiIEtXJ0?si=ej6IvM2FkLWgJsgG	0:17:17	Youtube	MV	MP4	True	Very goog	AM_003				group A	Uploaded								
764	STT_AM_AB0762	13	https://docs.google.com/document/d/1MCqiKnb83M8dy_a8_12SuOzkmRSSGWKlhCiNfHYUw4g/edit?usp=sharing	text	https://youtu.be/ahab_Qqjdko?si=QVeZVx7mk_IseaWP	0:18:38	Youtube	MV	MP4	True	Very goog	AM_003				group A	Uploaded								
765	STT_AM_AB0763	14	https://docs.google.com/document/d/1rm5yk_hS8DExrTHiEY6-MTCMS6VtFVNkSOjKJoP6OAg/edit?usp=sharing	text	https://youtu.be/Sj84AJvPG7E?si=dk3HNfiO9CB5Q_XD	0:17:41	Youtube	MV	MP4	True	Very goog	AM_003				group A	Uploaded								
766	STT_AM_AB0764	15	https://docs.google.com/document/d/1w7zRFMNsROGX9kDFiyIIZjym6C35ZnTb8vYo0ryxSsk/edit?usp=sharing	text	https://youtu.be/33PbMMarMGg?si=2WjtFV2zLuN_WjIV	0:13:24	Youtube	MV	MP4	True	Very goog	AM_003				group A	Uploaded								
767	STT_AM_AB0765	16	https://docs.google.com/document/d/1YbMNDeInJJk3i48Z3lFR6n-A8oUR-x7-ZcNO1uqsxS0/edit?usp=sharing	text	https://youtu.be/5ddYKP-MHKk?si=Zd0rUbFXFLucfjLc	0:14:51	Youtube	MV	MP4	True	Very goog	AM_003				group A	Uploaded								
768	STT_AM_AB0766	17	https://docs.google.com/document/d/1-7-_Pc8PQo4Lv7uzkoQOf2hK8jxzT_swSru6OSlnteg/edit?usp=sharing	text	https://youtu.be/jRTju1D7plQ?si=SNkikIcClM3jh4ZP	0:20:06	Youtube	MV	MP4	True	Very goog	AM_003				group A	Uploaded								
769	STT_AM_AB0767	18	https://docs.google.com/document/d/1NKc5W1xpPvSmN3ii1DFaavcJvJ8DdGn90VBSbd6UCmU/edit?usp=sharing	text	https://youtu.be/Oy94UEw0bAQ?si=97CUS1gXNmEDhZOR	0:17:51	Youtube	MV	MP4	True	Very goog	AM_003				group A	Uploaded								
770	STT_AM_AB0768	19	https://docs.google.com/document/d/12KaUj7mF7ABDd9eCvHYZt41kFUixmsyM5X82GaXD0Nk/edit?usp=sharing	text	https://youtu.be/sHsMvF6C-5M?si=tDVBsmLtUgsXijIR	0:14:59	Youtube	MV	MP4	True	Very goog	AM_003				group A	Uploaded								
771	STT_AM_AB0769	20	https://docs.google.com/document/d/12jU-1FtrLQx_1wZxf0lQD3r-EZ9zf-2TNSv4CqtgHx4/edit?usp=sharing	text	https://youtu.be/5aXzvF0cKKo?si=BMKTKG3dWhAkUld2	0:14:35	Youtube	MV	MP4	True	Very goog	AM_003				group A	Uploaded								
772	STT_AM_AB0770		https://docs.google.com/document/d/1Pj5lVIHtEpjDqS9TU9t38mGkdZ7kAfZWJy_YZcz8OpI/edit?usp=sharing	text	https://youtu.be/49MP4_Pv-1Q?si=8DlFjCiibazi2J4k	0:32:08	Youtube	MV	MP4	False	Very goog	AM_003				group A	Uploaded								
773	STT_AM_AB0771	2	https://docs.google.com/document/d/1JSnKX1AFzvhA1FLYo0WFfWssW_FdRfeI2cyDpzmt7dg/edit?usp=sharing	text	https://youtu.be/AuYW_6cEyLo?si=5pBgD-_67HdobDdw	0:30:16	Youtube	MV	MP4	False	Very goog	AM_003				group A	Uploaded								
774	STT_AM_AB0772	3	https://docs.google.com/document/d/116mqZQ_cvMoOkAIcepgRUS4Y8YahmYOp38swpHfIdlU/edit?usp=sharing	text	https://youtu.be/rUaT61X9g7U?si=u54Yz_gzD_4RX3q5	0:13:50	Youtube	MV	MP4	False	Very goog	AM_003				group A	Uploaded								
775	STT_AM_AB0773	4	https://docs.google.com/document/d/1fPiOgyJBVHq1FD8Z0ODU334RWCSxJL38A0w1PlQsVRM/edit?usp=sharing	text	https://youtu.be/QEQcDuhBd5g?si=ilOaO8yQtFeTmjN0	0:23:07	Youtube	MV	MP4	False	Very goog	AM_003				group A	Uploaded								
776	STT_AM_AB0774		https://docs.google.com/document/d/15eiv7k6CM9xTscTnPGI4P6T-5yc4UGAvMw5Tq_94Gw0/edit?usp=sharing	text	https://youtu.be/N5h5hW_9OU0?si=K9M4iuS65kwoecLL	0:14:11	Youtube	MV	MP4	False	Very goog	AM_003				group A	Uploaded								
777	STT_AM_AB0775	2	https://docs.google.com/document/d/10cgmNX-0ffMBgiL1BaAA7PEAyQpzSeAOkKFkyVhzJIw/edit?usp=sharing	text	https://youtu.be/Or8Gl5sieo8?si=MUnPyZOO-kvuuchz	0:17:42	Youtube	MV	MP4	False	Very goog	AM_003				group A	Uploaded								
778	STT_AM_AB0776	3	https://docs.google.com/document/d/1_z9k6A9HF7hZd4YxKefr3tJPLkb3odJeAXvbpMuxq-U/edit?usp=sharing	text	https://youtu.be/ZinxeKHLqoM?si=uR7WaBUViowLT6r0	0:15:16	Youtube	MV	MP4	False	Very goog	AM_003				group A	Uploaded								
779	STT_AM_AB0777	4	https://docs.google.com/document/d/1O98AyVeXHV3cihmDFIDW-0acYmu9HIAN2Z9tv4sHFIs/edit?usp=sharing	text	https://youtu.be/M9Ee6ujSnM0?si=8FIjrikWfVL0vO1y	0:17:55	Youtube	MV	MP4	False	Very goog	AM_003				group A	Uploaded								
780	STT_AM_AB0778	5	https://docs.google.com/document/d/1tFtAGeueSQqHt3bpZe3ZG7CR9CF7x2Hp-C8Ak4oHU0Y/edit?usp=sharing	text	https://youtu.be/ShRzouCnoog?si=6-eg6DSgpHD8-tJV	0:22:52	Youtube	MV	MP4	False	Very goog	AM_003				group A	Uploaded								
781	STT_AM_AB0779	6	https://docs.google.com/document/d/1A3f06hvSXN0Z2dNGlwZm1t-oA7GYZ_9tUwoZ9T5qy9A/edit?usp=sharing	text	https://youtu.be/PxjCrO7g4Xg?si=8fAywlS328dQiTzG	0:22:30	Youtube	MV	MP4	False	Very goog	AM_003				group A	Uploaded								
782	STT_AM_AB0780	7	https://docs.google.com/document/d/1dzHPzKEs3xFbtGopFMgdUKoWxCb3WCsw9ZsMWREvHTU/edit?usp=sharing	text	https://youtu.be/6xyLJbjrEO0?si=W4riPSvsp79DK89y	0:21:25	Youtube	MV	MP4	False	Very goog	AM_003				group A	Uploaded								
783	STT_AM_AB0781	8	https://docs.google.com/document/d/1RbzBI3toNvmCglWApE-Lpj9pMS7hjpNXqR0eeDR-0yc/edit?usp=sharing	text	https://youtu.be/xx-aPr8N47E?si=jtSznlCps60pSpyX	0:28:23	Youtube	MV	MP4	False	Very goog	AM_003				group A	Uploaded								
784	STT_AM_AB0782		https://docs.google.com/document/d/1wAUh7x-1omPCIp9-TrNIme2vpZtO7OHucDzaKq1fE-Q/edit?usp=sharing	text	https://youtu.be/rSGXxWM1YNQ?si=JqtbrxUNhcE1oEde	0:14:45	Youtube	MV	MP4	False	Very goog	AM_003				group A	Uploaded								
785	STT_AM_AB0783	2	https://docs.google.com/document/d/1dBb1cPhHSW6Q5T7vO2xnnfjqBPEgtcB6qqtvN9QSHmg/edit?usp=sharing	text	https://youtu.be/YC49g52-5-o?si=M7IGDBm2Olkgk4QJ	0:18:46	Youtube	MV	MP4	False	Very goog	AM_003				group A	Uploaded								
786	STT_AM_AB0784	3	https://docs.google.com/document/d/1XDHBz5XVUWqSX2PgqoUFhVIv8a-QUNhJ_8P0uY6yPiM/edit?usp=sharing	text	https://youtu.be/80knnhSzll4?si=UG7WILpd21vYNqTo	0:19:09	Youtube	MV	MP4	False	Very goog	AM_003				group A	Uploaded								
787	STT_AM_AB0785	4	https://docs.google.com/document/d/1sABM7SbpA61vKDYQb9sNJ1ISuZeBvAZF6GVc_kMuKLA/edit?usp=sharing	text	https://youtu.be/jNIDKiUDsDw?si=I1GGgAB8BBeLB1YN	0:14:29	Youtube	MV	MP4	False	Very goog	AM_003				group A	Uploaded								
788	STT_AM_AB0786		https://docs.google.com/document/d/1iUZ1K9YUtsw2VdGpj-sJr2J4eW0hUwKv2_Wlb-StqDA/edit?usp=sharing	text	https://youtu.be/NbOoQNSvw8k?si=GmBVZz9GlwUWAUoB	0:19:55	Youtube	MV	MP4	False	Very goog	AM_003				group A	Uploaded								
789	STT_AM_AB0787	2	https://docs.google.com/document/d/1DgRky8JgQeUnqVRN58yGTXCNIA68yJoygQGlRnLVn0s/edit?usp=sharing	text	https://youtu.be/zP-BstIDqKc?si=z2e6m5G2t4VblEVj	0:19:46	Youtube	MV	MP4	False	Very goog	AM_003				group A	Uploaded								
790	STT_AM_AB0788		https://docs.google.com/document/d/1eODqcMwvgCM0cqQOAOkSQdUz58pFIfd1jMNBdS-zWdc/edit?usp=sharing	text	https://youtu.be/02oeUggtv2s?si=CsjHm0oOob-tDTPS	0:17:33	Youtube	MV	MP4	False	Very goog	AM_003				group A	Uploaded								
791	STT_AM_AB0789	2	https://docs.google.com/document/d/1Gf9lb98MwMpAZey2769rjMSg1UkM0y8v5iI1d6wVCU8/edit?usp=sharing	text	https://youtu.be/10OzGRtdVpM?si=K34bIKhLCXm5tJPr	0:18:15	Youtube	MV	MP4	False	Very goog	AM_003				group A	Uploaded								
792	STT_AM_AB0790	3	https://docs.google.com/document/d/1yR8nyAqYU8DeUHnmHvOhNt7HLAIDB7ftw1BmXn6Kim8/edit?usp=sharing	text	https://youtu.be/39sufpMuXEA?si=YnCI6wk-tv34ihEI	0:15:49	Youtube	MV	MP4	False	Very goog	AM_003				group A	Uploaded								
793	STT_AM_AB0791	4	https://docs.google.com/document/d/1NG2JmIQQ-eT7NU4h8WxDhgRoHbhD__gtUgEy0xgRCKE/edit?usp=sharing	text	https://youtu.be/xPBVqGwCXIM?si=yY8bnQOQr1L8clKv	0:19:46	Youtube	MV	MP4	False	Very goog	AM_003				group A	Uploaded								
794	STT_AM_AB0792	5	https://docs.google.com/document/d/1oG7-qZ8UeYWqKHQhXnqcSAUEifhZwXt8bFx2qOtfA4E/edit?usp=sharing	text	https://youtu.be/4fLggkKMxUo?si=a2aWUgR3quvavCFo	0:18:16	Youtube	MV	MP4	False	Very goog	AM_003				group A	Uploaded								
795	STT_AM_AB0793	6	https://docs.google.com/document/d/1zrdekCXMR42iHsGvjgewdoqW2MXfQg1kGI3gC6zeIjI/edit?usp=sharing	text	https://youtu.be/0ivOpoFUemE?si=Ql1lLDFWt5Thy1eY	0:25:10	Youtube	MV	MP4	False	Very goog	AM_003				group A	Uploaded								
796	STT_AM_AB0794		https://docs.google.com/document/d/1Kx0zOQKntKBpRmly58DDCz8xsC2wwLbMOLaXIv06QsI/edit?usp=sharing	text	https://youtu.be/GMmrWjZ_a-o?si=cMoXmX0ivmmDwb10	0:17:28	Youtube	MV	MP4	False	Very goog	AM_003				group A	Uploaded								
797	STT_AM_AB0795	2	https://docs.google.com/document/d/1JSLTEXtAQLuEyy_mNPYXrjL5JmjV21-zpXT8ZORJxbI/edit?usp=sharing	text	https://youtu.be/I-F_Qp_uWjA?si=7T0r3YxY8i6ey9pD	0:17:54	Youtube	MV	MP4	False	Very goog	AM_003				group A	Uploaded								
798	STT_AM_AB0796	3	https://docs.google.com/document/d/1rX1mxndVIbwT6Z_8ViI4D5TT11WYhuJHKjzgBJsf8kk/edit?usp=sharing	text	https://youtu.be/8w9SEvllXWI?si=Iyn9ckNymgkeRJ8j	0:14:07	Youtube	MV	MP4	False	Very goog	AM_003				group A	Uploaded								
799	STT_AM_AB0797	4	https://docs.google.com/document/d/10cNRgENzmcQtRzoNeuO14kz2S2toAnppTF6W75FHfoY/edit?usp=sharing	text	https://youtu.be/leeRrVNwqRI?si=2A9fpRhgShe9CI61	0:15:16	Youtube	MV	MP4	False	Very goog	AM_003				group A	Uploaded								
800	STT_AM_AB0798	5	https://docs.google.com/document/d/1PSG6YX0DD4ojLspsQ8Ph1IwSbEHI6e60KNLhqyiMcfo/edit?usp=sharing	text	https://youtu.be/Ics_zOExvqo?si=2PR4tiOrGYk0ax1J	0:14:07	Youtube	MV	MP4	False	Very goog	AM_003				group A	Uploaded								
801	STT_AM_AB0799	6	https://docs.google.com/document/d/1VNLaTAViogt9Ct0a4qeyUy81plzoYSSkiTdByDy7t00/edit?usp=sharing	text	https://youtu.be/4I3bwg7iaSo?si=GfrhEk7PevVK1Kxk	0:13:19	Youtube	MV	MP4	False	Very goog	AM_003				group A	Uploaded								
802	STT_AM_AB0800		https://docs.google.com/document/d/1r1QvBJ1KLcQJz8lB9ERwWdyZHVi7SwEgptY-JHqhCMU/edit?usp=sharing	text	https://youtu.be/recyxOxENCo?si=lk_HqcOSSBfwwy4e	0:26:11	Youtube	MV	MP4	False	Very goog	AM_007				group A	Uploaded								
803	STT_AM_AB0801	2	https://docs.google.com/document/d/1I7Vk8QRyJYqIWATG9r-Wm3pQkhaYQrcfojYNFKn35f4/edit?usp=sharing	text	https://youtu.be/YEhn0YRyLNc?si=rqHjpVftHl8Sr_Rt	0:30:40	Youtube	MV	MP4	False	Very goog	AM_007				group A	Uploaded								
804	STT_AM_AB0802	3	https://docs.google.com/document/d/1DKT6huCAe0U-NYKKAM82GiWHXqcTbtOaPNNjAQAuqmg/edit?usp=sharing	text	https://youtu.be/krRbjY3FNXE?si=akR9thsb7NN3t1FZ	0:35:06	Youtube	MV	MP4	False	Very goog	AM_007				group A	Uploaded								
805	STT_AM_AB0803	4	https://docs.google.com/document/d/1ZkRXlBiiTyUzKaJ7TCJkptIzXdk-ZY709N0_lugYl7w/edit?usp=sharing	text	https://youtu.be/Zi3ijbAgGnc?si=OW_D7htjxPltfjb1	0:38:18	Youtube	MV	MP4	False	Very goog	AM_007				group A	Uploaded								
806	STT_AM_AB0804	5	https://docs.google.com/document/d/1-quAO29dgqYaA_DdhTxwmS2SQi1hFFraORJXqQGFQc4/edit?usp=sharing	text	https://youtu.be/wBB2PL4DV-I?si=W5BnttMYK8CQgs0R	0:41:45	Youtube	MV	MP4	False	Very goog	AM_007				group A	Uploaded								
807	STT_AM_AB0805	6	https://docs.google.com/document/d/1RZCASGxPs2558swTiHRKidH9elhWpB64jULSD2lTDtk/edit?usp=sharing	text	https://youtu.be/-rxoqyU29CA?si=g7AXxT-EFk9msdhm	0:34:41	Youtube	MV	MP4	False	Very goog	AM_007				group A	Uploaded								
808	STT_AM_AB0806		https://docs.google.com/document/d/1-MqghyafX1mhlLqISx97-KlBhFSO1KYtx2oPVhaRln0/edit?usp=sharing	text	https://youtu.be/-FNLONXnq64?si=dSnonLnWWfSlKTke	0:16:07	Youtube	MV	MP4	False	Very goog	AM_007				group A	Uploaded								
809	STT_AM_AB0807	2	https://docs.google.com/document/d/1ss0HFlCkXyA4bqZYIaYK5_mMFzTAMYrPMW3WC0HHI04/edit?usp=sharing	text	https://youtu.be/N-4dBSt167I?si=q-Z6M-oYCYKhsPEc	0:41:38	Youtube	MV	MP4	False	Very goog	AM_007				group A	Uploaded								
810	STT_AM_AB0808	3	https://docs.google.com/document/d/1eGMmpiBRwGWC9BOYlLwTbzfPEbT13PSEe5bE2TJ3ILU/edit?usp=sharing	text	https://youtu.be/N86Bt19tDnw?si=UBOEf641tbs8RLR0	0:16:23	Youtube	MV	MP4	False	Very goog	AM_007				group A	Uploaded								
811	STT_AM_AB0809	4	https://docs.google.com/document/d/1tfuXBD8QrLTYfi82NIM69knScWiaXilMzSBcWj2gS30/edit?usp=sharing	text	https://youtu.be/Rmjv2zhzo10?si=rJnDY01sfUhjkadU	0:18:21	Youtube	MV	MP4	False	Very goog	AM_007				group A	Uploaded								
812	STT_AM_AB0810	5	https://docs.google.com/document/d/1AevGj9g5zMnyVuZq3VYvsmbV3iDYeOgzt2TRYKaMG14/edit?usp=sharing	text	https://youtu.be/J14SUX6LBVs?si=uc_V4c69XAsHJbMj	0:16:52	Youtube	MV	MP4	False	Very goog	AM_007				group A	Uploaded								
813	STT_AM_AB0811	6	https://docs.google.com/document/d/1UJ-75TlTjQfQrM5E8hbywKPR8XqEy5jKriigX35qIqo/edit?usp=sharing	text	https://youtu.be/ZSRc_oIqu_Y?si=z8OL59vNYo4MJuCh	0:15:00	Youtube	MV	MP4	False	Very goog	AM_007				group A	Uploaded								
814	STT_AM_AB0812	7	https://docs.google.com/document/d/1BvKklDE1o9N_pWGACw78TniAQ0o512TUqTbbBkeg9_s/edit?usp=sharing	text	https://youtu.be/C2ZBdg_saXA?si=H1xv9gaYBCQ_4zka	0:21:44	Youtube	MV	MP4	False	Very goog	AM_007				group A	Uploaded								
815	STT_AM_AB0813	8	https://docs.google.com/document/d/1xadz1A6hOH8tYNi3HO7B_KNwA3w-42kTqy_pOtxxwcM/edit?usp=sharing	text	https://youtu.be/5WseEVSmMjg?si=9dMseTx5J2JjJ0D8	0:26:33	Youtube	MV	MP4	False	Very goog	AM_007				group A	Uploaded								
816	STT_AM_AB0814	9	https://docs.google.com/document/d/1TDZRVyXFigp3S1fttsRHyseXh7cIU6kyFTepkR87ziY/edit?usp=sharing	text	https://youtu.be/c9DBo34sZCQ?si=mZXYHfM0kb8wQQ2G	0:25:14	Youtube	MV	MP4	False	Very goog	AM_007				group A	Uploaded								
817	STT_AM_AB0815	10	https://docs.google.com/document/d/10ImPiL5FY3TNcnH5QsW_poE99x8ASkQoo8-bUNeWjAU/edit?usp=sharing	text	https://youtu.be/F6ITnmGjRpE?si=vsjJU3EbAvmZFtQv	0:38:16	Youtube	MV	MP4	False	Very goog	AM_007				group A	Uploaded								
818	STT_AM_AB0816		https://docs.google.com/document/d/1igUfx1OE9tdUFJO4_pKoqK_7BM5PlbEKy69nLqir2qo/edit?usp=sharing	text	https://youtu.be/vgXgz_Ub_Os?si=FDrfU32LRfe__6Nw	0:25:04	Youtube	MV	MP4	False	Very goog	AM_007				group A	Uploaded								
819	STT_AM_AB0817		https://docs.google.com/document/d/11Yj0N-rXRUVu6o2nVLvgQoHhXXVH5XbrlVjWjJ0hD5k/edit?usp=sharing	text	https://youtu.be/x7Zc-A0gkcs?si=7rk4ByysxRifOge1	0:25:55	Youtube	MV	MP4	False	Very goog	AM_007				group A	Uploaded								
820	STT_AM_AB0818	2	https://docs.google.com/document/d/10hdkwGGjmL2j49McX5Hu_m_EhcAIUO-amDdnqb5gWK0/edit?usp=sharing	text	https://youtu.be/vfeyYlFR6Gs?si=T-8UWLMEsOK83ixv	0:36:27	Youtube	MV	MP4	False	Very goog	AM_007				group A	Uploaded								
821	STT_AM_AB0819	3	https://docs.google.com/document/d/1G911RYqfvIFqAysvo6q9uDSwZ-BN4pcL4xXWmTIesOs/edit?usp=sharing	text	https://www.youtube.com/watch?v=kE53KV92dOw	1:02:43	Youtube	MV	MP4	False	Very goog	AM_007				group A	Uploaded								
822	STT_AM_AB0820	4	https://docs.google.com/document/d/1VAJpx-a3ODzo_MK5cqR3AdvUz7vaVBzkCl96liE5isg/edit?usp=sharing	text	https://youtu.be/SmsuUTUVK08?si=_cbXRqK8Yvv3Ddf5	1:02:33	Youtube	MV	MP4	False	Very goog	AM_007				group A	Uploaded	25/01/2026							
823	STT_AM_AB0821		https://docs.google.com/document/d/1CAP2U3rFeX98RgitXdWknzm07CMfta-IhLkYmwfaBkU/edit?usp=sharing	text	https://youtu.be/YSIW91rFobc?si=qvrV9wUECCDjKHpU	0:19:38	Youtube	MV	MP4	True	Very goog	AM_008				group A	Uploaded								
824	STT_AM_AB0822	2	https://docs.google.com/document/d/1pHFt_r6W9M5_U0MDK1uwDIiVU0QwQ4vB1e-Ux4vd_Xo/edit?usp=sharing	text	https://youtu.be/VfMmOHJsDMM?si=WrOCiIfRH4uYEqvk	0:10:22	Youtube	MV	MP4	True	Very goog	AM_008				group A	Uploaded								
825	STT_AM_AB0823	3	https://docs.google.com/document/d/1asAeGtAlPAdLAVTjiTBOijJ-iRZZOe54oDuXAjoryMk/edit?usp=sharing	text	https://youtu.be/K7r7Km_cwlo?si=ZaNq6FDGiCsZXo76	0:19:06	Youtube	MV	MP4	True	Very goog	AM_008				group A	Uploaded								
826	STT_AM_AB0824	3/2	https://docs.google.com/document/d/1GztlyP_XyAV6OsOOXZEInxiscFBQw5oya-Bqgn9RoM0/edit?usp=sharing	text	https://youtu.be/zccpaJt-r_w?si=_gp601WDZl2JrwcY	0:17:14	Youtube	MV	MP4	True	Very goog	AM_008				group A	Uploaded								
827	STT_AM_AB0825	4	https://docs.google.com/document/d/12fCgC6hFKTqXMaj3VHKbQ-nDcQdkaetyukCUgfhONQM/edit?usp=sharing	text	https://youtu.be/Z9bUrBIGIVo?si=dHsLAc3is4_JecWm	0:08:54	Youtube	MV	MP4	True	Very goog	AM_008				group A	Uploaded								
828	STT_AM_AB0826	5	https://docs.google.com/document/d/1xN-vFeBN1cCh11FpC7NOlYlyaKH9SuVBOhA95R08z4A/edit?usp=sharing	text	https://youtu.be/R8IDk2XoQ1A?si=SRdgIPFG_NqfIllz	0:09:12	Youtube	MV	MP4	True	Very goog	AM_008				group A	Uploaded								
829	STT_AM_AB0827	6	https://docs.google.com/document/d/1Pz1xhvbg5f4yBrhrQ0kQ-rx_rrsVn9MGy_xQspzyXOk/edit?usp=sharing	text	https://youtu.be/__IrOkYpXSk?si=GYH4U-IwB92qe09X	0:10:38	Youtube	MV	MP4	True	Very goog	AM_008				group A	Uploaded								
830	STT_AM_AB0828	7	https://docs.google.com/document/d/1nOfuP2kYLuWBPxAr2HXzgYMzK3xci5co1crXrnGTM-E/edit?usp=sharing	text	https://youtu.be/xeHNht3Xwxk?si=tq6Z6Lfyr6w_74aY	0:24:10	Youtube	MV	MP4	True	Very goog	AM_008				group A	Uploaded								
831	STT_AM_AB0829	8	https://docs.google.com/document/d/1bj0SU3kdhza8ITajN2PToDLZQILO-DLNeJ1Bie7z83w/edit?usp=sharing	text	https://youtu.be/ZBkU0ctshPE?si=podzqioz_KgX_3zP	0:16:40	Youtube	MV	MP4	True	Very goog	AM_008				group A	Uploaded								
832	STT_AM_AB0830	9	https://docs.google.com/document/d/1tIPs1O51VI2Zzd-jT73uKTXE8h-qN2eirZWhi-WNNC4/edit?usp=sharing	text	https://youtu.be/zz4WZ_SK9nQ?si=pwUxkq8JNGN5UXvr	0:11:44	Youtube	MV	MP4	True	Very goog	AM_008				group A	Uploaded								
833	STT_AM_AB0831	10	https://docs.google.com/document/d/1E1Cs8nxVoV1kP3b6cEmPq-zDvQ_OT-7Io1NMNeffoAA/edit?usp=sharing	text	https://youtu.be/_vXjO6_2B58?si=T16Xdwz84SIT1in1	0:07:05	Youtube	MV	MP4	True	Very goog	AM_008				group A	Uploaded								
834	STT_AM_AB0832	11	https://docs.google.com/document/d/1Z713i0XOyiUHFnGhyWNwERxRvkRy6jUATCh-NSYI9po/edit?usp=sharing	text	https://youtu.be/tZR7TYNleyU?si=hB7S-6zbfDMfEyZ2	0:09:40	Youtube	MV	MP4	True	Very goog	AM_008				group A	Uploaded								
835	STT_AM_AB0833	12	https://docs.google.com/document/d/1Q5rYeBnspu3gy0V-fKZcANVESQuqMoayy1dvdZ9y3cw/edit?usp=sharing	text	https://youtu.be/ByeK2yVXHpg?si=uByb0QOyWu_y7a9m	0:08:32	Youtube	MV	MP4	True	Very goog	AM_008				group A	Uploaded								
836	STT_AM_AB0834	13	https://docs.google.com/document/d/1YXMuQNbmr2-8TGY2AlLCrKaH85ubhNE7LDTgN8Wo3fw/edit?usp=sharing	text	https://www.youtube.com/watch?v=vWaq7lkVyFk	0:07:50	Youtube	MV	MP4	True	Very goog	AM_008				group A	Uploaded								
837	STT_AM_AB0835	14	https://docs.google.com/document/d/15uCV5HVxDeFv71Ei2sMaLWKrgDFEuTvWNgiBZbDHp_c/edit?usp=sharing	text	https://youtu.be/CpzsAMbKta4?si=NNkgFW-DActQEFqA	0:06:52	Youtube	MV	MP4	True	Very goog	AM_008				group A	Uploaded								
838	STT_AM_AB0836	15	https://docs.google.com/document/d/10YoQ0FObriY7pQztj1G7YRlAAGI9vVtCJrj8nHQw928/edit?usp=sharing	text	https://youtu.be/hhrzNpQiJzA?si=f9Lft_OTssCEJNuV	0:04:54	Youtube	MV	MP4	True	Very goog	AM_008				group A	Uploaded								
839	STT_AM_AB0837	16	https://docs.google.com/document/d/16gcZnkJbhwWokSalkGc5H2XyI9aYeymBDLaZytYPQps/edit?usp=sharing	text	https://youtu.be/lO6zFayiGZg?si=xitBGCmlK-gpUZYk	0:10:56	Youtube	MV	MP4	True	Very goog	AM_008				group A	Uploaded								
840	STT_AM_AB0838	17	https://docs.google.com/document/d/1Zhyo1gUlir0q3slnH3hggC5tL_cZHvr8HLA9_5TM6oQ/edit?usp=sharing	text	https://youtu.be/Kwzq6t13OdU?si=jnDSpCvCPR4J08nV	0:07:02	Youtube	MV	MP4	True	Very goog	AM_008				group A	Uploaded								
841	STT_AM_AB0839	18	https://docs.google.com/document/d/1OzrGb0cBMGtdsw5UhzOaXVaXynRsUbZUkfSDdVx9KXI/edit?usp=sharing	text	https://youtu.be/2lekeB8-yVQ?si=C49Ut48NmW-L5eVX	0:06:45	Youtube	MV	MP4	True	Very goog	AM_008				group A	Uploaded								
842	STT_AM_AB0840	19	https://docs.google.com/document/d/1UxZxPpyw3JB6oNUxyASC9SA6dcoiGBroo_O3h-VA2hA/edit?usp=sharing	text	https://youtu.be/TV6Nmv440SQ?si=AJSdSUSNGU-7mdM9	0:13:17	Youtube	MV	MP4	True	Very goog	AM_008				group A	Uploaded								
843	STT_AM_AB0841	20	https://docs.google.com/document/d/1zWIZtmJdpt7kAo6NwaH3lVdDJtPC0Buv0ub73K2zlys/edit?usp=sharing	text	https://youtu.be/DXbPpcfLuZw?si=7KFmKiOMp-bQ0vg_	0:07:12	Youtube	MV	MP4	True	Very goog	AM_008				group A	Uploaded								
844	STT_AM_AB0842	21	https://docs.google.com/document/d/1My6LWCT0kQyM-M2Ma_yFhutyVlQEXtVT1bZHCjlp3Sc/edit?usp=sharing	text	https://youtu.be/2EVZd4aCyVE?si=nMwS9S0-kXxf0TNG	0:07:00	Youtube	MV	MP4	True	Very goog	AM_008				group A	Uploaded								
845	STT_AM_AB0843	22	https://docs.google.com/document/d/1iB1kNouc4DL998Nm8VXG06eDcd152avcPmfqjgqpgGQ/edit?usp=sharing	text	https://youtu.be/v17W-O_ChRs?si=eQdZCFfJAmil1DKl	0:05:37	Youtube	MV	MP4	True	Very goog	AM_008				group A	Uploaded								
846	STT_AM_AB0844	23	https://docs.google.com/document/d/1d7HBBsYisM05S50gopFJcxxSnr3Qk6_RUlophL_pmfk/edit?usp=sharing	text	https://youtu.be/3L4kaXU7OWw?si=hvta1Ctt9Fe0y3Je	0:06:28	Youtube	MV	MP4	True	Very goog	AM_008				group A	Uploaded								
847	STT_AM_AB0845	24	https://docs.google.com/document/d/1To1kakIKAwejPWqt1wLS9RIM7qup7sfmQN6ztnk_6AU/edit?usp=sharing	text	https://youtu.be/x5sYgwcng04?si=uPoS198kdJjAypkW	0:13:43	Youtube	MV	MP4	True	Very goog	AM_008				group A	Uploaded								
848	STT_AM_AB0846	25	https://docs.google.com/document/d/1Mz-l66vhfEjst7WfjHfPApvI0-8MEJyuNiA-kR4K5lI/edit?usp=sharing	text	https://youtu.be/oa93-_2Is9o?si=JUjJlsrCPmHGkRWt	0:05:44	Youtube	MV	MP4	True	Very goog	AM_008				group A	Uploaded								
849	STT_AM_AB0847	26	https://docs.google.com/document/d/101zNmlJtYhKmjzwGC73Wk7LF0RRV5faH9ZWX94XnBSY/edit?usp=sharing	text	https://youtu.be/PaY034pInKw?si=BamIfigpwmYHxgMj	0:09:24	Youtube	MV	MP4	True	Very goog	AM_008				group A	Uploaded								
850	STT_AM_AB0848	27	https://docs.google.com/document/d/1iBs6OTp2Smaqgc9kFpfGdIZcUpCJK0HCLXK2qnMt450/edit?usp=sharing	text	https://youtu.be/ij5VFMihjGQ?si=GbEErhp99tT6hkub	0:09:42	Youtube	MV	MP4	True	Very goog	AM_008				group A	Uploaded								
851	STT_AM_AB0849	28	https://docs.google.com/document/d/1YGmx70VLjEh43aREy0b9Sm_H8hkHinGK3_rBveV_pA8/edit?usp=sharing	text	https://youtu.be/t7eniCjcQ7A?si=QHM22wj40eR3Wwb-	0:08:25	Youtube	MV	MP4	True	Very goog	AM_008				group A	Uploaded								
852	STT_AM_AB0850	29	https://docs.google.com/document/d/1BAjaZyertop9tWdLfOBaIq9zQHjskHOSkWfN118JaiQ/edit?usp=sharing	text	https://youtu.be/3iUS1XlojEk?si=LLHBDZcRTIs-bby3	0:05:07	Youtube	MV	MP4	True	Very goog	AM_008				group A	Uploaded								
853	STT_AM_AB0851	30	https://docs.google.com/document/d/1vYnDhM77kh3Y2KaLjzDRvTYulj1BESCWwLqfkGX7G8I/edit?usp=sharing	text	https://youtu.be/U_iPiOPtjck?si=KdmtDa6XkimQURIn	0:05:56	Youtube	MV	MP4	True	Very goog	AM_008				group A	Uploaded								
854	STT_AM_AB0852	31	https://docs.google.com/document/d/1Gs1ggVYk--FIiA2yMVR3idOYYbVOOVoYZIN0bW4Egfw/edit?usp=sharing	text	https://youtu.be/uLRBJc2VIXc?si=qD009bYfjnM04gVp	0:09:07	Youtube	MV	MP4	True	Very goog	AM_008				group A	Uploaded								
855	STT_AM_AB0853	32	https://docs.google.com/document/d/1OG3Mxdq9mMa9LUPS4fDY-UEr6uzSYJznJkwiDEBsQck/edit?usp=sharing	text	https://youtu.be/OFzOLP2bkfM?si=M1ufjlNCsC1XCjAy	0:10:02	Youtube	MV	MP4	True	Very goog	AM_008				group A	Uploaded								
856	STT_AM_AB0854	33	https://docs.google.com/document/d/11ktMwwRevIcZQa1998yyAGvHj0C0UXOOydVjukF_ehM/edit?usp=sharing	text	https://youtu.be/8pCDumdt67A?si=OdBQBTSseO7zaaBW	0:06:31	Youtube	MV	MP4	True	Very goog	AM_008				group A	Uploaded								
857	STT_AM_AB0855	34	https://docs.google.com/document/d/1i1VMzsnRmRNpHcak7pWIbBtDUWzP2lVQeFjhVR4vDlk/edit?usp=sharing	text	https://youtu.be/qQ9qkr_xkUA?si=3S5rj602W7hnQSlh	0:13:45	Youtube	MV	MP4	True	Very goog	AM_008				group A	Uploaded								
858	STT_AM_AB0856	35	https://docs.google.com/document/d/1dBGw16n4KpL3rYqzBEDtju2Gsn7sZZXay2TfeJV_--o/edit?usp=sharing	text	https://youtu.be/P4gnz63NLdY?si=CW3CpcV_6q4kjwhS	0:09:21	Youtube	MV	MP4	True	Very goog	AM_008				group A	Uploaded								
859	STT_AM_AB0857	36	https://docs.google.com/document/d/14Zk3qRr20WUCqBHXilCiSv5L6FZ0iPSLht-uJqGPXVA/edit?usp=sharing	text	https://youtu.be/Kb3kUjs9JL8?si=UZAiI_W7YenUn-cF	0:07:08	Youtube	MV	MP4	True	Very goog	AM_008				group A	Uploaded								
860	STT_AM_AB0858	37	https://docs.google.com/document/d/1ALWTZqbza1LEO1DtanF28IP93dHmBbLrUZNzU8OJgG4/edit?usp=sharing	text	https://youtu.be/P9euukFziOQ?si=A1RVl3VFaO_7QpoP	0:05:08	Youtube	MV	MP4	True	Very goog	AM_008				group A	Uploaded								
861	STT_AM_AB0859	38	https://docs.google.com/document/d/1Qxh4Qy9MYKUC-fg6I4CTbFUINfV4vQDoWirnPQRXg-I/edit?usp=sharing	text	https://youtu.be/vpXa5kcxXi8?si=rwHeosSt9CkrXlDy	0:07:49	Youtube	MV	MP4	True	Very goog	AM_008				group A	Uploaded								
862	STT_AM_AB0860	39	https://docs.google.com/document/d/1r1vMNQ7A4o3IW4O6L4GPDEG6_DCKYgogen-axnf1vNI/edit?usp=sharing	text	https://youtu.be/N3UCyWFh7N4?si=CuAZr9cQ22p4RgSL	0:11:58	Youtube	MV	MP4	True	Very goog	AM_008				group A	Uploaded								
863	STT_AM_AB0861	40	https://docs.google.com/document/d/1Dn2gzyHLl3zsE0Ou8dLmQmcoNydK8quh0a-cZqMp2ZI/edit?usp=sharing	text	https://www.youtube.com/watch?v=L_aPzqaKKG0	0:15:39	Youtube	MV	MP4	True	Very goog	AM_008				group A	Uploaded								
864	STT_AM_AB0862	41	https://docs.google.com/document/d/1NT3vTxScqLFpCV96pgA7ytUC-_umGKVxuo0Izbh3Bts/edit?usp=sharing	text	https://youtu.be/yU3yOTpoFAw?si=kls8iAYNpaKCZXJD	0:11:50	Youtube	MV	MP4	True	Very goog	AM_008				group A	Uploaded								
865	STT_AM_AB0863	42	https://docs.google.com/document/d/1Qe2pB_mvlIoqNW0HBBIuiAqf3NF2rrWmYt85e38wy_o/edit?usp=sharing	text	https://youtu.be/_jt1Q_4aR7U?si=_AskLh6s8Ls_TIbf	0:09:24	Youtube	MV	MP4	True	Very goog	AM_008				group A	Uploaded								
866	STT_AM_AB0864	43	https://docs.google.com/document/d/1a2bf3TLtCYyDuwOef34E-1txZ3PQNA5-9GV9bLGJzhI/edit?usp=sharing	text	https://youtu.be/kJVXVYbVEnU?si=ttep-vjkaHrooRLC	0:12:47	Youtube	MV	MP4	True	Very goog	AM_008				group A	Uploaded								
867	STT_AM_AB0865	44	https://docs.google.com/document/d/1K63v_dUDUGxPzvZBM8MpiM-OUUK74fKpgccWEIdGjZA/edit?usp=sharing	text	https://www.youtube.com/watch?v=pQ1Ry9SjIWA	0:09:13	Youtube	MV	MP4	True	Very goog	AM_008				group A	Uploaded								
868	STT_AM_AB0866	45	https://docs.google.com/document/d/1RJi-HyuXzmKfrjxPCoOj7RKuETrAgcQdV0JkDwG0gG0/edit?usp=sharing	text	https://youtu.be/3KJxnPDiR0E?si=kuXeymAXZ6RpW3RU	0:09:05	Youtube	MV	MP4	True	Very goog	AM_008				group A	Uploaded								
869	STT_AM_AB0867	46	https://docs.google.com/document/d/10pnkx1mPyp8aV5yEdM4BD41fcfteQpk8MCSJAVe6iVw/edit?usp=sharing	text	https://www.youtube.com/watch?v=MuNxadQitFU	0:06:56	Youtube	MV	MP4	True	Very goog	AM_008				group A	Uploaded								
870	STT_AM_AB0868	47	https://docs.google.com/document/d/1OPS1dh98bjIFTmRbxvX1rgKd8fsooXr2Y10Rj3nacmg/edit?usp=sharing	text	https://www.youtube.com/watch?v=Qm2JEKl_yLg	0:08:08	Youtube	MV	MP4	True	Very goog	AM_008				group A	Uploaded								
871	STT_AM_AB0869	48	https://docs.google.com/document/d/1bbAu-AB5RGy93uuE7uVjhcHMeSY3iq1CX7BjA-kNPio/edit?usp=sharing	text	https://www.youtube.com/watch?v=ZULuH7UwdFY	0:08:02	Youtube	MV	MP4	True	Very goog	AM_008				group A	Uploaded								
872	STT_AM_AB0870	49	https://docs.google.com/document/d/1QxcPbihmRhpQUTjJd72z-2ZLNyLGCG354TAuwnxHI9w/edit?usp=sharing	text	https://www.youtube.com/watch?v=dWz933DYtn8	0:07:12	Youtube	MV	MP4	True	Very goog	AM_008				group A	Uploaded								
873	STT_AM_AB0871	50	https://docs.google.com/document/d/1aoJjnXL5KHRUuMN138ugjfi1q98xtxH1rDNTDBrcKmY/edit?usp=sharing	text	https://www.youtube.com/watch?v=sQGcYh-mA4k	0:05:37	Youtube	MV	MP4	True	Very goog	AM_008				group A	Uploaded								
874	STT_AM_AB0872	51	https://docs.google.com/document/d/1fwRB3ycDHQoenXpkof48H-d-XIMPRevQ4hauYb7cf1E/edit?usp=sharing	text	https://www.youtube.com/watch?v=LpmrHNq2YM0	0:09:15	Youtube	MV	MP4	True	Very goog	AM_008				group A	Uploaded								
875	STT_AM_AB0873	52	https://docs.google.com/document/d/1X0gH5evNdjgZ4Tn2C6J1ruD2edfDOflvo4CRh4Kl744/edit?usp=sharing	text	https://youtu.be/LE2JyhpqSK8?si=tExGsk18lVlUgF04	0:07:50	Youtube	MV	MP4	True	Very goog	AM_008				group A	Uploaded								
876	STT_AM_AB0874	53	https://docs.google.com/document/d/1UbrTI9ZBkSd8ogh5yhoF4-PkPGgOCKi0ZMw245ypG5w/edit?usp=sharing	text	https://youtu.be/AkO8yoPZhy4?si=oWnNo_dv7yEQOaLj	0:17:20	Youtube	MV	MP4	True	Very goog	AM_008				group A	Uploaded								
877	STT_AM_AB0875	54	https://docs.google.com/document/d/1mufjJwHOpsH2V_H4_F5UWf7BTDEDyZINdjPDEUbGHqc/edit?usp=sharing	text	https://youtu.be/qlqbUqBJGfk?si=Nw3mI9AOMnvH_Nbc	0:18:10	Youtube	MV	MP4	True	Very goog	AM_008				group A	Uploaded								
878	STT_AM_AB0876		https://docs.google.com/document/d/1EVzT4-5nUlcb5tQWRrZJuUlOsADzfKLSrOYcGypz1KQ/edit?usp=sharing	text	https://youtu.be/Smcz6yrl10Q?si=8NAhmMWtw-milHMJ	0:15:14	Youtube	MV	MP4	True	Very goog	AM_008				group A	Uploaded								
879	STT_AM_AB0877	58	https://docs.google.com/document/d/19vbKWYz2z7kEMcvQxK5nFOxF-BBtykXU4ra5QRezQH0/edit?usp=sharing	text	https://youtu.be/PFSS_aWB1Co?si=-KY-BGhTbLWI3uB4	0:08:25	Youtube	MV	MP4	True	Very goog	AM_008				group A	Uploaded								
880	STT_AM_AB0878	59	https://docs.google.com/document/d/1cB-rMQmKMo6a0kB0kwn3eGxeBHleZx46neofW2M-PJk/edit?usp=sharing	text	https://youtu.be/ovI7ffG6eKY?si=I60C6A38yxavt5LI	0:07:07	Youtube	MV	MP4	True	Very goog	AM_008				group A	Uploaded								
881	STT_AM_AB0879	60	https://docs.google.com/document/d/1vPW1oLeY-laTrM326bhbuJmg1JXEtMTeD7VMcwSf49A/edit?usp=sharing	text	https://youtu.be/g99035d2w94?si=CjkECHRQq-euo09L	0:16:20	Youtube	MV	MP4	True	Very goog	AM_008				group A	Uploaded								
882	STT_AM_AB0880		https://docs.google.com/document/d/1FOTYuqj_x9owMfqYkpDLFf1AuM1MxoLgGmdj3b0wzAc/edit?usp=sharing	text	https://youtu.be/SkY6H_Y7S7o?si=UY7YFf8pmQhw1wuu	1:03:18	Youtube	MV	MP4	False	Very goog	AM_007				group A	Uploaded								
883	STT_AM_AB0881	2	https://docs.google.com/document/d/1lRA6QnsXGWlb7mEXR8fhHbFKQOrAt5ixi8KzEUdUUlU/edit?usp=sharing	text	https://youtu.be/ZTDVP53pKz0?si=7kuwt1Hou5w5QZtz	1:05:26	Youtube	MV	MP4	False	Very goog	AM_007				group A	Uploaded								
884	STT_AM_AB0882	3	https://docs.google.com/document/d/1iiRJiXMP3L9h8XTETwwWCJqcVWrVq--T8h_9BtzA4cE/edit?usp=sharing	text	https://youtu.be/5815nrp2u1U?si=6hUBi4wLFmv2gSjb	1:01:43	Youtube	MV	MP4	False	Very goog	AM_007				group A	Uploaded								
885	STT_AM_AB0883	4	https://docs.google.com/document/d/1H1PyTN1mF9RObE8WkJ42C9aFaf3_Bb9AoMjAtp_nUmA/edit?usp=sharing	text	https://youtu.be/Sshpf2Ou0RA?si=4wI2VwhgqIt_Cjb1	0:16:45	Youtube	MV	MP4	False	Very goog	AM_007				group A	Uploaded								
886	STT_AM_AB0884		https://docs.google.com/document/d/1iA6bOhhAKqFFWYSbn76pRT1Ez0q5Y_jXrhjQeUt6UuU/edit?usp=sharing	text	https://youtu.be/-Mem22Igi6g?si=aZLGJUbvLSXXdOh7	0:43:05	Youtube	MV	MP4	False	Very goog	AM_007				group A	Uploaded								
887	STT_AM_AB0885	2	https://docs.google.com/document/d/1Gi9hNmJ-QCubGoT_7xhcDHKS_Kh71NqEujlO48WR-yE/edit?usp=sharing	text	https://youtu.be/YttZW7MUn_w?si=im-JSTUewNNc77nk	0:31:05	Youtube	MV	MP4	False	Very goog	AM_007				group A	Uploaded								
888	STT_AM_AB0886		https://docs.google.com/document/d/14lBLKTXAFFzJnNK1q7Got7dG4hJ40RRqhHszffEHUGo/edit?usp=sharing	text	https://youtu.be/rErCYSZT4qI?si=_fTGd-2EIEVL_mkn	0:29:20	Youtube	MV	MP4	False	Very goog	AM_007				group A	Uploaded								
889	STT_AM_AB0887	2	https://docs.google.com/document/d/1Crbx7nx7RiyXDJ0z0DzZDAY68Wg6F9koX3XJBJI3wEI/edit?usp=sharing	text	https://youtu.be/Fxqo6wUtAOY?si=uA6gGad4r6WgsCh0	1:06:06	Youtube	MV	MP4	False	Very goog	AM_007				group A	Uploaded								
890	STT_AM_AB0888	3	https://docs.google.com/document/d/1Eqe7f4FSyhWG1ofZiMKGrTOXJsh7-wbHZI5MuLlXXrY/edit?usp=sharing	text	https://youtu.be/G-1xQeW9Cik?si=DBVf7aB8VAbtuakz	1:03:40	Youtube	MV	MP4	False	Very goog	AM_007				group A	Uploaded								
891	STT_AM_AB0889	4	https://docs.google.com/document/d/1cHplmd6L2vThfMYDLeTEsY_0T1y_4xDpkg6gw87vMzs/edit?usp=sharing	text	https://youtu.be/Mb89BGJ2jic?si=VbVqCSwko0Jd0yIN	1:00:31	Youtube	MV	MP4	False	Very goog	AM_007				group A	Uploaded								
892	STT_AM_AB0890	5	https://docs.google.com/document/d/11xrmfwgdvi7LSxfreGujD0Y6lN_cgeRMB3nRGkqoRZA/edit?usp=sharing	text	https://youtu.be/KLOb51SdNXo?si=h8aq6DAA6e0QZovQ	0:15:45	Youtube	MV	MP4	False	Very goog	AM_007				group A	Uploaded								
893	STT_AM_AB0891	6	https://docs.google.com/document/d/1DLoA5WdVnJ4KozW9d193VGQp1fqdnqL03-5oL665-wE/edit?usp=sharing	text	https://youtu.be/gpjbQmR9wPc?si=BqRghB-TS9ug8BPO	0:20:51	Youtube	MV	MP4	False	Very goog	AM_007				group A	Uploaded								
894	STT_AM_AB0892	7	https://docs.google.com/document/d/1x3BcLHD45XHSf3iUdybYLadR1MZXGHfzxXPgUnDwNj4/edit?usp=sharing	text	https://youtu.be/JCGQTV9lUnA?si=xObjww-mCVf7-byI	0:30:25	Youtube	MV	MP4	False	Very goog	AM_007				group A	Uploaded								
895	STT_AM_AB0893	8	https://docs.google.com/document/d/1_A7LiW1Gv4V7HFtSz_pGvwziYpKPoPVAk4kkzGUTaMU/edit?usp=sharing	text	https://youtu.be/S_2DXh7DRlI?si=JNzBQmuoKzlUWRUy	0:17:05	Youtube	MV	MP4	False	Very goog	AM_007				group A	Uploaded								
896	STT_AM_AB0894	9	https://docs.google.com/document/d/11zfp3C8jLg9s_2hslm7mAUw1kfQvIMqHAZ2C6ARQkSQ/edit?usp=sharing	text	https://www.youtube.com/watch?v=itj4EqC3jhE	0:50:13	Youtube	MV	MP4	False	Very goog	AM_007				group A	Uploaded								
897	STT_AM_AB0895	10	https://docs.google.com/document/d/1kKohpYqOhEeUIL_HXYsFZZfysS9QemuLWvi7CiAiZSw/edit?usp=sharing	text	https://www.youtube.com/watch?v=vDtIiqzXAZM	1:01:40	Youtube	MV	MP4	False	Very goog	AM_007				group A	Uploaded								
898	STT_AM_AB0896		https://docs.google.com/document/d/1qhBLttAUZsiYQNJxZlnGN01tZO5upsVobbrED4xdsPQ/edit?usp=sharing	text	https://www.youtube.com/watch?v=nefC5__OROg	0:24:17	Youtube	MV	MP4	True	Very goog	AM_003				group A	Uploaded								
899	STT_AM_AB0897	2	https://docs.google.com/document/d/1sfQo9fuNEPzf-No_fhAgKbm_BWKthkgzkXTr2Wk2bGE/edit?usp=sharing	text	https://www.youtube.com/watch?v=8__B6w-_Ceg	0:25:03	Youtube	MV	MP4	True	Very goog	AM_003				group A	Uploaded								
900	STT_AM_AB0898	3	https://docs.google.com/document/d/183Zfw02vcALATe-m0HmxBHBpUuXtC4Rmw6fGpgHqMg8/edit?usp=sharing	text	https://www.youtube.com/watch?v=vpjmprWThhk	0:25:44	Youtube	MV	MP4	True	Very goog	AM_003				group A	Uploaded								
901	STT_AM_AB0899	4	https://docs.google.com/document/d/1mzYTnXr-_cx7NYvWxRDVRXmIg-rtfki-U9b_DuyiGVs/edit?usp=sharing	text	https://www.youtube.com/watch?v=QmF6jYw4Yik	0:25:17	Youtube	MV	MP4	True	Very goog	AM_003				group A	Uploaded								
902	STT_AM_AB0900	5	https://docs.google.com/document/d/16hNKtQX01fI2eOn5Ze_KhEVI01GucjgJNqdvIs_BYTg/edit?usp=sharing	text	https://www.youtube.com/watch?v=AySa_93iW0Y	0:24:20	Youtube	MV	MP4	True	Very goog	AM_003				group A	Uploaded								
903	STT_AM_AB0901	6	https://docs.google.com/document/d/114rmiE4qQco9SQo6tHf4fsyFklPwifUxz1hKBiLPScQ/edit?usp=sharing	text	https://www.youtube.com/watch?v=cqo34bssaOA	0:25:09	Youtube	MV	MP4	True	Very goog	AM_003				group A	Uploaded								
904	STT_AM_AB0902	7	https://docs.google.com/document/d/1RODz1ZHeIMnnb_KdK1v_vXE81yYaXVnR0NapKEDMi6Q/edit?usp=sharing	text	https://www.youtube.com/watch?v=a2EeXnPfoKM	0:24:41	Youtube	MV	MP4	True	Very goog	AM_003				group A	Uploaded								
905	STT_AM_AB0903	8	https://docs.google.com/document/d/1HaYSCZ2cQD6wiNr6_j_hcE6q8O38-uukQm_5lNRUeco/edit?usp=sharing	text	https://www.youtube.com/watch?v=BhDFWI6aAxM	0:25:02	Youtube	MV	MP4	True	Very goog	AM_003				group A	Uploaded								
906	STT_AM_AB0904	9	https://docs.google.com/document/d/1U-kDyn3x9CS3jqFQ22lQRUefBXyR479rOVWzVqZA9-c/edit?usp=sharing	text	https://www.youtube.com/watch?v=Y0MAaUeHJcs	0:24:51	Youtube	MV	MP4	True	Very goog	AM_003				group A	Uploaded								
907	STT_AM_AB0905	10	https://docs.google.com/document/d/16BsJsZh_Pqld750e8VjGBqIec1zkdfs1uxcemNtvuVA/edit?usp=sharing	text	https://www.youtube.com/watch?v=5iyGXQ4nZb8	0:26:42	Youtube	MV	MP4	True	Very goog	AM_003				group A	Uploaded								
908	STT_AM_AB0906	11	https://docs.google.com/document/d/1z3-NRboaDJspnR-guc7a6__LmXkQKXwVW_tfcfJWoJ8/edit?usp=sharing	text	https://youtu.be/xZPZOuIP9B8?si=QVvG0pUg03FJx8jA	0:24:15	Youtube	MV	MP4	True	Very goog	AM_003				group A	Uploaded								
909	STT_AM_AB0907	12	https://docs.google.com/document/d/11iqIsA_4u9iZHeH9wssIcVp6LwBSCWAgGV8nZ4OeFqc/edit?usp=sharing	text	https://youtu.be/lNKaT54tnYk?si=d3JeUQ242lcDWoQo	0:25:17	Youtube	MV	MP4	True	Very goog	AM_003				group A	Uploaded								
910	STT_AM_AB0908	13	https://docs.google.com/document/d/1TaVpT_Qu3sM76lLpa1b_8drzcZ03kHTOGrphzEjD3p0/edit?usp=sharing	text	https://youtu.be/zkMCBodpTeg?si=lXp2f92o9TwzAm-X	0:13:20	Youtube	MV	MP4	True	Very goog	AM_003				group A	Uploaded								
911	STT_AM_AB0909	14	https://docs.google.com/document/d/1_qHJ-miUrF0VmAuEcXe7ahEXK9tN9F9tcRGqT0_nGms/edit?usp=sharing	text	https://youtu.be/Ff0P5ybwYoY?si=iJYYggYVmD8NX2W0	0:16:36	Youtube	MV	MP4	False	Very goog	AM_003				group A	Uploaded								
912	STT_AM_AB0910	15	https://docs.google.com/document/d/15lzF8MVNtyVyL28jkWQYeafVtQPCZSk34yFVORr22Dg/edit?usp=sharing	text	https://youtu.be/2pQlba1cr6s?si=-Wip2nsk7CNn8jYF	0:21:52	Youtube	MV	MP4	False	Very goog	AM_003				group A	Uploaded								
913	STT_AM_AB0911	16	https://docs.google.com/document/d/1E4z_COVh7GzKfKGeFeHO1gLReAeShD0VMGlw7C3wFjM/edit?usp=sharing	text	https://youtu.be/jGvqO6Ew5v8?si=CBCiprxM0NuDV4Bh	0:20:43	Youtube	MV	MP4	True	Very goog	AM_003				group A	Uploaded								
914	STT_AM_AB0912	17	https://docs.google.com/document/d/1QEPvhpG07Bpgfy24z9kw1mQUNq7hYpuMM5F6MXMG_uw/edit?usp=sharing	text	https://youtu.be/6qxFAMn5Hx4?si=sjjlbInr8z0KEM2m	0:11:06	Youtube	MV	MP4	True	Very goog	AM_003				group A	Uploaded								
915	STT_AM_AB0913	18	https://docs.google.com/document/d/1t_sG-lNqo-2FkU7NphWK25D5mffAGJJTTn1aJqCrk4o/edit?usp=sharing	text	https://youtu.be/OOo6Jj1LxaU?si=38SrXXy_RQt2TfvF	0:05:27	Youtube	MV	MP4	True	Very goog	AM_003				group A	Uploaded								
916	STT_AM_AB0914	19	https://docs.google.com/document/d/1lBXZKQOxk8VGuO7RVJ2KGPmOgzJojXexagRufkvOxCY/edit?usp=sharing	text	https://youtu.be/T1H72Mx5eCE?si=GDhgkYW31uPXtbYs	0:13:35	Youtube	MV	MP4	True	Very goog	AM_003				group A	Uploaded								
917	STT_AM_AB0915	20	https://docs.google.com/document/d/1bblZ5qLqcFf29ZDNLvi8w_k1IFCLag7MlZ3GZRcm280/edit?usp=sharing	text	https://youtu.be/3Ki3WSIBH70?si=2hM4agJcDFUp807V	0:06:22	Youtube	MV	MP4	True	Very goog	AM_003				group A	Uploaded								
918	STT_AM_AB0916	21	https://docs.google.com/document/d/1sTTQ9SQwglq5ASvEBhstKVGj_U19rBCMlGkXSSem-Yc/edit?usp=sharing	text	https://youtu.be/y_24KAISUbQ?si=oHjBrH2nvfQwX-X_	0:08:10	Youtube	MV	MP4	True	Very goog	AM_003				group A	Uploaded								
919	STT_AM_AB0917	22	https://docs.google.com/document/d/1qThCbpsnA9ERQFWVVaD9w9bI1qdMmb1j7Yc1c6MmZUI/edit?usp=sharing	text	https://youtu.be/LK4CrVBOn9k?si=q6I1V_3jFsw7D24u	0:09:14	Youtube	MV	MP4	True	Very goog	AM_003				group A	Uploaded								
920	STT_AM_AB0918	23	https://docs.google.com/document/d/1HJ4j9y7BNeCS6voax73S3lYrjkT7RxFCah79MiSzuL0/edit?usp=sharing	text	https://youtu.be/KmGqN2OT3ns?si=f69_QX6zGVXqI9Kw	0:04:32	Youtube	MV	MP4	True	Very goog	AM_003				group A	Uploaded								
921	STT_AM_AB0919	24	https://docs.google.com/document/d/1G9Rbhz7BfCJ7vLuWMhU9NHz0_URTr-fW-Z9bzajwpAI/edit?usp=sharing	text	https://youtu.be/z9Kx7EYk3tU?si=BfdO2Hdlke6dXRQN	0:15:23	Youtube	MV	MP4	True	Very goog	AM_003				group A	Uploaded								
922	STT_AM_AB0920	25	https://docs.google.com/document/d/1OSsiGviCnfA1jkGWJAa0TOibx6Ny6Mx3tC63DN1IwpM/edit?usp=sharing	text	https://youtu.be/Sr8avgQWaC4?si=CysLkfvnz8-Jtqp4	0:06:00	Youtube	MV	MP4	True	Very goog	AM_003				group A	Uploaded								
923	STT_AM_AB0921	26	https://docs.google.com/document/d/1hvlzW1Qd7EoWjKTSbt0EPPDW1kyYFBFHAjhF4BIf_yk/edit?usp=sharing	text	https://youtu.be/KNhhDqFWjUs?si=j0iS1uDDH-lBWCfm	0:17:10	Youtube	MV	MP4	True	Very goog	AM_003				group A	Uploaded								
924	STT_AM_AB0922	27	https://docs.google.com/document/d/1rImLy4OPR_ymasuVvulDTYgbo2EwHp1KBkosyCaJ43Q/edit?usp=sharing	text	https://youtu.be/0KJm6XzjkAQ?si=UfbbgDOKRFl7fvxu	0:11:14	Youtube	MV	MP4	True	Very goog	AM_003				group A	Uploaded								
925	STT_AM_AB0923	28	https://docs.google.com/document/d/1NQRcAe9GcoC2nbhvWH_h54VSWzQGWj6AEfntwvJPs_M/edit?usp=sharing	text	https://youtu.be/nnRaCFcRvPE?si=G3LmBkldINnh8bi_	0:41:19	Youtube	MV	MP4	True	Very goog	AM_003				group A	Uploaded								
926	STT_AM_AB0924	29	https://docs.google.com/document/d/19CQkkMAz0Tg62DE2VKmE9EmTzzFGLEeQWiz7yertggU/edit?usp=sharing	text	https://youtu.be/Zw4cfiY1Hns?si=R_0kxMsEw_CQv1xl	0:15:31	Youtube	MV	MP4	True	Very goog	AM_003				group A	Uploaded								
927	STT_AM_AB0925	30	https://docs.google.com/document/d/1tcKufwGoB1Xok69rmFyE99zHD1I3yTUsIR03AmwICnU/edit?usp=sharing	text	https://youtu.be/KtOstKuKxF8?si=YKxXW6x9vINrjFWF	0:09:05	Youtube	MV	MP4	False	Very goog	AM_003				group A	Uploaded								
928	STT_AM_AB0926	31	https://docs.google.com/document/d/1Dvx1kuI3OFYeyVB3gaqFxVMCllIk8ByG9yI1Urmcyp4/edit?usp=sharing	text	https://youtu.be/asVQ1kWC1bY?si=JsQO7UIQm5w1lqyr	0:09:04	Youtube	MV	MP4	True	Very goog	AM_003				group A	Uploaded								
929	STT_AM_AB0927	32	https://docs.google.com/document/d/1LI7W_-bj1WYPrXrAG1z2nIKQt70t2TGYxKEbqLwxVa4/edit?usp=sharing	text	https://youtu.be/Q48m9CV0cIY?si=E-L1RDA4NGhFQdRV	0:16:07	Youtube	MV	MP4	True	Very goog	AM_003				group A	Uploaded								
930	STT_AM_AB0928	33	https://docs.google.com/document/d/1jyZx6bAX_fsbjw8Te8GJSqQDDxUbhkNH31D8CV0-LlE/edit?usp=sharing	text	https://youtu.be/V3OoAdl3WX4?si=bEX3bkX_Y9GoTN6W	0:19:52	Youtube	MV	MP4	True	Very goog	AM_003				group A	Uploaded								
931	STT_AM_AB0929	34	https://docs.google.com/document/d/1CTO3FdPov-m347MIufXhfGb7N55y3nyEdDJ5jtDhGxM/edit?usp=sharing	text	https://youtu.be/9YUmsrNjbcg?si=7rWVlELu1QIw_77e	0:18:53	Youtube	MV	MP4	True	Very goog	AM_003				group A	Uploaded								
932	STT_AM_AB0930	35	https://docs.google.com/document/d/1wAL4G-3Ax3TeRIOOs22gpOKllnTq3Ydf1c8Ea7ct1fs/edit?usp=sharing	text	https://youtu.be/n9i6q6rcqQE?si=jvFEuWy10wWXulMa	0:11:56	Youtube	MV	MP4	True	Very goog	AM_003				group A	Uploaded								
933	STT_AM_AB0931	36	https://docs.google.com/document/d/1Ub7Xa-NCIBSGk7KBiOKvJYThIuTFEEeyK3ZG1-H5t34/edit?usp=sharing	text	https://youtu.be/i9gvhdfNP-s?si=Pt9QBe_tSdZ9SteY	0:25:51	Youtube	MV	MP4	True	Very goog	AM_003				group A	Uploaded								
934	STT_AM_AB0932	37	https://docs.google.com/document/d/1cAgeTZsGtTQVWbytjkzCc5t135jbLVTW0vqs5pz4CnE/edit?usp=sharing	text	https://youtu.be/36kTo9zvhzU?si=QAN47v2CjPjn9--O	0:31:10	Youtube	MV	MP4	False	Very goog	AM_003				group A	Uploaded								
935	STT_AM_AB0933	38	https://docs.google.com/document/d/1wIJR7y9_sXXlIhI9QF9ELleaAyIXs4OUxe6rIWFeT2A/edit?usp=sharing	text	https://youtu.be/HZN_1nUt4Bk?si=UKR6X2kUl36Cpxig	0:39:05	Youtube	MV	MP4	True	Very goog	AM_003				group A	Uploaded								
936	STT_AM_AB0934	39	https://docs.google.com/document/d/1ASKtqjki0chKoZV63eYOSppY3-t6N-UCgXAgVQ0JyjM/edit?usp=sharing	text	https://youtu.be/UAKtBKyWrbQ?si=inebJsMXVCT7sA3J	0:18:48	Youtube	MV	MP4	True	Very goog	AM_003				group A	Uploaded								
937	STT_AM_AB0935	40	https://docs.google.com/document/d/1JB0VGmcGBNGsn54WAUm92TE42etKnenbvpBBimwUA0g/edit?usp=sharing	text	https://youtu.be/joPDYiN_n60?si=SML5-wxWSTemJZmB	0:12:30	Youtube	MV	MP4	True	Very goog	AM_003				group A	Uploaded								
938	STT_AM_AB0936	41	https://docs.google.com/document/d/16ZuXkdm-nxIZAtdY7mXpPfdhy4YwkT5kcSQm4ucmeR4/edit?usp=sharing	text	https://youtu.be/Dm5CigYiuWU?si=yDi0j5bmkzlRqMoD	0:18:05	Youtube	MV	MP4	False	Very goog	AM_003				group A	Uploaded								
939	STT_AM_AB0937	42	https://docs.google.com/document/d/16sgGFrH0E_fsQtI-qEDJYXhiG1bNw2F-r4o_e_peiAw/edit?usp=sharing	text	https://youtu.be/yK7Hk3jdyoA?si=iJ1duuDCooxu5yVr	0:26:45	Youtube	MV	MP4	False	Very goog	AM_003				group A	Uploaded								
940	STT_AM_AB0938	43	https://docs.google.com/document/d/1rLXNe12BxojVE7u4HwvtrfdYAZV1C5ztBvwinrdXGfY/edit?usp=sharing	text	https://youtu.be/ZP2feeWTo9k?si=VIrIaoutcVZ-FsSP	0:26:41	Youtube	MV	MP4	True	Very goog	AM_003				group A	Uploaded								
941	STT_AM_AB0939	44	https://docs.google.com/document/d/111pfauqllP61HY0_sTlCEUcX_bKUGOcVKEwbHkX5z2Y/edit?usp=sharing	text	https://youtu.be/1fZsbmiases?si=6-xjJIbO94XD5A4Y	0:08:01	Youtube	MV	MP4	True	Very goog	AM_003				group A	Uploaded								
942	STT_AM_AB0940	45	https://docs.google.com/document/d/1J0RqNBHpLt1ucWKaAelc10SdQ-LAVWHVasJmvsVHLy0/edit?usp=sharing	text	https://youtu.be/H3EoA9mIPsE?si=Z5oH8_ECFfbT_NEd	0:20:08	Youtube	MV	MP4	False	Very goog	AM_003				group A	Uploaded								
943	STT_AM_AB0941	46	https://docs.google.com/document/d/1rkM-pbjLixK6_N7bbXu4YIR_7hOM-2l0Vrq-4HfyjL0/edit?usp=sharing	text	https://youtu.be/-mD4WUMZ4Co?si=vBLnpz8XohobjpIL	0:21:30	Youtube	MV	MP4	True	Very goog	AM_003				group A	Uploaded								
944	STT_AM_AB0942	47	https://docs.google.com/document/d/10cU--wpVMoSubAhuZvfnGerrhUfPH4pBU951yNU3Y54/edit?usp=sharing	text	https://youtu.be/_MTYrIGO-5w?si=JkEVAj0UOATmNi3h	0:22:04	Youtube	MV	MP4	False	Very goog	AM_003				group A	Uploaded								
945	STT_AM_AB0943	48	https://docs.google.com/document/d/1JD0jO1js5w7A-IBIWrSPbBMwga7ukY0EpAfRF_Zc8ic/edit?usp=sharing	text	https://youtu.be/Zq5RBubrDPo?si=Mnwr8X4OR_ZFLzlg	0:25:02	Youtube	MV	MP4	True	Very goog	AM_003				group A	Uploaded								
946	STT_AM_AB0944	49	https://docs.google.com/document/d/1CrHG3qGsHMNwV3sWMgKOaHtaojui6wzaONRk5p8Es34/edit?usp=sharing	text	https://youtu.be/PoXr4LA2Sqk?si=ZToBD2y565kK7-sg	0:22:34	Youtube	MV	MP4	True	Very goog	AM_003				group A	Uploaded								
947	STT_AM_AB0945	50	https://docs.google.com/document/d/1NxLIa1ne0Anc3p-45WmJeS-3gVzupJGGN1tzpFVzczs/edit?usp=sharing	text	https://youtu.be/kInnFxZJVmo?si=HyhNKeh2ri9mOnFj	0:12:41	Youtube	MV	MP4	False	Very goog	AM_003				group A	Uploaded								
948	STT_AM_AB0946	51	https://docs.google.com/document/d/1qycRXIyCJl7i2txu8eBnE9ffv49PF3vFl2Ci4r4YI8c/edit?usp=sharing	text	https://youtu.be/69URquIAG30?si=EDQbqc2N0h0bbrzg	0:19:50	Youtube	MV	MP4	True	Very goog	AM_003				group A	Uploaded								
949	STT_AM_AB0947	52	https://docs.google.com/document/d/1XXx1VLHCJjMezJpdEkQ_vKP2uYqyE4A19ZPKEF0PQDc/edit?usp=sharing	text	https://youtu.be/0Z4mZtpMw8U?si=rLkn9k_9X-GlNgqS	0:16:28	Youtube	MV	MP4	True	Very goog	AM_003				group A	Uploaded								
950	STT_AM_AB0948	53	https://docs.google.com/document/d/1GncwyT9ewVUFlEyOITnq-HVdvWx0nUjA9gfAatuRVkI/edit?usp=sharing	text	https://youtu.be/1dnkjJLTs0Q?si=czeHCl6o9rvrUmN2	0:28:10	Youtube	MV	MP4	True	Very goog	AM_003				group A	Uploaded								
951	STT_AM_AB0949	54	https://docs.google.com/document/d/15vmLN9ISJxzL4nHJJRRm0s8YXwccEFEKkMgNh1zRj_Q/edit?usp=sharing	text	https://youtu.be/ux5uesNP9fM?si=7SyVr50mp64nbqvS	0:20:12	Youtube	MV	MP4	True	Very goog	AM_003				group A	Uploaded								
952	STT_AM_AB0950	55	https://docs.google.com/document/d/1d_GEMgkwdT6gY12o2WF0r9PS3OYidIcwmZyEUgLFlIA/edit?usp=sharing	text	https://youtu.be/f2xB7D8C9IY?si=D5VFmagrSucoRSWF	0:13:26	Youtube	MV	MP4	True	Very goog	AM_003				group A	Uploaded								
953	STT_AM_AB0951	56	https://docs.google.com/document/d/1OOdVZeKGmNeHBI-lpUEMO20jROHT3yETitVTJdpqzrc/edit?usp=sharing	text	https://youtu.be/VBqInvZRlZQ?si=cbweGXw2PKuqDGW9	0:14:01	Youtube	MV	MP4	True	Very goog	AM_003				group A	Uploaded								
954	STT_AM_AB0952	57	https://docs.google.com/document/d/1EooWTpM1PBuYw5t4a-dQ3UKQ4UnZv5_ob9VGk2yW_BQ/edit?usp=sharing	text	https://youtu.be/AiJE0RG2-Q4?si=YQJpgDLU0wgOXWYa	0:15:06	Youtube	MV	MP4	True	Very goog	AM_003				group A	Uploaded								
955	STT_AM_AB0953	58	https://docs.google.com/document/d/1I3JVPX6Ybiz_fNrz0_VjbQT8r0qn_FXkCw1MJfCI-GI/edit?usp=sharing	text	https://youtu.be/WOJc3MuH2jU?si=f0md04PjayeOzuEd	0:27:03	Youtube	MV	MP4	True	Very goog	AM_003				group A	Uploaded								
956	STT_AM_AB0954	59	https://docs.google.com/document/d/11LX0zdamOwetQXb81PzrWQ5vbizhWWBdFCtSu9ki0xc/edit?usp=sharing	text	https://youtu.be/cnECe8q1a_o?si=2gSScn1wpWGiwQzN	0:26:27	Youtube	MV	MP4	True	Very goog	AM_003				group A	Uploaded								
957	STT_AM_AB0955	60	https://docs.google.com/document/d/1TuBNvuQZ0xuH-q61KZ5haLJW5f4SGxvlcOmxmC0QzHM/edit?usp=sharing	text	https://youtu.be/ce4lXy726do?si=OLwOTQhMJOsMfahA	0:15:10	Youtube	MV	MP4	True	Very goog	AM_003				group A	Uploaded								
958	STT_AM_AB0956	61	https://docs.google.com/document/d/1vItuOmfxhTPy9oDGYTGohmoTuqy_d29Ocooviu0-CR8/edit?usp=sharing	text	https://youtu.be/EXHEBgwUYO0?si=FHiB2QsDo5BSErn0	0:14:27	Youtube	MV	MP4	True	Very goog	AM_003				group A	Uploaded								
959	STT_AM_AB0957		https://docs.google.com/document/d/1l_FxcMmmn2kMTJEHANEpPoZ14epUFk46pqump7Mp57k/edit?usp=sharing	text	https://youtu.be/1so6l_FQiEw?si=V24VS1EWzTquqNwf	0:38:08	Youtube	MV	MP4	False	Very goog	AM_007				group A	Uploaded								
960	STT_AM_AB0958	2	https://docs.google.com/document/d/1eCdb5vFto60FCwwMVSnldyaQGUCekupaCV7YxSSl3Qk/edit?usp=sharing	text	https://youtu.be/pP9uMvjRGXw?si=KK7OyvTgykdIhL0D	0:26:40	Youtube	MV	MP4	False	Very goog	AM_007				group A	Uploaded								
961	STT_AM_AB0959	3	https://docs.google.com/document/d/1FcRCe9rpOe4hBIX0wvhjawk92t57dU5MR3qxucigCkE/edit?usp=sharing	text	https://youtu.be/ok6BIAueogI?si=CqtC2kTkGVSPCOQg	0:39:28	Youtube	MV	MP4	False	Very goog	AM_007				group A	Uploaded								
962	STT_AM_AB0960	4	https://docs.google.com/document/d/19q9ImA_YZUIu2pOeoltUVQtsdDapjWqrqzVUxyVMqNo/edit?usp=sharing	text	https://youtu.be/foydamXSry4?si=cY5CitYdicSVwIKo	0:50:24	Youtube	MV	MP4	False	Very goog	AM_007				group A	Uploaded								
963	STT_AM_AB0961	5	https://docs.google.com/document/d/1-q7Mex2OEPBJkPLoFyK4kSntYoW3NZw31ST_hHYfxGw/edit?usp=sharing	text	https://youtu.be/OEJe7N78L6U?si=5IjcYu8NoUPY-mrb	0:25:55	Youtube	MV	MP4	False	Very goog	AM_007				group A	Uploaded								
964	STT_AM_AB0962	6	https://docs.google.com/document/d/1ujHhVm-uiSFH5W42zTK3OZ3PsNNdlgwkcS9CFU19xYU/edit?usp=sharing	text	https://youtu.be/sT5MaT-6rC8?si=yNYODF5Z_6K8lN8C	0:29:18	Youtube	MV	MP4	False	Very goog	AM_007				group A	Uploaded								
965	STT_AM_AB0963	7	https://docs.google.com/document/d/1eplSvkzOxjzjtlobsirNkZgHEbMKE5j2D5a2SZxiR3Y/edit?usp=sharing	text	https://youtu.be/YMlUVIZbiow?si=wVrLlzm4gnMmoyMi	1:09:55	Youtube	MV	MP4	False	Very goog	AM_007				group A	Uploaded								
966	STT_AM_AB0964	8	https://docs.google.com/document/d/1OWFT8k7JXKVLM6SO16ocGy1jqfHPnFQrUkJBnkDBV0g/edit?usp=sharing	text	https://youtu.be/JmLr5cWT66c?si=hdmtCieaZfKus2_Q	1:01:17	Youtube	MV	MP4	False	Very goog	AM_007				group A	Uploaded								
967	STT_AM_AB0965	9	https://docs.google.com/document/d/1qEQuLUaY9Y51pEzs1_uZw_cVZ-1l9IxZrA16jVm9Qkk/edit?usp=sharing	text	https://youtu.be/xp_X29Gm-JY?si=Cdma8Zpki0Ym6Hwz	1:01:26	Youtube	MV	MP4	False	Very goog	AM_007				group A	Uploaded								
968	STT_AM_AB0966	10	https://docs.google.com/document/d/1CJVDmwsJ13BCIlz-nT_vSwLVERYNrgiDEBc2_Rv9slU/edit?usp=sharing	text	https://youtu.be/nt43XMdXfek?si=38-BzZwnSiJkZh-e	1:04:18	Youtube	MV	MP4	False	Very goog	AM_007				group A	Uploaded								
969	STT_AM_AB0967	11	https://docs.google.com/document/d/1dtgQdAWRD788z60F9CR2e9yhjRtsOJc5kdQALv8dUC8/edit?usp=sharing	text	https://youtu.be/MvVxU0uVg2E?si=8B7Sdni_RLD7kZ2Y	0:47:40	Youtube	MV	MP4	False	Very goog	AM_007				group A	Uploaded								
970	STT_AM_AB0968	12	https://docs.google.com/document/d/1t30Zmquk1p8HJFkrfRf7sm7V3m74jgO_v-mhRIiWByw/edit?usp=sharing	text	https://youtu.be/p0q9uhukzeE?si=2zBv4htuBQtVilpT	0:36:44	Youtube	MV	MP4	False	Very goog	AM_007				group A	Uploaded								
971	STT_AM_AB0969	13	https://docs.google.com/document/d/1apwNKT0vd3mDVo9zLeo9Nd-l8uLasmr7m2SzPm227vs/edit?usp=sharing	text	https://youtu.be/3Gq0KONkS78?si=eCcTk4b0IUezyALC	0:15:31	Youtube	MV	MP4	False	Very goog	AM_007				group A	Uploaded								
972	STT_AM_AB0970		https://docs.google.com/document/d/1UlgA8JvAp0TTq_KxTyrjPw2oaHKHGiIU4ScafRitUxw/edit?usp=sharing	text	https://youtu.be/tcGNRPTDjus?si=zUsaADArmGsE-4AW	0:33:33	Youtube	MV	MP4	False	Very goog	AM_007				group A	Uploaded								
973	STT_AM_AB0971		https://docs.google.com/document/d/1EiKIPnCRE5UZp2PmYZMnc6QXo6Asqa8yR0ujRomERPE/edit?usp=sharing	text	https://youtu.be/ydj3QrbPETQ?si=26HYxzWJBc1lVgbb	0:37:42	Youtube	MV	MP4	False	Very goog	AM_007				group A	Uploaded								
974	STT_AM_AB0972	2	https://docs.google.com/document/d/1yAZlJ9z4MnjgFmLEgvuqqG10AjHwhbTbIO4hz4dnIOQ/edit?usp=sharing	text	https://youtu.be/y1t6LF1p_SY?si=wN94ryS7BKNKvtuE	1:03:24	Youtube	MV	MP4	False	Very goog	AM_007				group A	Uploaded								
975	STT_AM_AB0973	3	https://docs.google.com/document/d/1mBobs9SeMjjS3_NFrE1OUnMJShqrRZOT-hCyumPgQ70/edit?usp=sharing	text	https://youtu.be/6Hoslu95M1c?si=6a1PhmNGQm7CWh9P	1:01:54	Youtube	MV	MP4	False	Very goog	AM_007				group A	Uploaded								
976	STT_AM_AB0974	4	https://docs.google.com/document/d/17Fg1FqwK5UMbzHfoDTVjDC6sejuf_MMt_SBC9M_nCFU/edit?usp=sharing	text	https://youtu.be/kdh9iRPPfDg?si=AVf-cGje-WPU-9Y6	1:08:00	Youtube	MV	MP4	False	Very goog	AM_007				group A	Uploaded								
977	STT_AM_AB0975	5	https://docs.google.com/document/d/1byNNnbUrWfvWEAfbPL5Fuh7ogJ1sWkUsk6tBi2ItLVM/edit?usp=sharing	text	https://youtu.be/4K-FVC-7tRU?si=rfPfYtNgLubvc8S6	0:40:00	Youtube	MV	MP4	False	Very goog	AM_007				group A	Uploaded								
978	STT_AM_AB0976	6	https://docs.google.com/document/d/1XX7F41YsU7e-b4a-fHTn0sk7VAymvUsFoyt9l8t_YKA/edit?usp=sharing	text	https://youtu.be/p1uQCSBk4Qw?si=wNT46evQSq5LcsnN	1:00:21	Youtube	MV	MP4	False	Very goog	AM_007				group A	Uploaded								
979	STT_AM_AB0977	7	https://docs.google.com/document/d/1yEHf2GwbXIybd93EZvDDTqQsPcqMR65-d8_yJvQzd4g/edit?usp=sharing	text	https://youtu.be/Kp-ayD9G5qo?si=45fkOFUSeS31fspa	1:00:13	Youtube	MV	MP4	False	Very goog	AM_007				group A	Uploaded								
980	STT_AM_AB0978		https://docs.google.com/document/d/1IcC5uMXPHZMd0IoP7T4YwBvGqkvhFEDvtRvVnfuoqO0/edit?usp=sharing	text	https://youtu.be/Gpw0eu7FJKE?si=7fDHCGcaM4gwUf9M	1:05:10	Youtube	MV	MP4	False	Very goog	AM_007				group A	Uploaded								
981	STT_AM_AB0979	2	https://docs.google.com/document/d/1ibdk0au71xuwiYsKjN8G8Ya4jdKjxpURQIbjFlzp2oI/edit?usp=sharing	text	https://youtu.be/A064n6WN36k?si=kLw3nBHoOeLxUiCn	0:51:17	Youtube	MV	MP4	False	Very goog	AM_007				group A	Uploaded								
982	STT_AM_AB0980	3	https://docs.google.com/document/d/1YkMohO7xFkVmxWmysXEZpM_WD7yI70TaD4VZyAWCxgo/edit?usp=sharing	text	https://youtu.be/W9ajGYurm_s?si=4KVsVWJ_arJeAxK7	0:50:43	Youtube	MV	MP4	False	Very goog	AM_007				group A	Uploaded								
983	STT_AM_AB0981	4	https://docs.google.com/document/d/1wCJE9s6EDLpqK9vxVr7iMW32yoXpSd3OdWHHpRdGtv8/edit?usp=sharing	text	https://youtu.be/9zr2AKX-LI4?si=-x38okCGoIwTX1Jh	0:45:29	Youtube	MV	MP4	False	Very goog	AM_007				group A	Uploaded								
984	STT_AM_AB0982		https://docs.google.com/document/d/1Kau3cBTTNtEXm1NSwjQgh46R6HfWdJHo1kfzTyhhqB4/edit?usp=sharing	text	https://youtu.be/g8jSa9txWks?si=Vaak8tIHZbyWVg83	0:30:58	Youtube	MV	MP4	False	Very goog	AM_007				group A	Uploaded								
985	STT_AM_AB0983	2	https://docs.google.com/document/d/1hDHI82rEGTclRZFB4fikchqJmnhZGAsb5jufjOwaFcM/edit?usp=sharing	text	https://youtu.be/giPOHcQq34w?si=tmqoHRbxERqoIIuA	1:00:49	Youtube	MV	MP4	False	Very goog	AM_007				group A	Uploaded								
986	STT_AM_AB0984	3	https://docs.google.com/document/d/1h3TMRXv-OIxL9xwRfHi787AtGaNdneSnMeM4jxseN5c/edit?usp=sharing	text	https://youtu.be/7F0XYuTR9mg?si=CSY6euRtzW_UER5G	0:31:27	Youtube	MV	MP4	False	Very goog	AM_007				group A	Uploaded	25/02/2026							
987	STT_AM_AB0985		https://docs.google.com/document/d/1jAUU8NfwpPn_8ivhLdv_XqrsJsn0d9x60IJcmTlXhwo/edit?usp=sharing	text	https://youtu.be/lXW1I4qB6dc?si=cUO_APbhyNuXJyqB	0:54:26	Youtube	MV	MP4	False	Very goog	AM_007				group A	Uploaded								
988	STT_AM_AB0986	2	https://docs.google.com/document/d/1nZxrSVireAPW0kpzN3h6OnQoaTd2bRNeqXM5RKPAhg8/edit?usp=sharing	text	https://youtu.be/Bur4q2vv7gE?si=lJ12Enp_gxzIIOmG	1:06:17	Youtube	MV	MP4	False	Very goog	AM_007				group A	Uploaded								
989	STT_AM_AB0987	3	https://docs.google.com/document/d/151IBbrbwW1e5TIl2w1yfYMnRslqtynuBh8KGeSUZIgc/edit?usp=sharing	text	https://youtu.be/EkFw8FV6nss?si=XIRSEmSe7QHqbOds	0:59:34	Youtube	MV	MP4	False	Very goog	AM_007				group A	Uploaded								
990	STT_AM_AB0988	4	https://docs.google.com/document/d/1lEZY5Ygn49DbwZ8wODfVhmQHE43tD4wadf9A6fdnBPA/edit?usp=sharing	text	https://youtu.be/OyR24ivyIc4?si=yr26ky_tRAd0sTxc	0:47:19	Youtube	MV	MP4	False	Very goog	AM_007				group A	Uploaded								
991	STT_AM_AB0989	5	https://docs.google.com/document/d/1pHpaJ-KF-H74XHzazKUPIzXlQxt_808UEisxpICe-iU/edit?usp=sharing	text	https://youtu.be/fj9_WQIms1k?si=2vxfXhyAYSfIhmlz	0:58:49	Youtube	MV	MP4	False	Very goog	AM_007				group A	Uploaded								
992	STT_AM_AB0990		https://docs.google.com/document/d/18c04sRakNpg3NFy0CSn5BhfNIc55_Eh6fnpnMero7nI/edit?usp=sharing	text	https://youtu.be/0x1q6IQhnPA?si=4MaN7tTvT7YaKi3S	0:57:01	Youtube	MV	MP4	False	Very goog	AM_007				group A	Uploaded								
993	STT_AM_AB0991	6	https://docs.google.com/document/d/1-ASCeNzshOJDnNT5Xcenc_oY2JPJtjtyX7RSbMxWTW8/edit?usp=sharing	text	https://youtu.be/sDCu_m4PGRM?si=JOMbOTnhfPpSu1V4	1:01:51	Youtube	MV	MP4	False	Very goog	AM_007				group A	Uploaded								
994	STT_AM_AB0992	7	https://docs.google.com/document/d/1AoZ_Q3A7P8ozX-ns1mXbzIoczJf_EOq6rkM_y_JGBOo/edit?usp=sharing	text	https://youtu.be/miZ6qACvhxI?si=zurub7942p-yl3cC	1:01:06	Youtube	MV	MP4	False	Very goog	AM_007				group A	Uploaded								
995	STT_AM_AB0993	8	https://docs.google.com/document/d/1E9B2Dz1T-wgF3kDoeAkdFccHsm5AMthkWVuSGfgOhSA/edit?usp=sharing	text	https://youtu.be/umqB5F1QF9Q?si=WdjpIhCJU-03SmPZ	0:49:32	Youtube	MV	MP4	False	Very goog	AM_007				group A	Uploaded								
996	STT_AM_AB0994	9	https://docs.google.com/document/d/1LiqVxKZi13qPIz8B2E99Z3Qk263zMlKaoxQ4GEMflbo/edit?usp=sharing	text	https://youtu.be/pfaT7IlWT7Y?si=vkSzfU5J4aKC6kCM	0:24:08	Youtube	MV	MP4	False	Very goog	AM_007				group A	Uploaded								
997	STT_AM_AB0995	10	https://docs.google.com/document/d/1jfwGXj-URXxHFzccuGWiERT1gnEytGFgsgTRAHowthg/edit?usp=sharing	text	https://youtu.be/PGyRA9ez-dA?si=wOBTcH6jJQqavUof	1:07:06	Youtube	MV	MP4	False	Very goog	AM_007				group A	Uploaded								
998	STT_AM_AB0996	11	https://docs.google.com/document/d/1iacA4S84VpKa2oml1ZG5O8xjH6DQlCj2AEhoy-U8NMs/edit?usp=sharing	text	https://youtu.be/2Ips30EZCAM?si=aPDkEEqwMl5L5lnu	0:17:27	Youtube	MV	MP4	False	Very goog	AM_007				group A	Uploaded								
999	STT_AM_AB0997		https://docs.google.com/document/d/18oDPJsG5_2dk_p5exhpU8UqbHk9ePWRZTG5CIkyF5VM/edit?usp=sharing	text	https://youtu.be/ZseMqCp5YG0?si=SUZfPY5SSIMoGwqy	1:10:50	Youtube	MV	MP4	False	Very goog	AM_007				group A	Uploaded								
1000	STT_AM_AB0998	2	https://docs.google.com/document/d/1bmR0TyVUrTT4munYWcHgp1edMn2fC_Yi3jFAQsPAMA8/edit?usp=sharing	text	https://youtu.be/5xYUDlrPsqg?si=l_PNxYHg_GAAW6G-	0:39:28	Youtube	MV	MP4	False	Very goog	AM_007				group A	Uploaded								
1001	STT_AM_AB0999	3	https://docs.google.com/document/d/1P2ledja6rMY8f0cBLoK91V3mNv1E63abyjW1O3S45Ww/edit?usp=sharing	text	https://youtu.be/irydDYrHKJA?si=6JltZDpLZSTIwsss	0:41:29	Youtube	MV	MP4	False	Very goog	AM_007				group A	Uploaded								
1002	STT_AM_AB1000	4	https://docs.google.com/document/d/1oJ-R5TE6XIs6QUB7JyMOeqNMpcq-FW8QKgeoWndkkec/edit?usp=sharing	text	https://youtu.be/bUS-DgK3JjA?si=NjEzT430d4ORotXh	0:45:37	Youtube	MV	MP4	False	Very goog	AM_007				group A	Uploaded								
1003	STT_AM_AB1001	5	https://docs.google.com/document/d/1qNBQt0H2xZOU0_1rru4sWnj8NcouflVEMcG9Oz6dA14/edit?usp=sharing	text	https://youtu.be/gtyFL_-ox_4?si=kehv27NCF1zGDwVy	0:48:47	Youtube	MV	MP4	False	Very goog	AM_007				group A	Uploaded								
1004	STT_AM_AB1002	6	https://docs.google.com/document/d/1sqDdWLXY5WJrUkGgwy3URmvnsYLMNjnc-2ERM-8L6qo/edit?usp=sharing	text	https://youtu.be/xvvQYMkXtHw?si=mZHsU-1gor40dBL-	1:07:22	Youtube	MV	MP4	False	Very goog	AM_007				group A	Uploaded								
1005	STT_AM_AB1003		https://docs.google.com/document/d/1ZPrUKf-H1Vko1EfMEY3-S8yIzLeWhPMuzfjcAB2VGCc/edit?usp=sharing	text	https://youtu.be/G8MoGDw3AWI?si=hBK0IWz5P5lgidQa	0:21:32	Youtube	MV	MP4	False	Very goog	AM_007				group A	Uploaded								
1006	STT_AM_AB1004	2	https://docs.google.com/document/d/1Eaepn6AwEBgaV3X04vN7JzBJvCqNXxpQ1BhHQQy3CFs/edit?usp=sharing	text	https://youtu.be/Wo8aUTKtzns?si=cWOlySxnNVKRO6AJ	0:35:59	Youtube	MV	MP4	False	Very goog	AM_007				group A	Uploaded								
1007	STT_AM_AB1005	3	https://docs.google.com/document/d/1GNlSO_5uQeI-9Ocm5K4WDYWc41My52KvS6fuQad9vVw/edit?usp=sharing	text	https://youtu.be/JzQLQysY6bY?si=hKqA4Dt3UIDFOY32	0:51:44	Youtube	MV	MP4	False	Very goog	AM_007				group A	Uploaded								
1008	STT_AM_AB1006	4	https://docs.google.com/document/d/1mLNYm-M3ipU9563WdjqBAbaCQfE6NY87JIEDB9pC0Rc/edit?usp=sharing	text	https://youtu.be/VmGI5NZTsEk?si=e3g-xeAS4MV21lx7	0:46:00	Youtube	MV	MP4	False	Very goog	AM_007				group A	Uploaded								
1009	STT_AM_AB1007	5	https://docs.google.com/document/d/16COo1KznIHGj6S6jl51Q8WA6qhmiDqkZbo4rVY5LXQc/edit?usp=sharing	text	https://youtu.be/liBu5p59hjg?si=QyQw0MKTvC9tgIGj	0:46:35	Youtube	MV	MP4	False	Very goog	AM_007				group A	Uploaded								
1010	STT_AM_AB1008	6	https://docs.google.com/document/d/1KYHLIFrTd_Y-PVOs2i4kJfS1o7pMGNdbkxA0i-8cdcs/edit?usp=sharing	text	https://youtu.be/OkviBidE6-Q?si=q0UiP-UzvHUznjDd	0:31:12	Youtube	MV	MP4	False	Very goog	AM_007				group A	Uploaded								
1011	STT_AM_AB1009		https://docs.google.com/document/d/1ZDX2rGbOFPTdor3kP14UDq9ry2Fzxjqls1fd5uT1Lzc/edit?usp=sharing	text	https://youtu.be/g0ZzKQ9hjvs?si=eTfV3tdFeglkRN9K	0:40:05	Youtube	MV	MP4	False	Very goog	AM_007				group A	Uploaded								
1012	STT_AM_AB1010	2	https://docs.google.com/document/d/1UyMTmbExJzUMbKh7yIq_PQ1K9szjHVP1N-VOIGZe-90/edit?usp=sharing	text	https://youtu.be/GeboHNqpiLg?si=quQ19fWhSMdfG02d	0:52:49	Youtube	MV	MP4	False	Very goog	AM_007				group A	Uploaded								
1013	STT_AM_AB1011	3	https://docs.google.com/document/d/1ZrSUgdiuaHmMsy2Jkkzludh5KadKaPyvsoQdiyLPlz0/edit?usp=sharing	text	https://youtu.be/2wLk2X4yUXs?si=lxHq_vpTypquuefn	0:57:59	Youtube	MV	MP4	False	Very goog	AM_007				group A	Uploaded								
1014	STT_AM_AB1012	4	https://docs.google.com/document/d/1S60ML238ZYhrRY8mWx3Y5kE4i7ujt42ny9jYxf_6Brc/edit?usp=sharing	text	https://youtu.be/MSmkzCQctoc?si=DaNr3NpVruLn1XHG	0:51:24	Youtube	MV	MP4	False	Very goog	AM_007				group A	Uploaded								
1015	STT_AM_AB1013	5	https://docs.google.com/document/d/14GbkE31jVISI3jnzu-agv985x52qjI__2UfjgDVyw_A/edit?usp=sharing	text	https://youtu.be/KXTS-TqHNyA?si=jhDIi7snbm0p1rAS	0:35:14	Youtube	MV	MP4	False	Very goog	AM_007				group A	Uploaded								
1016	STT_AM_AB1014		https://docs.google.com/document/d/1TauizdFzAEJVz3lgy5nkce96DwEFCU9ymO0tgQNTZJQ/edit?usp=sharing	text	https://youtu.be/CvbR56OKAvs?si=WIkZcwqj3fyyxwu4	1:04:56	Youtube	MV	MP4	False	Very goog	AM_007				group A	Uploaded								
1017	STT_AM_AB1015	2	https://docs.google.com/document/d/1oRQIoRJUD-j4tr_UNjKnbMn54P5rla6nZ6yQMPB16EU/edit?usp=sharing	text	https://youtu.be/oAwcti3qSjk?si=HPLe5ahbTui02E4k	0:56:39	Youtube	MV	MP4	False	Very goog	AM_007				group A	Uploaded								
1018	STT_AM_AB1016	3	https://docs.google.com/document/d/131rxvP7LtSnbVO2VyHc8Jr_6xJF0RJxImAOlBkNMZec/edit?usp=sharing	text	https://youtu.be/_YXnqa0Bafk?si=gc00PBQLyyGRtTlg	1:08:51	Youtube	MV	MP4	False	Very goog	AM_007				group A	Uploaded								
1019	STT_AM_AB1017	3	https://docs.google.com/document/d/1cLtaPv7jyGL4rQY25hyZXRHYbdFLaCHX-DRFjio0uOY/edit?usp=sharing	text	https://youtu.be/GRbIbHbzxHg?si=fFLP7TFpj3EoCahF	1:00:10	Youtube	MV	MP4	False	Very goog	AM_007				group A	Uploaded								
1020	STT_AM_AB1018	4	https://docs.google.com/document/d/1WO9wSAmxP5YTMcplhXNOZs7EfA77Ukicsm149x-_2S0/edit?usp=sharing	text	https://youtu.be/RtCoJY9WFu8?si=29VP3qau91GxDzDE	1:01:04	Youtube	MV	MP4	False	GOOD	AM_007				group A	Uploaded								
1021	STT_AM_AB1019	5	https://docs.google.com/document/d/1eCXhWkATji7h_kdbO_VXQ9veDZCK8ftRgNeNSYUYY1E/edit?usp=sharing	text	https://youtu.be/qeAQJi8rFJo?si=siwG0rGVMLtFuisn	1:00:45	Youtube	MV	MP4	False	GOOD	AM_007				group A	Uploaded								
1022	STT_AM_AB1020	6	https://docs.google.com/document/d/1fx7qzE7zzGyOvvx4CskWSpOwh_FqLVJHnXDbhtcx468/edit?usp=sharing	text	https://youtu.be/vVXodInd3aA?si=w_v5Bq8TGttdSMMM	0:44:08	Youtube	MV	MP4	False	GOOD	AM_007				group A	Uploaded								
1023	STT_AM_AB1021		https://docs.google.com/document/d/12F-71nFkrNZ9HlQ9mxoT-Y3OB8SJQCdSvLj5CLSxihs/edit?usp=sharing	text	https://youtu.be/MGDKxPKkvug?si=u1QgCcCaqfHFSQsA	0:50:17	Youtube	MV	MP4	False	GOOD	AM_007				group A	Uploaded								
1024	STT_AM_AB1022	2	https://docs.google.com/document/d/1RbDgsU8b0xND6eiWu6mTdlDgiAPkT7hL6ca4t_VBpcs/edit?usp=sharing	text	https://youtu.be/ZiZt_vjqWbM?si=-nb1171uVAGYngCw	0:48:13	Youtube	MV	MP4	False	GOOD	AM_007				group A	Uploaded								
1025	STT_AM_AB1023	3	https://docs.google.com/document/d/1TKbBlgAqBraTLAgIDL8asmb2Q1N41zsY9Y8__6hDpRM/edit?usp=sharing	text	https://youtu.be/mYOW8vOXrTI?si=JIdtZQRnFZ5WGg8i	0:49:32	Youtube	MV	MP4	False	GOOD	AM_007				group A	Uploaded								
1026	STT_AM_AB1024	4	https://docs.google.com/document/d/1ZhHRP01cjlI2mgB4wFWtC-2uFiYv70H66cB8qcBfXDk/edit?usp=sharing	text	https://youtu.be/6m-BXjbec-s?si=pdvherXLGMPd-r1b	0:23:00	Youtube	MV	MP4	False	GOOD	AM_007				group A	Uploaded								
1027	STT_AM_AB1025		https://docs.google.com/document/d/1zVt9pCd8dPbZCUJjegarCIndINPU1vaRQj9sz2HgjR8/edit?usp=sharing	text	https://youtu.be/Q3S_rt_SSJc?si=JM3c2SqAz8yjlYz4	0:48:27	Youtube	MV	MP4	False	GOOD	AM_007				group A	Uploaded								
1028	STT_AM_AB1026	2	https://docs.google.com/document/d/1ApQ4qRTcOu-NHxxPVDNvOM505KR9XESb4kI6sc8NpTI/edit?usp=sharing	text	https://youtu.be/MCgGjbtZJF0?si=kSNDwMwKBOqEPTIs	0:53:05	Youtube	MV	MP4	False	GOOD	AM_007				group A	Uploaded								
1029	STT_AM_AB1027	3	https://docs.google.com/document/d/1gQuBYo9COLUDgb8N8y4eTERlzFy4vATJkO_vbcIvB3c/edit?usp=sharing	text	https://youtu.be/eaXGSqTkzj0?si=1cDd6b3cImjt6Ber	0:50:34	Youtube	MV	MP4	False	GOOD	AM_007				group A	Uploaded								
1030	STT_AM_AB1028	4	https://docs.google.com/document/d/1ebZgQKxKASlwbZT-220mFCSe8NLJhgXb70ZrxVxfJQs/edit?usp=sharing	text	https://youtu.be/x1FNyJmHjeA?si=ogFwiye6sC-QVfBC	0:55:07	Youtube	MV	MP4	False	GOOD	AM_007				group A	Uploaded								
1031	STT_AM_AB1029	5	https://docs.google.com/document/d/1jWa67hvmtx2Z7pz6SsNR9GOUNMOWwPFugO7yZJZsIGg/edit?usp=sharing	text	https://youtu.be/SQARpscsDm4?si=zoiMTxStqR4H8Lf9	1:02:01	Youtube	MV	MP4	False	GOOD	AM_007				group A	Uploaded								
1032	STT_AM_AB1030	6	https://docs.google.com/document/d/1Sd9iHn9g3pYIYNniWacfuUIAXpDPOkcu0aWXPCRoz0M/edit?usp=sharing	text	https://youtu.be/G0kUfEt_Fak?si=EKuM06guB2HmJJA0	0:32:22	Youtube	MV	MP4	False	GOOD	AM_007				group A	Uploaded								
1033	STT_AM_AB1031	7	https://docs.google.com/document/d/1EaoRmSevaa0chnFTb0_Z3s9f9OeeXJyUfq3TuyFciTg/edit?usp=sharing	text	https://youtu.be/hjPwKMGkhA0?si=N2-QCTfJ4xoun6xR	0:58:32	Youtube	MV	MP4	False	GOOD	AM_007				group A	Uploaded								
1034	STT_AM_AB1032	8	https://docs.google.com/document/d/1SVcYKSqbfAvj1f0eNUK_66PVUFstLxqFsdpVjvwDOt4/edit?usp=sharing	text	https://youtu.be/SnLzN3_J0fI?si=TjPK4dI9oZ8c6-eZ	0:54:34	Youtube	MV	MP4	False	GOOD	AM_007				group A	Uploaded								
1035	STT_AM_AB1033	9	https://docs.google.com/document/d/15tounLSjVUtTQ2JBXFXwHlGi1RkVK-YIuPklrOtZoTA/edit?usp=sharing	text	https://youtu.be/4Q0l-wuFqaQ?si=lL3YG1oJw0dyv8U9	0:38:34	Youtube	MV	MP4	False	GOOD	AM_007				group A	Uploaded								
1036	STT_AM_AB1034	10	https://docs.google.com/document/d/1hPKZh6Rl0sFFQKQv3pBBJp6Ka6nWBWKwBk0T1GhVfV0/edit?usp=sharing	text	https://youtu.be/_WHrqjpIl7U?si=2AroUfBlKiRGgRo_	0:38:58	Youtube	MV	MP4	False	GOOD	AM_007				group A	Uploaded								
1037	STT_AM_AB1035	4.1	https://docs.google.com/document/d/1BbHAqV8yNakA6p1Q2Qzyy2EQ_igmFOYL_KPi8M3qDco/edit?usp=sharing	text	https://youtu.be/cjBL4ul43RQ?si=heqwzP0XxMkUtGSo	0:19:56	Youtube	MV	MP4	False	GOOD	AM_007				group A	Uploaded								
1038	STT_AM_AB1036	11	https://docs.google.com/document/d/1CunLDteZ1-WBtmDz8NhtM-h6iJ_a1lPBesNopCciafk/edit?usp=sharing	text	https://youtu.be/_Mq1-xpWcGs?si=hTpNEMpVJdzaPT2G	0:41:46	Youtube	MV	MP4	False	GOOD	AM_007				group A	Uploaded								
1039	STT_AM_AB1037	12	https://docs.google.com/document/d/1FYnmNpJIw-UvwPjTn3kd_4k6e9iLpYmm4ITgmg0ZBs0/edit?usp=sharing	text	https://youtu.be/HTDm-nAWkA0?si=IQADxh4y3cO4UuMG	0:28:14	Youtube	MV	MP4	False	GOOD	AM_007				group A	Uploaded								
1040	STT_AM_AB1038	13	https://docs.google.com/document/d/1bpkbgmhbPvGsHChS2dfxGissNs4VKNAYt6lYti53UHc/edit?usp=sharing	text	https://youtu.be/CBhJq-YKK_A?si=eUGZhFrzFetFugPL	0:55:55	Youtube	MV	MP4	False	GOOD	AM_007				group A	Uploaded								
1041	STT_AM_AB1039	14	https://docs.google.com/document/d/1MQPCXq7JiviFbZtci5G7JUIA0Zxkl404cN_M0GIpK5M/edit?usp=sharing	text	https://youtu.be/P9yLiboFE9w?si=xZM4RYKqFJUg40Gw	0:50:43	Youtube	MV	MP4	False	GOOD	AM_007				group A	Uploaded								
1042	STT_AM_AB1040	15	https://docs.google.com/document/d/1NCIwNvrySKJdZRFFuRe-0-iQHNkVXP2qu1YAnQMvWsk/edit?usp=sharing	text	https://youtu.be/Oq9rz1NgcCg?si=HTNqSdTTA0yjZmEg	0:38:21	Youtube	MV	MP4	False	GOOD	AM_007				group A	Uploaded								
1043	STT_AM_AB1041	11.1	https://docs.google.com/document/d/1KqiaP1_ZltIPUPqVnp18hCPsSYKtJq2hJ3c7gBku_MU/edit?usp=sharing	text	https://youtu.be/O3CZ70bOzGc?si=yjmPSuUdsFZc8lPG	0:21:36	Youtube	MV	MP4	False	GOOD	AM_007				group A	Uploaded								
1044	STT_AM_AB1042	16	https://docs.google.com/document/d/1IHYH13fv3OyTILh_OTsdsxEflmMkjYJ0ALZhuo2vWtA/edit?usp=sharing	text	https://youtu.be/QAjh4kI0cPE?si=byZPZKwasHtrltbr	0:54:11	Youtube	MV	MP4	False	GOOD	AM_007				group A	Uploaded								
1045	STT_AM_AB1043	17	https://docs.google.com/document/d/1sRAk7JURpHsdDjX2H9xm5m7fv6P7HatZ9NQqJtcCZzg/edit?usp=sharing	text	https://youtu.be/y6KLkqMu3Is?si=XFGSD4bq6lBVbmJ6	1:03:35	Youtube	MV	MP4	False	GOOD	AM_007				group A	Uploaded								
1046	STT_AM_AB1044	18	https://docs.google.com/document/d/1Lzr2cqeK2_1btudLOK-P4q4xFr93Uv8c3OByaqp95ZU/edit?usp=sharing	text	https://youtu.be/wYdYksj8Lac?si=hTOV8TxhcUm-wUST	0:50:52	Youtube	MV	MP4	False	GOOD	AM_007				group A	Uploaded								
1047	STT_AM_AB1045	19	https://docs.google.com/document/d/1t2y6MN0AApHTL1My0vf2WTvNHiYmTgfGmVG0fczeO0I/edit?usp=sharing	text	https://youtu.be/h6K-ED5SDkQ?si=S1zsNwQHieo0NaLq	1:01:50	Youtube	MV	MP4	False	GOOD	AM_007				group A	Uploaded								
1048	STT_AM_AB1046	20	https://docs.google.com/document/d/1ugYapLw_6BnoB834NOJKFufCUIK1OwW3_Lri-Q9hvXY/edit?usp=sharing	text	https://youtu.be/k_0fkoMdpBw?si=NJEU8On_5pD60j5x	0:35:40	Youtube	MV	MP4	False	GOOD	AM_007				group A	Uploaded								
1049	STT_AM_AB1047	21	https://docs.google.com/document/d/1kohY960i6v0sPDMd2JG63mXMAq3vX8ljmVoAwbUL9bA/edit?usp=sharing	text	https://youtu.be/qCFqIrMawIA?si=yIsRcKUe4pX1m8b7	0:43:17	Youtube	MV	MP4	False	GOOD	AM_007				group A	Uploaded								
1050	STT_AM_AB1048	22	https://docs.google.com/document/d/1jL-5xlaxpOHMAjBj-ak7-WU7Eid6qPp8cJGfQSwhIHw/edit?usp=sharing	text	https://youtu.be/XqM6XB5nHc4?si=UDT1RjmOoxRJqFBu	1:00:11	Youtube	MV	MP4	False	GOOD	AM_007				group A	Uploaded								
1051	STT_AM_AB1049	23	https://docs.google.com/document/d/1QlWsXWASXx9AmzG6JmRnBnBOoCwDJH8VsgH8Lpscv2k/edit?usp=sharing	text	https://youtu.be/qm62BC2gT8c?si=CnVwVeqcCWpndoss	0:57:03	Youtube	MV	MP4	False	GOOD	AM_007				group A	Uploaded								
1052	STT_AM_AB1050	24	https://docs.google.com/document/d/1FcMYhyb05key4TsIFm1RNO_opbap-Uj4aIzA3tvreCk/edit?usp=sharing	text	https://youtu.be/Y3594iz0VgA?si=5SB-Ma45BEYmmuHf	0:59:42	Youtube	MV	MP4	False	GOOD	AM_007				group A	Uploaded								
1053	STT_AM_AB1051	25	https://docs.google.com/document/d/1jlqV-N55M6MttH2I68iIeB_q8hOCO6dhrDNScoDHkq4/edit?usp=sharing	text	https://youtu.be/YjzFwVVXwrQ?si=m4hUBWkEzRY-mdOi	0:21:48	Youtube	MV	MP4	False	GOOD	AM_007				group A	Uploaded								
1054	STT_AM_AB1052		https://docs.google.com/document/d/1XoKi853CYajCUB8O88wixNwK9neJhx0uC1KmvQP-Teg/edit?usp=sharing	text	https://youtu.be/o74NYaTJDxc?si=S5dBgp9RCBt1VYIv	0:52:06	Youtube	MV	MP4	False	GOOD	AM_007				group A	Uploaded								
1055	STT_AM_AB1053	8	https://docs.google.com/document/d/1Kr6ZKLn_ZSG0IHvctyxdUuh16PveBE2HdiW9a-QSSLg/edit?usp=sharing	text	https://youtu.be/1AFK2NVejwo?si=LRcdS8QgEsy7RMUs	0:25:13	Youtube	MV	MP4	False	GOOD	AM_007				group A	Uploaded								
1056	STT_AM_AB1054	9	https://docs.google.com/document/d/15JyceUFs9x8SDsBDrggmmJbNfcNfV7uxSnZVHCNI-pA/edit?usp=sharing	text	https://youtu.be/zj7ZWflbjEU?si=xpqolL_wjHxTrH7s	1:03:20	Youtube	MV	MP4	False	GOOD	AM_007				group A	Uploaded								
1057	STT_AM_AB1055	10	https://docs.google.com/document/d/1lNio14QzZDCrPwMokWoGtWgetjfx4U0LrNk6l_wCyuo/edit?usp=sharing	text	https://youtu.be/Poou2s3r79o?si=M-BBKbudn3DW8Ktz	1:03:34	Youtube	MV	MP4	False	GOOD	AM_007				group A	Uploaded								
1058	STT_AM_AB1056	11	https://docs.google.com/document/d/1zP6LXOBi1KlSAKorAuVrSn_hPvuoSrIMrw1I67IU7Ks/edit?usp=sharing	text	https://youtu.be/MeRQs9sG9fQ?si=coVL4UezqfARZrQ-	1:03:02	Youtube	MV	MP4	False	GOOD	AM_007				group A	Uploaded								
1059	STT_AM_AB1057	12	https://docs.google.com/document/d/1uBJIVbH8l85FjKChihOFFLCka5EQUsIwwKYhmkpKVy0/edit?usp=sharing	text	https://youtu.be/_TYKAdF7NaI?si=7xy7F9HQHjRNNo_b	0:33:34	Youtube	MV	MP4	False	GOOD	AM_007				group A	Uploaded								
1060	STT_AM_AB1058		https://docs.google.com/document/d/1kMzbE367D-ivQdWVmVteLf230HJIMhp62ip_XxQeERo/edit?usp=sharing	text	https://youtu.be/U2WTK4vIY1g?si=rX47RB5AXjudt3k2	1:00:18	Youtube	MV	MP4	False	GOOD	AM_007				group A	Uploaded								
1061	STT_AM_AB1059	8	https://docs.google.com/document/d/1GxXy1qhJEifRobWb427JfS-82O8Ok0GJBEAfOFOUvck/edit?usp=sharing	text	https://youtu.be/CjO7gpIePA4?si=GQJb7v9A0R-Rs2Hw	0:28:42	Youtube	MV	MP4	False	GOOD	AM_007				group A	Uploaded								
1062	STT_AM_AB1060	9	https://docs.google.com/document/d/14MoeINTi3_9BV_VAIBtKmxn7u-BGWcqlNaY5xF8O8lA/edit?usp=sharing	text	https://youtu.be/CBbCeshuzTI?si=eU_avDJi4HBecD_O	0:47:20	Youtube	MV	MP4	False	GOOD	AM_007				group A	Uploaded								
1063	STT_AM_AB1061	10	https://docs.google.com/document/d/1brqo1H8MX4Uagonx1GZUujBc942u2VJCd9N3dXulqr8/edit?usp=sharing	text	https://youtu.be/eY_mTGcfMNQ?si=lvcqcCjJu-d0Q_pa	1:06:39	Youtube	MV	MP4	False	GOOD	AM_007				group A	Uploaded								
1064	STT_AM_AB1062	11	https://docs.google.com/document/d/127SRZIwuYRY3K2j5ct99ksHUlpKkOzFfTL5zmDieHkM/edit?usp=sharing	text	https://youtu.be/mlYaxob3F8E?si=BLkRUO3pwfUflfpe	1:02:16	Youtube	MV	MP4	False	GOOD	AM_007				group A	Uploaded								
1065	STT_AM_AB1063	12	https://docs.google.com/document/d/1hRQGE4zerP0KgkEMox_6Pku6paZ9sUu3ddnJ3t6EmN8/edit?usp=sharing	text	https://youtu.be/sPaSj9hvV-M?si=TLwn6pcgroPo108N	1:04:20	Youtube	MV	MP4	False	GOOD	AM_007				group A	Uploaded								
1066	STT_AM_AB1064	13	https://docs.google.com/document/d/1zKYW7ygr5dKtgArgfPV0gSpI3PMQjY4ARCX4a_vrAs4/edit?usp=sharing	text	https://youtu.be/-cPUceo6RrU?si=3e7s92wNBJhPl-xF	1:00:39	Youtube	MV	MP4	False	GOOD	AM_007				group A	Uploaded								
1067	STT_AM_AB1065	14	https://docs.google.com/document/d/17meCKFOH7wPIyG86IHmmg9ot1EcJjl7MUtph3iLOTN0/edit?usp=sharing	text	https://youtu.be/XYGpreXiCM8?si=rLlKi1GISswbPSyE	1:01:45	Youtube	MV	MP4	False	GOOD	AM_007				group A	Uploaded								
1068	STT_AM_AB1066	15	https://docs.google.com/document/d/1hEaSGe11flz1Y99EDcmDZn8vEqc1ZwMcOZnzntojc4I/edit?usp=sharing	text	https://youtu.be/ecollhZ59cg?si=YepPNDpozwSc7rSM	1:12:36	Youtube	MV	MP4	False	GOOD	AM_007				group A	Uploaded								
1069	STT_AM_AB1067	16	https://docs.google.com/document/d/1IFieOCi3543NzrKVSDUyKlldkKvz6CpVdCD0Xq8Ri0I/edit?usp=sharing	text	https://youtu.be/fLsbwqLVBDg?si=tt1UGO1k8oQDaq0A	0:12:48	Youtube	MV	MP4	False	GOOD	AM_007				group A	Uploaded	25/03/2026							
1070	STT_AM_AB1068		https://docs.google.com/document/d/1E4_FUaqg2I1hknuakwjD2J2sefoIXGDs-6XHF41wLY8/edit?usp=sharing	text	https://youtu.be/eE0N4Lo52Ek?si=qRL2x2tJ0HWZuKSB	1:01:22	Youtube	MV	MP4	False	GOOD	AM_007				group A	Uploaded								
1071	STT_AM_AB1069	2	https://docs.google.com/document/d/1z4Jhc3smiR5UtirUxiH48QGkUVJO6C2rhFDukzQ88wk/edit?usp=sharing	text	https://youtu.be/rYa0iZvrn6Q?si=ypyhwIOOB5nWKKVv	1:02:00	Youtube	MV	MP4	False	GOOD	AM_007				group A	Uploaded								
1072	STT_AM_AB1070	3	https://docs.google.com/document/d/19x11lNamdOWclFVKX5lg2u--MlQLbb5EcMHYdr2aKI4/edit?usp=sharing	text	https://youtu.be/UZe3QZcHEA4?si=OPNGK6H2zxW6qiKA	1:02:37	Youtube	MV	MP4	False	GOOD	AM_007				group A	Uploaded								
1073	STT_AM_AB1071	4	https://docs.google.com/document/d/1uGzoPEQM3ZDzgwwkoEqH5cl_5Ll-1VUpOE4RzIPN-dE/edit?usp=sharing	text	https://youtu.be/Twy_NEPUcMw?si=E1K3yjn_1ti7mOtZ	0:08:43	Youtube	MV	MP4	False	GOOD	AM_007				group A	Uploaded								
1074	STT_AM_AB1072		https://docs.google.com/document/d/16m6EKJHlEu_I6zUR_apKUwgFl1wvh-d0nn71IvTyUDg/edit?usp=sharing	text	https://youtu.be/ZUXKebXe2zQ?si=j8pQd6RCTApAUZ2k	0:58:33	Youtube	MV	MP4	False	GOOD	AM_007				group A	Uploaded								
1075	STT_AM_AB1073	2	https://docs.google.com/document/d/1ml1xIHZCYLGlEQZBXEOAYMJFLR9cORpbiY6JeTBeSfs/edit?usp=sharing	text	https://youtu.be/Dc45W895ulI?si=E1ERMg49H4PGw-n_	0:33:43	Youtube	MV	MP4	False	GOOD	AM_007				group A	Uploaded								
1076	STT_AM_AB1074	3	https://docs.google.com/document/d/1IywkjceoVdE42eCRt7lM5pNqnjYJgCkO2s94tqxrrdw/edit?usp=sharing	text	https://youtu.be/E7Cx1gXrmC0?si=JZBoa503_ooBGuCT	0:50:54	Youtube	MV	MP4	False	GOOD	AM_007				group A	Uploaded								
1077	STT_AM_AB1075	4	https://docs.google.com/document/d/1-xmsPfrJ_0-9FVbykZzHg0yirEkMSoaRXZJkS9W5e9s/edit?usp=sharing	text	https://youtu.be/C7ANqTUSgSc?si=HX9bzQi9hYZ8xvC2	1:02:11	Youtube	MV	MP4	False	GOOD	AM_007				group A	Uploaded								
1078	STT_AM_AB1076	5	https://docs.google.com/document/d/1l0VkezF0TaWwOPARADBaA_QlTi6PjJqoLBwa3hdnMFk/edit?usp=sharing	text	https://youtu.be/C4B1Dd4xlwQ?si=KiUcMV_pzyDmuff7	0:43:08	Youtube	MV	MP4	False	GOOD	AM_007				group A	Uploaded								
1079	STT_AM_AB1077	6	https://docs.google.com/document/d/1qck2UbnljAN9RA1xzeQ8gO9ywPJnpS9DS6syQ2byOKo/edit?usp=sharing	text	https://youtu.be/EdCEdmAOFrY?si=OpETdlKOro9YwZ_Z	0:41:11	Youtube	MV	MP4	False	GOOD	AM_007				group A	Uploaded								
1080	STT_AM_AB1078	7	https://docs.google.com/document/d/1ReaCXberslgzJ4wZW3H-gigqM7jK4eY4vQo-Wt7hbzo/edit?usp=sharing	text	https://youtu.be/XlUkoAJq-Dk?si=pm4OX16v4MiXKjff	0:24:37	Youtube	MV	MP4	False	GOOD	AM_007				group A	Uploaded								
1081	STT_AM_AB1079		https://docs.google.com/document/d/1KBhSAAN9whjfpuAa3gvseWBBCJF8RO4fVdsMT1Sumd0/edit?usp=sharing	text	https://youtu.be/-bhr0fVaDVY?si=2NRBXpR2GKudK0yK	1:10:43	Youtube	MV	MP4	False	GOOD	AM_007				group A	Uploaded								
1082	STT_AM_AB1080	2	https://docs.google.com/document/d/19XjX1yYgZ2amGMpvMyJas1eD9byWzD_oHJN9jOyarus/edit?usp=sharing	text	https://youtu.be/AH8RBwYRyvg?si=6XXrC2_xV77fWSGi	1:02:26	Youtube	MV	MP4	False	GOOD	AM_007				group A	Uploaded								
1083	STT_AM_AB1081	3	https://docs.google.com/document/d/19MT3iF6oHw8nppfU3z3XOe39FxqoKjPV6RfVSwwKwFw/edit?usp=sharing	text	https://youtu.be/RMb_81cuhnk?si=4V2dhDrjQyE1WsX9	0:57:02	Youtube	MV	MP4	False	GOOD	AM_007				group A	Uploaded								
1084	STT_AM_AB1082	4	https://docs.google.com/document/d/1rCGVhWZ3miYwqFUPiMIp0mqGL0OX8jrXuPfG4XRBJgQ/edit?usp=sharing	text	https://youtu.be/knuTdlYCIZc?si=22VFqWiMMIrw46Ha	0:46:07	Youtube	MV	MP4	False	GOOD	AM_007				group A	Uploaded								
1085	STT_AM_AB1083	5	https://docs.google.com/document/d/1XdZGztO9jB0ajIi2bOqcEnXfCzldFSRijABAIq2a4Vk/edit?usp=sharing	text	https://youtu.be/t9AQW3DVtHc?si=O9I_TbI5oDdlqBbF	0:42:47	Youtube	MV	MP4	False	GOOD	AM_007				group A	Uploaded								
1086	STT_AM_AB1084	6	https://docs.google.com/document/d/1-ofU8_YQW30cqewSGauqnmc11kto-CyeesIYFe7lVKw/edit?usp=sharing	text	https://youtu.be/R0UDfBB25JA?si=UHMIKzYLL9Mh5yGz	0:56:50	Youtube	MV	MP4	False	GOOD	AM_007				group A	Uploaded								
1087	STT_AM_AB1085	7	https://docs.google.com/document/d/1jsQ1g3jLZt9xCakw2M7Eyf_PrKGbPFBPkpp6yEwPTr8/edit?usp=sharing	text	https://youtu.be/xEIGhhp7XlY?si=WECOL6_e1heVeh7g	0:47:16	Youtube	MV	MP4	False	GOOD	AM_007				group A	Uploaded								
1088	STT_AM_AB1086	8	https://docs.google.com/document/d/1AUuy89NAqP2rLTfd9EXK7AvZ0DlEjFLWzKfzWAx928E/edit?usp=sharing	text	https://youtu.be/y5KyaKw7n5o?si=_TtbWtKzBVx--n6s	0:11:57	Youtube	MV	MP4	False	GOOD	AM_007				group A	Uploaded								
1089	STT_AM_AB1087		https://docs.google.com/document/d/1fpvKNeJr3UtRJ3lixMWUGfJf4gbBzHatJqj7VEnhjDA/edit?usp=sharing	text	https://youtu.be/NoIrFLZ3diM?si=LewRix8o9Sx1B29u	0:36:07	Youtube	MV	MP4	False	GOOD	AM_007				group A	Uploaded								
1090	STT_AM_AB1088	2	https://docs.google.com/document/d/1KA73-ktPBWw2d_1AEPwhTLogODtbHmThmdp69C6a6vI/edit?usp=sharing	text	https://youtu.be/n6hEg9tHf0o?si=GXfAr3l7ga55oaZs	0:50:12	Youtube	MV	MP4	False	GOOD	AM_007				group A	Uploaded								
1091	STT_AM_AB1089	3	https://docs.google.com/document/d/1qKV-R-Gn3hyfh6Q-PkIm1guBE5AVlyf-1wsgzJniF8c/edit?usp=sharing	text	https://youtu.be/8sndiT9jh7I?si=ze2GWm9rfBnoeRe_	0:34:40	Youtube	MV	MP4	False	GOOD	AM_007				group A	Uploaded								
1092	STT_AM_AB1090	4	https://docs.google.com/document/d/1AXfMuQCr0TR4EjmO9cF7N8-Aoc1IwhnAGfhR6bZOn10/edit?usp=sharing	text	https://youtu.be/QNnBn12ITKE?si=gvGCgMoU3yaF7JO8	0:15:47	Youtube	MV	MP4	False	GOOD	AM_007				group A	Uploaded								
1093	STT_AM_AB1091		https://docs.google.com/document/d/1sanGObwy7EkRkzmOVYKqm-vQVdq2vbqJxFtClBqqKas/edit?usp=sharing	text	https://youtu.be/cY3u9UbYp0M?si=T29hwKtLIeZ4bPD1	0:59:53	Youtube	MV	MP4	False	GOOD	AM_007				group A	Uploaded								
1094	STT_AM_AB1092	8	https://docs.google.com/document/d/1eJnaw2dBeCozyE8cswpj4_pdo81a6aMosrOELdAe5UI/edit?usp=sharing	text	https://youtu.be/_lvHMFwt2Wo?si=X3ldAcK-GHrTJK1N	0:22:25	Youtube	MV	MP4	False	GOOD	AM_007				group A	Uploaded								
1095	STT_AM_AB1093	9	https://docs.google.com/document/d/1ik_1tLFuA2QhKS5NbnWzwy4H5iZIXH03a_IVFvuTozA/edit?usp=sharing	text	https://youtu.be/5cGwmn2ak28?si=XgOXf5_iHRJBlvhZ	0:42:43	Youtube	MV	MP4	False	GOOD	AM_007				group A	Not upload								
1096	STT_AM_AB1094	10	https://docs.google.com/document/d/1UMQOWKxv4p2s8HqO0DRnjWejDCQyzEHmuSRfVdCyfpE/edit?usp=sharing	text	https://youtu.be/UUrrOpYqWUk?si=wFAY69FGhyY8HiW0	0:21:44	Youtube	MV	MP4	False	GOOD	AM_007				group A	Uploaded								
1097	STT_AM_AB1095	11	https://docs.google.com/document/d/1L5YRKbtqLDBlwWhzr7CAhNbm6-arI0ac9vX0tFPeX7A/edit?usp=sharing	text	https://youtu.be/LGh4lzL0Wcg?si=s_Fy8POxXklf7IfV	0:37:58	Youtube	MV	MP4	False	GOOD	AM_007				group A	Uploaded								
1098	STT_AM_AB1096	12	https://docs.google.com/document/d/1vxMZXrkvtUkYsp-YNlA2MdTocK2Z3EBAJQTPS559GZM/edit?usp=sharing	text	https://youtu.be/LLACnNYsJwE?si=f8Bm6CEm84uNr5Ya	0:43:59	Youtube	MV	MP4	False	GOOD	AM_007				group A	Uploaded								
1099	STT_AM_AB1097	13	https://docs.google.com/document/d/194lqpFZDtf2W5g1Dz-WrFY2PnyoaaYE8Ll7-sEVyEaU/edit?usp=sharing	text	https://youtu.be/Fnj_5j0oH1U?si=VVjePH0HKR35Jk0n	0:31:26	Youtube	MV	MP4	False	GOOD	AM_007				group A	Uploaded								
1100	STT_AM_AB1098	14	https://docs.google.com/document/d/19XMWWGyMfwbyDZ270Zzq9HhuVlWjsaIeBfzZnf8PX0E/edit?usp=sharing	text	https://youtu.be/F4nAhCGZ5mw?si=Tw4uIA1Nc5FJwVZf	0:34:12	Youtube	MV	MP4	False	GOOD	AM_007				group A	Uploaded								
1101	STT_AM_AB1099	15	https://docs.google.com/document/d/1b2bh9h6r3m18WxNRsgTbd7w6f78HZoFGZx4Cd-9tZ-Q/edit?usp=sharing	text	https://youtu.be/FxRDYNSB4Eg?si=gYEYFQYelMzL7EAI	0:42:05	Youtube	MV	MP4	False	GOOD	AM_007				group A	Uploaded								
1102	STT_AM_AB1100	16	https://docs.google.com/document/d/1LyxeF1tae24t05qdrUnaPypmeuaKALeDYPSmfRULQWc/edit?usp=sharing	text	https://youtu.be/viUG-r7fLCI?si=fK-LAgdPkXygSRB-	1:03:57	Youtube	MV	MP4	False	GOOD	AM_007				group A	Uploaded								
1103	STT_AM_AB1101	17	https://docs.google.com/document/d/1hZK0C_pvgy2J2cjibTKKRzMkqQGeBHDZGT3iwRLyEmU/edit?usp=sharing	text	https://youtu.be/FoFY1V0u_ms?si=ATEl9HjDZ_2x6Uel	0:32:22	Youtube	MV	MP4	False	GOOD	AM_007				group A	Uploaded								
1104	STT_AM_AB1102	18	https://docs.google.com/document/d/1LBb8v7s9cCxbU0sXtFg6vrzF7H0Bvue2R9SyOiqOLNg/edit?usp=sharing	text	https://youtu.be/eO2PtSM6Qqc?si=dFZt6cSh6w8CO7zL	0:37:49	Youtube	MV	MP4	False	GOOD	AM_007				group A	Uploaded								
1105	STT_AM_AB1103	19	https://docs.google.com/document/d/1cuGw4KcwBQMnAk8g3JZgludxgN3HImCIP98fvLaVJrQ/edit?usp=sharing	text	https://youtu.be/LklKWIVVkfE?si=mdYVnrxTSwPWAP2-	1:01:03	Youtube	MV	MP4	False	GOOD	AM_007				group A	Uploaded								
1106	STT_AM_AB1104	20	https://docs.google.com/document/d/16e6--H9mQxaOrkQUm1Tri1F30ub6Zmr2A8tZalIQJQE/edit?usp=sharing	text	https://youtu.be/rYDak6BRPfs?si=nd5mR_Is1FrgFklk	1:02:09	Youtube	MV	MP4	False	GOOD	AM_007				group A	Uploaded								
1107	STT_AM_AB1105	21	https://docs.google.com/document/d/1lUBLR9QqHL4ltyuWiPWbQ9ZY0-LFaBYTdoTICFhPRmA/edit?usp=sharing	text	https://youtu.be/S2ntMfSDVx4?si=WId-E4NkbDGIzPIO	1:02:21	Youtube	MV	MP4	False	GOOD	AM_007				group A	Uploaded								
1108	STT_AM_AB1106	22	https://docs.google.com/document/d/13uJLyDFQJKmRyUchF2hZPVLJbALLeEfdeFW-BuhmuME/edit?usp=sharing	text	https://youtu.be/X2oNXUKXuA0?si=8_MifgY-cBg4dcbK	1:02:24	Youtube	MV	MP4	False	GOOD	AM_007				group A	Uploaded								
1109	STT_AM_AB1107	23	https://docs.google.com/document/d/1rKgIAM3ltQz3_DTukhEFuGRXO2Qn_i5W79rC4BDXs1o/edit?usp=sharing	text	https://youtu.be/rTz6p_DZ750?si=Eza0-SdAHkDZ9qMQ	1:01:39	Youtube	MV	MP4	False	GOOD	AM_007				group A	Uploaded								
1110	STT_AM_AB1108	24	https://docs.google.com/document/d/1VrVrSX3zEt00f_fbOvW4ajuYVmMRuV9oR3kQNb8YU_s/edit?usp=sharing	text	https://youtu.be/dmSwXcALjq8?si=kIAhh0BYWF5TRIB6	1:01:28	Youtube	MV	MP4	False	GOOD	AM_007				group A	Uploaded								
1111	STT_AM_AB1109	25	https://docs.google.com/document/d/1amaU_AMhhfYIHFytVfQSmISewoN0ZMgxKc0DqHKE9II/edit?usp=sharing	text	https://youtu.be/zSH34k8xwBM?si=N6Jwt2miGc--aUbP	0:29:58	Youtube	MV	MP4	False	GOOD	AM_007				group A	Uploaded								
1112	STT_AM_AB1110		https://docs.google.com/document/d/1WhUAnVsj_vjzJDHDOehKCjKTTD2HsyoScexoXbAnLbU/edit?usp=sharing	text	https://youtu.be/IYTyErj5Ys8?si=oHAJm8C6tFu90uy_	1:01:31	Youtube	MV	MP4	False	GOOD	AM_007				group A	Uploaded								
1113	STT_AM_AB1111	2	https://docs.google.com/document/d/1G-nZtmT9bHvU9l8H5LVmLp3njw_-LjwWsdYue1v_LMU/edit?usp=sharing	text	https://youtu.be/O88ZnG6ETPc?si=1m0Atlr_Bj2QdT3T	1:02:58	Youtube	MV	MP4	False	GOOD	AM_007				group A	Uploaded								
1114	STT_AM_AB1112		https://docs.google.com/document/d/1J3U4n14_tl1LLNrOz7pclQdrWHpjXCRmHQrs1_bm2Y4/edit?usp=sharing	text	https://youtu.be/7ZtPc1dO3Ew?si=VSpHcdbZsIQa03UD	1:00:24	Youtube	MV	MP4	False	GOOD	AM_007				group A	Uploaded								
1115	STT_AM_AB1113	2	https://docs.google.com/document/d/1d2tr5ds2Sen--r35LJ9jKwBJ_4o_h8P7z--TuvWCFJY/edit?usp=sharing	text	https://youtu.be/-yKO_SGtRE4?si=r3kXC6Bi9jSA22uT	1:10:08	Youtube	MV	MP4	False	GOOD	AM_007				group A	Uploaded								
1116	STT_AM_AB1114	3	https://docs.google.com/document/d/1MnZHEiLKPg1X0FFDk5lQxyy6d2id8sprcM3f5KDwNOI/edit?usp=sharing	text	https://youtu.be/mVCNHQ2gjFA?si=YR6g09EpApmZ-gsJ	0:43:20	Youtube	MV	MP4	False	GOOD	AM_007				group A	Uploaded								
1117	STT_AM_AB1115	4	https://docs.google.com/document/d/1xol26H7uvHGunXem6uAPW4tA6CXTeJ0WUj91YRxNblk/edit?usp=sharing	text	https://youtu.be/D9y8EVDlo-4?si=Pg1o0kfZ2IQwMJSP	0:48:12	Youtube	MV	MP4	False	GOOD	AM_007				group A	Uploaded								
1118	STT_AM_AB1116	5	https://docs.google.com/document/d/1r4ymxFWXBxsV3y--jVdB9P0ojQ0o_t1OUAzyK5XCit0/edit?usp=sharing	text	https://youtu.be/lyIqfxriLrE?si=WKTZentHFpr_MZ5t	0:56:09	Youtube	MV	MP4	False	GOOD	AM_007				group A	Uploaded								
1119	STT_AM_AB1117	6	https://docs.google.com/document/d/1G9Hp2NCdIux3XVUhFM55ynbXINv0lQKg5lH8jy9NJWI/edit?usp=sharing	text	https://youtu.be/oQGykqvPUnY?si=s2q1AdRwjxldsdyO	0:50:32	Youtube	MV	MP4	False	GOOD	AM_007				group A	Uploaded								
1120	STT_AM_AB1118	7	https://docs.google.com/document/d/1L2ARhjbQTBLGrCt6bdShHabpFW4wqQnd8rBuRKGK5vM/edit?usp=sharing	text	https://youtu.be/5nt9ZwsPT9I?si=EjnBwuAl5VAZhnGS	0:46:16	Youtube	MV	MP4	False	GOOD	AM_007				group A	Uploaded								
1121	STT_AM_AB1119		https://docs.google.com/document/d/1VkaGFDfrIY0OpJXLinXx3q2GR7APN8O7nsvI7Z_SI1w/edit?usp=sharing	text	https://youtu.be/Uo7am4DOGR4?si=r6_j93Cm0phROSXd	0:14:12	Youtube	MV	MP4	False	GOOD	AM_007				group A	Uploaded								
1122	STT_AM_AB1120		https://docs.google.com/document/d/16tQ-aqGDlbbw3oxfhTXhedGNrCW0RQHaWiyfNRHwv4c/edit?usp=sharing	text	https://drive.google.com/file/d/1UlDbW7YWT7ZZQTgBafoI8jxP4Nnxc9Y7/view?usp=sharing	0:36:17	Google drive		MP3	False	Very goog	AM_005				group A	Uploaded								
1123	STT_AM_AB1121	2	https://docs.google.com/document/d/1T2LIM_tWo5etkFl08OS5KNc-5tMPf9Gs6MvkzsUtnjs/edit?usp=sharing	text	https://drive.google.com/file/d/1-yGLti0PtNLVkHg4rIoZNp9Oc8k8X2vI/view?usp=sharing	0:19:32	Google drive		MP3	False	Very goog	AM_005				group A	Uploaded								
1124	STT_AM_AB1122	3	https://docs.google.com/document/d/1IWrw0v_gaT4hUqe-KLlgCZfugGZGcbUMkiRyLJXJIko/edit?usp=sharing	text	https://drive.google.com/file/d/1fw1PxGp56m1IGwqOmu9p5UR0ePnFIfU3/view?usp=sharing	0:12:26	Google drive		MP3	False	Very goog	AM_005				group A	Uploaded								
1125	STT_AM_AB1123	4	https://docs.google.com/document/d/131JLB2g0V0jZTvjgIaxy64VGu0ojQWm0jhrzi_cE6po/edit?usp=sharing	text	https://drive.google.com/file/d/1NwLYKNA1RQ0UrZeFxNylN4bh_E7aoZ-0/view?usp=sharing	0:07:28	Google drive		MP3	False	Very goog	AM_005				group A	Uploaded								
1126	STT_AM_AB1124	5	https://docs.google.com/document/d/1DPhAIbwgdJGUVQi8sUR46i7jNqqG_w2oAgfxyp5ZWtg/edit?usp=sharing	text	https://drive.google.com/file/d/1XJia7Xe6tbI1ySWX8UsgCbsLkDdk_xbp/view?usp=sharing	0:20:22	Google drive		MP3	False	Very goog	AM_005				group A	Uploaded								
1127	STT_AM_AB1125	6	https://docs.google.com/document/d/1sbOETPeAbmenbB__QTaimP_AbBH9l_GWtTsgCmevk90/edit?usp=sharing	text	https://drive.google.com/file/d/1DNgQGcFdeBfdvQgM-wh369996aNxSawy/view?usp=sharing	0:04:05	Google drive		MP3	False	Very goog	AM_005				group A	Uploaded								
1128	STT_AM_AB1126	7	https://docs.google.com/document/d/1Gbr8PrOfX0PxN3UTclvLtKPj6aqXzlBSKNoEY1_IgGQ/edit?usp=sharing	text	https://drive.google.com/file/d/1ThN4HfjrhgLqOKtHrQJ_qGT1y6cN0xkU/view?usp=sharing	0:19:59	Google drive		MP3	False	Very goog	AM_005				group A	Uploaded								
1129	STT_AM_AB1127	8	https://docs.google.com/document/d/1LVFEor_jGNlR9Ub3_00ERy0eQtcNT4V2cY44QEpHWTY/edit?usp=sharing	text	https://drive.google.com/file/d/1mSFbZvUVe5WKyo1IjkfVRtC1buGBBIg4/view?usp=sharing	0:11:56	Google drive		MP3	False	Very goog	AM_005				group A	Uploaded								
1130	STT_AM_AB1128	9	https://docs.google.com/document/d/1j950ZIxMvvSI8t2bWW_d_SeFf_STMhHXBMAt6qQGD6s/edit?usp=sharing	text	https://drive.google.com/file/d/1MkhPvWZNmjqLnRPMYgIC9rO7SS8viS-_/view?usp=sharing	0:06:05	Google drive		MP3	False	Very goog	AM_005				group A	Uploaded								
1131	STT_AM_AB1129	10	https://docs.google.com/document/d/1AKvIRcf_yGkorB1zMu11B1yZi6L0A6AC0cC1o6dYIOY/edit?usp=sharing	text	https://drive.google.com/file/d/1s-XXtcRGWFYtxMXk-dIwm1yrTOVidB66/view?usp=sharing	0:09:06	Google drive		MP3	False	Very goog	AM_005				group A	Uploaded								
1132	STT_AM_AB1130	11	https://docs.google.com/document/d/1q85WtWV5uJPljcasyICNEVi4jRTUEX7yGlwrcyV5_bM/edit?usp=sharing	text	https://drive.google.com/file/d/1omaebHXFpt2qJ1Fq0Q_mNvISgTLbCaSd/view?usp=sharing	0:05:51	Google drive		MP3	False	Very goog	AM_005				group A	Uploaded								
1133	STT_AM_AB1131	12	https://docs.google.com/document/d/1MZJsPL-pK6JE3z4m-gb3VDOWFZp5yXUhzetfYNC-ZRM/edit?usp=sharing	text	https://drive.google.com/file/d/15Uj5FtUjlkXatCBwHGpl8H7VtoxdeptC/view?usp=sharing	0:04:34	Google drive		MP3	False	Very goog	AM_005				group A	Uploaded								
1134	STT_AM_AB1132	13	https://docs.google.com/document/d/1MqC2yw1oRjipfqoQhOyUJZx1sWcdzZYiHkDjd5HTXR0/edit?usp=sharing	text	https://drive.google.com/file/d/1rKZikwV2tGI30R-FTXjxNSRZaoJrMj8-/view?usp=sharing	0:04:29	Google drive		MP3	False	Very goog	AM_005				group A	Uploaded								
1135	STT_AM_AB1133	14	https://docs.google.com/document/d/1n2k89wSFJNcBHZ7HvU57pA0V8SossouaNFfACun3-ho/edit?usp=sharing	text	https://drive.google.com/file/d/1unURx8JfWKJYk_KP_TjTsB0k1XhGZlEL/view?usp=sharing	0:05:01	Google drive		MP3	False	Very goog	AM_005				group A	Uploaded								
1136	STT_AM_AB1134	15	https://docs.google.com/document/d/11PAI8L8rv46dHp1uui2XNejYjoCUdyabr2-51xxeKhA/edit?usp=sharing	text	https://drive.google.com/file/d/1RcTfEusvj8VuXzIVybycv68JcZnLwFTu/view?usp=sharing	0:07:14	Google drive		MP3	False	Very goog	AM_005				group A	Uploaded								
1137	STT_AM_AB1135	16	https://docs.google.com/document/d/1qkn_p9xxojmQBqxClzYzVaulfE90Fvx7yP7-ECz0VN0/edit?usp=sharing	text	https://drive.google.com/file/d/1_yTqWuYEDoNtEUf5kb11FRed1qPY7M5O/view?usp=sharing	0:13:40	Google drive		MP3	False	Very goog	AM_005				group A	Uploaded								
1138	STT_AM_AB1136	17	https://docs.google.com/document/d/1oWgoI-GKokQsgFNYbmARRctkRLM4uBq6cJhVK_z31TA/edit?usp=sharing	text	https://drive.google.com/file/d/1qKLUo9IqN_NGyZWvgCkBHACUFn4ARv_P/view?usp=sharing	0:04:10	Google drive		MP3	False	Very goog	AM_005				group A	Uploaded								
1139	STT_AM_AB1137	18	https://docs.google.com/document/d/1mTiYNGTgMxB4sMb13LzCQyCyENUigrw6zidNZQha_0o/edit?usp=sharing	text	https://drive.google.com/file/d/1nXGOUqbH-6-RMJFgkHzAKtTD1NKGP2sr/view?usp=sharing	0:10:45	Google drive		MP3	False	Very goog	AM_005				group A	Uploaded								
1140	STT_AM_AB1138		https://docs.google.com/document/d/1A3jsNakyP9HNafe7woQrfg3kd_BKMPm5rvXwYAKK87o/edit?usp=sharing	text	https://youtu.be/-LYJcn73-pg?si=a5q4NXSo_I2MK-Y4	0:35:47	Youtube	MV	MP4	False	Very goog	AM_010				group A	Uploaded								
1141	STT_AM_AB1139	2	https://docs.google.com/document/d/1A-Uv897UJ4Utbco6ZsSZvPEdxHxRKrkT5O2_PYFkIRI/edit?usp=sharing	text	https://youtu.be/TGDBEJCobWA?si=lzwuGqpaRlHutwNI	0:33:33	Youtube	MV	MP4	False	Very goog	AM_010				group A	Uploaded								
1142	STT_AM_AB1140		https://docs.google.com/document/d/1uAgwcBSV1-Hmcwcj0s-huryzvLy3HCKCSNdG0oDM2Uw/edit?usp=sharing	text	https://youtu.be/USdY832Wmh0?si=0L-nU8bLJft91Lbv	0:32:34	Youtube	MV	MP4	False	Very goog	AM_010				group A	Uploaded								
1143	STT_AM_AB1141	2	https://docs.google.com/document/d/11spjd0yuJ3pDoMq1vsJWmmXYrLmBAPXIru2m_Zl4Kl4/edit?usp=sharing	text	https://youtu.be/QRvBbmS-BLI?si=MaTtAywc_4naqNyn	0:33:38	Youtube	MV	MP4	False	Very goog	AM_010				group A	Uploaded								
1144	STT_AM_AB1142	3	https://docs.google.com/document/d/1zTz_wjje9oeoq93eGgfnm6VoP_ctr_Z-n_BfjenX16k/edit?usp=sharing	text	https://youtu.be/m9sXBhULza8?si=rmOjOK9VmImdeA99	0:31:43	Youtube	MV	MP4	False	Very goog	AM_010				group A	Uploaded								
1145	STT_AM_AB1143	4	https://docs.google.com/document/d/1A8c4gO-nc3qMlvtlFtM1u_kW6f8SriM7Fdd-m6XdWCs/edit?usp=sharing	text	https://youtu.be/PEpUKY7tO-E?si=EZGx3YQSldZ6v7NO	0:28:01	Youtube	MV	MP4	False	Very goog	AM_010				group A	Uploaded								
1146	STT_AM_AB1144	5	https://docs.google.com/document/d/1Z0r29s_FuEhpeIOYCPaAxXIYZvveQyF5FPmK1hSW0R0/edit?usp=sharing	text	https://youtu.be/h9G2cV2f-rE?si=MyzVoQYSBubvdFVg	0:31:15	Youtube	MV	MP4	False	Very goog	AM_010				group A	Uploaded								
1147	STT_AM_AB1145	6	https://docs.google.com/document/d/18A2N7K343ivyJmvkXp7s91RKazr7iy1frIGA7FKoOrc/edit?usp=sharing	text	https://youtu.be/70PssdNIrSs?si=4QHe0N8IEgKnPwE3	0:32:42	Youtube	MV	MP4	False	Very goog	AM_010				group A	Uploaded								
1148	STT_AM_AB1146	7	https://docs.google.com/document/d/1kCxumHJYDRlxDZ_M1avnGtiEQiBOSFQQ1CQfZ14E6vc/edit?usp=sharing	text	https://youtu.be/bW65naVNRaA?si=mSeRKwJXsDm0mltw	0:30:08	Youtube	MV	MP4	False	Very goog	AM_010				group A	Uploaded								
1149	STT_AM_AB1147	8	https://docs.google.com/document/d/14DjJAZcAAjE51wGP950g-y3FYb_WwES1otZzT3s6BdA/edit?usp=sharing	text	https://youtu.be/yaOZeSgKfq8?si=RsToLs5CTIETCPeB	0:30:11	Youtube	MV	MP4	False	Very goog	AM_010				group A	Uploaded								
1150	STT_AM_AB1148	9	https://docs.google.com/document/d/1jV1WqVun0FUK8XSP4MVSHtP3pH68fpduF7tftdyPd1k/edit?usp=sharing	text	https://youtu.be/zGbGvtwVvGM?si=2ToXJjTdGUSJlLUQ	0:32:31	Youtube	MV	MP4	False	Very goog	AM_010				group A	Uploaded								
1151	STT_AM_AB1149	10	https://docs.google.com/document/d/1ZKjWF1A9TbBtaDDiD6X6ZYH0hsAjIdmLuhDG5Cxu2Lg/edit?usp=sharing	text	https://youtu.be/I0XYzqwLYyc?si=itbOvVcNhaA1lyGG	0:32:45	Youtube	MV	MP4	False	Very goog	AM_010				group A	Uploaded								
1152	STT_AM_AB1150	11	https://docs.google.com/document/d/115XQBLX_D0D-27Tl8ywE1qNOBMcmjzXGZo_HZ5HPAy8/edit?usp=sharing	text	https://youtu.be/KbIpijE0UNI?si=b_G8xN5cFiPETp31	0:31:30	Youtube	MV	MP4	False	Very goog	AM_010				group A	Uploaded								
1153	STT_AM_AB1151	12	https://docs.google.com/document/d/1ekC3P3H4DGdDhaBdn1tTAOY8kGC8Ndkl4jQtnBEWNZg/edit?usp=sharing	text	https://youtu.be/FAxpGIEgH-c?si=5-w0O7gNdVA67ozn	0:30:35	Youtube	MV	MP4	False	Very goog	AM_010				group A	Uploaded								
1154	STT_AM_AB1152	13	https://docs.google.com/document/d/1BmhMNTAxQ6dRZQRzSPZHyQKgCBf_8h4H1L28kU3u25w/edit?usp=sharing	text	https://youtu.be/X15aTaWf2Ds?si=vZ5vfJ8dvPy-U00w	0:31:56	Youtube	MV	MP4	False	Very goog	AM_010				group A	Uploaded								
1155	STT_AM_AB1153	14	https://docs.google.com/document/d/1p3COTp-eEHB_YvfEiFVhIGSFsFQkBXFKJ8qqS_H9UEs/edit?usp=sharing	text	https://youtu.be/rSDB_AQO_KA?si=Jmkor7PmaFGojQ1A	0:28:29	Youtube	MV	MP4	False	Very goog	AM_010				group A	Uploaded								
1156	STT_AM_AB1154	15	https://docs.google.com/document/d/1Ky9oKER1IInCrCwjl-1P1hOespKoeEefwFIxC-wnx7E/edit?usp=sharing	text	https://youtu.be/c29yZ4nMay8?si=AL5qIKq7Es9Y68cK	0:30:44	Youtube	MV	MP4	False	Very goog	AM_010				group A	Uploaded								
1157	STT_AM_AB1155	16	https://docs.google.com/document/d/1g1dkaV5uJft4QEji8o8aUSzB317IKZnqxrsL6s-CSfM/edit?usp=sharing	text	https://youtu.be/qFs0V-A0st0?si=mAu3JDAD4N0L5NA3	0:32:30	Youtube	MV	MP4	False	Very goog	AM_010				group A	Uploaded								
1158	STT_AM_AB1156		https://docs.google.com/document/d/1YbZ_gpkzM7gka_MXhjZsiR9w8SxOxO3VcdIfno65Fh8/edit?usp=sharing	text	https://youtu.be/6oVeWFTgh_I?si=mCA0V-m1GyNNw6Le	0:34:55	Youtube	MV	MP4	False	Very goog	AM_010				group A	Uploaded								
1159	STT_AM_AB1157	2	https://docs.google.com/document/d/1c5eH8tKfc2xgRRtO3R1Vh4tS59MEHm63R4GRmh34Z70/edit?usp=sharing	text	https://youtu.be/GsvN2DPdc0I?si=uHI6_7Pr-24HZUMP	0:19:30	Youtube	MV	MP4	False	Very goog	AM_010				group A	Uploaded								
1160	STT_AM_AB1158	3	https://docs.google.com/document/d/1j0x3jpC0GLU7stH9veaIHRzctzA7SV_pQ6x8HZGlm1o/edit?usp=sharing	text	https://youtu.be/o_wkuNIVgzs?si=_qf6ZUMXasF8vLa7	0:18:05	Youtube	MV	MP4	False	Very goog	AM_010				group A	Uploaded								
1161	STT_AM_AB1159	4	https://docs.google.com/document/d/1EOrsbTX4WFIb7DCC9RfSm2AIrvFfgGnels2C9wcW64Y/edit?usp=sharing	text	https://youtu.be/qDFAPfvxwwk?si=npys_AIw5IyEy2DM	0:26:38	Youtube	MV	MP4	False	Very goog	AM_010				group A	Uploaded								
1162	STT_AM_AB1160		https://docs.google.com/document/d/1XFnBY-Q8EAn2i8NLlfsp1ZLAlmmMeBamZyVl5nVW7iE/edit?usp=sharing	text	https://youtu.be/MjaB_xze0IA?si=cwhsjSFMkWqyqWZL	0:20:20	Youtube	MV	MP4	False	Very goog	AM_010				group A	Uploaded								
1163	STT_AM_AB1161	2	https://docs.google.com/document/d/1uQc1HZX_bzLDPf4pFlqWtzzjqBSbUGI6VWKG9dRf_ho/edit?usp=sharing	text	https://youtu.be/30xFXKotTAY?si=jWpC8ze8jRtDJn9F	0:22:57	Youtube	MV	MP4	False	Very goog	AM_010				group A	Uploaded								
1164	STT_AM_AB1162		https://docs.google.com/document/d/1cNacJwSiYQQqKUXiiVFzC1g-Ybq2X4OVrA0LPnzeUGI/edit?usp=sharing	text	https://youtu.be/Uo1iGMIJxSY?si=gbGtK-acDbOUi1z0	0:15:31	Youtube	MV	MP4	False	Very goog	AM_010				group A	Uploaded								
1165	STT_AM_AB1163	2	https://docs.google.com/document/d/1f-d49CaLGDGmlU3BWiyr-fcH75nDJ4jWvQ624RgIfxA/edit?usp=sharing	text	https://youtu.be/S6j-q0EKhpI?si=VRmKEgLJmG6u3M6t	0:18:04	Youtube	MV	MP4	False	Very goog	AM_010				group A	Uploaded								
1166	STT_AM_AB1164		https://docs.google.com/document/d/1CsYeA-qRqpC-1owdHpUTUTJaHk8GEkROuPpZSSd9esM/edit?usp=sharing	text	https://youtu.be/wTDMXXHmNQg?si=mMU1I9zQaKB8QxSm	0:17:39	Youtube	MV	MP4	False	Very goog	AM_010				group A	Uploaded								
1167	STT_AM_AB1165		https://docs.google.com/document/d/1ADNDmgUYH7E6gbJjG3FYiVuGG70aQEyuDxOHa98X8R4/edit?usp=sharing	text	https://youtu.be/0MlEJ5IhHB0?si=-erC-Yamdp2F4fK3	0:12:19	Youtube	MV	MP4	False	Very goog	AM_010				group A	Uploaded								
1168	STT_AM_AB1166		https://docs.google.com/document/d/1KhdozD7SXvTfRyq8_WZ30ro2gzhlPFNnpg5i2BOWZCo/edit?usp=sharing	text	https://youtu.be/0re64WlMfR4?si=-7Ttkms2_7Jt0DTp	0:49:18	Youtube	MV	MP4	False	Very goog	AM_010				group A	Uploaded								
1169	STT_AM_AB1167		https://docs.google.com/document/d/1rh75yQ7pqMBwHMx8vQPHUAsn-MBq99adBqMptDaia5g/edit?usp=sharing	text	https://youtu.be/GD4MUpTkWlA?si=DDnunPjxES8kHqST	0:38:02	Youtube	MV	MP4	False	Very goog	AM_010				group A	Uploaded								
1170	STT_AM_AB1168		https://docs.google.com/document/d/1LkwTz-56JLmmqtMWG0K8fjQ6yS_u9NSYobpPO18dV0U/edit?usp=sharing	text	https://youtu.be/YqoPdJHucOY?si=7_27YEBGUWghTHpw	0:26:53	Youtube	MV	MP4	False	Very goog	AM_010				group A	Uploaded								
1171	STT_AM_AB1169	2	https://docs.google.com/document/d/18Z9h-RX0YwIH6kWON7DSfIhKkH60PBNfEHlsF9ULNhc/edit?usp=sharing	text	https://youtu.be/spTMRiWlAsQ?si=_TijKE88MdZ0aQcL	0:19:31	Youtube	MV	MP4	False	Very goog	AM_010				group A	Uploaded								
1172	STT_AM_AB1170		https://docs.google.com/document/d/1F_e6KnlVyXG1pcUWm2WfVALT34D4JgrEp_FRiRuvJTg/edit?usp=sharing	text	https://youtu.be/1kyJ9hYju7g?si=ToOHc-ZzxQqZ-4Me	0:36:30	Youtube	MV	MP4	False	Very goog	AM_010				group A	Uploaded								
1173	STT_AM_AB1171		https://docs.google.com/document/d/1U4v0pyXpeSiPkTdJ6MMBEp-4TNDVZMT55sUf6iCXCpI/edit?usp=sharing	text	https://youtu.be/437gHlmGFvc?si=Z-lgA_ASnck0o3ru	0:40:47	Youtube	MV	MP4	False	Very goog	AM_010				group A	Uploaded								
1174	STT_AM_AB1172		https://docs.google.com/document/d/19jgtdyOOErnqueR61KtLzVniZPt8VY2qv3of85qY61U/edit?usp=sharing	text	https://youtu.be/Zq7yCr-yTnE?si=0RAexa0_RntjFlWM	0:16:48	Youtube	MV	MP4	False	Very goog	AM_010				group A	Uploaded								
1175	STT_AM_AB1173		https://docs.google.com/document/d/1OGK1i-p-oxWa319-zDnszjr3_qtz44LjxfB2-9OtIi8/edit?usp=sharing	text	https://youtu.be/HLNY1sb8dfk?si=D4ihHlBtR8bAJWYw	0:26:12	Youtube	MV	MP4	False	Very goog	AM_010				group A	Uploaded								
1176	STT_AM_AB1174	2	https://docs.google.com/document/d/1o1Ov2gGHbP27eCErgJX6Ks3cHA-BDFP45MGlpilGiOA/edit?usp=sharing	text	https://youtu.be/2SsG-ZNUN9U?si=i5hAKu3BwtKeuyPQ	0:10:08	Youtube	MV	MP4	False	Very goog	AM_010				group A	Uploaded								
1177	STT_AM_AB1175	3	https://docs.google.com/document/d/1gHiYywon1za9eJ3zV2uIruLHyaUMqZdp09vVw8vG1gc/edit?usp=sharing	text	https://youtu.be/fr0xAQmPHkQ?si=dH1Bvp_dmKjLPn7Y	0:22:35	Youtube	MV	MP4	False	Very goog	AM_010				group A	Uploaded								
1178	STT_AM_AB1176		https://docs.google.com/document/d/1Cbr18gOz61Cu8thgxVvb9qaU8rkRmEsOJrCK5_vUtjU/edit?usp=sharing	text	https://youtu.be/1Zb83qVaFt0?si=MjmnIj_7QpKm8Jw1	0:26:34	Youtube	MV	MP4	False	Very goog	AM_010				group A	Uploaded								
1179	STT_AM_AB1177	2	https://docs.google.com/document/d/1H7tN6T5bdT49Vb1H6c3bIv0BGvt-9jQmunRosiX1YwU/edit?usp=sharing	text	https://youtu.be/8mPob34t-qY?si=JB7i3sFax-R9aCvh	0:50:11	Youtube	MV	MP4	False	Very goog	AM_010				group A	Uploaded								
1180	STT_AM_AB1178		https://docs.google.com/document/d/1DiPfkXKfkUfFjlfYLEzUG1Aa6YmdarSHIHekI1hmKKc/edit?usp=sharing	text	https://youtu.be/xC3oEXvAtug?si=-J_a2G2nAg3uJb3w	0:42:49	Youtube	MV	MP4	False	Very goog	AM_010				group A	Uploaded								
1181	STT_AM_AB1179		https://docs.google.com/document/d/1V8Je7XMa6VJAcZUd3WEbu5sE1UeWM34myvqCLvnI2gQ/edit?usp=sharing	text	https://youtu.be/AptDPz2q2Iw?si=IJf9wlwZiDm0zfhw	0:29:52	Youtube	MV	MP4	False	Very goog	AM_010				group A	Uploaded								
1182	STT_AM_AB1180	2	https://docs.google.com/document/d/1F4Pvsm-NUckaqWeW4FjN36INQRuQ4tHIo7mDS60Rqi0/edit?usp=sharing	text	https://youtu.be/KzTEzU1ZGrM?si=Yaa0naTxKKdg_WQ6	0:25:55	Youtube	MV	MP4	False	Very goog	AM_010				group A	Uploaded								
1183	STT_AM_AB1181	3	https://docs.google.com/document/d/1ocfuYRugD-sIILK19peoCEVsGjwTX6N5ydMkkXZD338/edit?usp=sharing	text	https://youtu.be/yd-YRMlMKbk?si=h_uzLj07uPHqW6Ok	0:32:18	Youtube	MV	MP4	False	Very goog	AM_010				group A	Uploaded								
1184	STT_AM_AB1182	4	https://docs.google.com/document/d/1KUtcEn22j7fbZ_bsjue04c4Vi-rizCfNVS_NRpkLRYI/edit?usp=sharing	text	https://youtu.be/dZmowcXIYSM?si=0Vde6PrQU5RzgTTz	0:28:10	Youtube	MV	MP4	False	Very goog	AM_010				group A	Uploaded								
1185	STT_AM_AB1183		https://docs.google.com/document/d/1KDz-JvqwUFc84-ODMpEOgc2MDvW0KrHbA2_Gow0gUwM/edit?usp=sharing	text	https://youtu.be/cf2UVn-n_VQ?si=1lcCg_EkRP71Hf9d	0:34:21	Youtube	MV	MP4	False	Very goog	AM_010				group A	Uploaded								
1186	STT_AM_AB1184	2	https://docs.google.com/document/d/12_QznSvyYIqDSMC0pCG3hzarzalyB-0u1-53mEkQrIQ/edit?usp=sharing	text	https://youtu.be/Fc6mvGWeOT8?si=NEwFGgVPLXCdbMAy	0:26:25	Youtube	MV	MP4	False	Very goog	AM_010				group A	Uploaded								
1187	STT_AM_AB1185	3	https://docs.google.com/document/d/1AR0iP2l76BUOeOXFb5DKBi_0lB0HlBXo3jU-ZfOtPBc/edit?usp=sharing	text	https://youtu.be/3IAMDzv88EI?si=2gOXPq2hkTWlvNVh	0:42:31	Youtube	MV	MP4	False	Very goog	AM_010				group A	Uploaded								
1188	STT_AM_AB1186	4	https://docs.google.com/document/d/1lVgMgXuUxh8DRVn7uR-s8kedmNznyuXtx8ZP0gZZCow/edit?usp=sharing	text	https://youtu.be/TIrPpiAZKSQ?si=gV7NxYWM5favMx2s	0:39:53	Youtube	MV	MP4	False	Very goog	AM_010				group A	Uploaded								
1189	STT_AM_AB1187	5	https://docs.google.com/document/d/1bRz94lWUiZ45fpw3wDOb7pSc9DmMIfoYO28NACATkmM/edit?usp=sharing	text	https://youtu.be/90WWIYH1dQg?si=kyZqhdoSNHRTWvXI	0:44:19	Youtube	MV	MP4	False	Very goog	AM_010				group A	Uploaded								
1190	STT_AM_AB1188	6	https://docs.google.com/document/d/1h0F9PYaIQIcCX-DxaUiJPOByxGUYFcM8-yd7PwWnSek/edit?usp=sharing	text	https://youtu.be/e2hKFEXlIGc?si=ZoFmeaGF5TR2sHlN	0:47:48	Youtube	MV	MP4	False	Very goog	AM_010				group A	Uploaded								
1191	STT_AM_AB1189	7	https://docs.google.com/document/d/1JinM5KHYcWY5sP1vW8f9UD16hDl9a8AthQAPbUGKlRI/edit?usp=sharing	text	https://youtu.be/xJpykcJqoqA?si=rZbP5lSonR_bzAj7	0:27:40	Youtube	MV	MP4	False	Very goog	AM_010				group A	Uploaded								
1192	STT_AM_AB1190	8	https://docs.google.com/document/d/1X4lLKBIJS5JbhfpJY_wcvyBtlFRCDjYvOL46HZCoPho/edit?usp=sharing	text	https://youtu.be/D3uF8ozoIAY?si=TS9kRv-gwiSPR_Ky	0:27:30	Youtube	MV	MP4	False	Very goog	AM_010				group A	Uploaded								
1193	STT_AM_AB1191	9	https://docs.google.com/document/d/1tT6OBD3ws2B3SS-bDv7nCjQdmPinRMWWrDTAqx-haq8/edit?usp=sharing	text	https://youtu.be/nkQc272ESTI?si=RKqImUD3WtB3kY9u	0:27:35	Youtube	MV	MP4	False	Very goog	AM_010				group A	Uploaded								
1194	STT_AM_AB1192	10	https://docs.google.com/document/d/1AIV2vkyTZgA3eSfjbgKPkBPAMhOevhG8NTHjRuL6eZM/edit?usp=sharing	text	https://youtu.be/yH-jjLm1eSI?si=VEuHdX8EaoFVhMJS	0:52:32	Youtube	MV	MP4	False	Very goog	AM_010				group A	Uploaded								
1195	STT_AM_AB1193	11	https://docs.google.com/document/d/1gxfbLnS3VZI762X-vbId7AMybUWxZ6qY52olS_ZwjQ8/edit?usp=sharing	text	https://youtu.be/AtB92aPtPmw?si=5XIlffrqhCTV0toD	0:33:19	Youtube	MV	MP4	False	Very goog	AM_010				group A	Uploaded								
1196	STT_AM_AB1194	12	https://docs.google.com/document/d/1i8UjaiQpoM2Hz4qM_CrqYuy3bLbpvxWZAELf71jb0ec/edit?usp=sharing	text	https://youtu.be/A9CcoxiAosw?si=9h344kPfXae-4syD	0:32:02	Youtube	MV	MP4	False	Very goog	AM_010				group A	Uploaded								
1197	STT_AM_AB1195	13	https://docs.google.com/document/d/1vpflQTNgVea7xBBs-WRBtfYDOmBG_v_HKPorv82f5SI/edit?usp=sharing	text	https://youtu.be/f8kw9AYL9eo?si=XVojlSQiQ-ak8fTF	0:36:50	Youtube	MV	MP4	False	Very goog	AM_010				group A	Uploaded								
1198	STT_AM_AB1196		https://docs.google.com/document/d/1pNRNYE0uOo1RJ4XjLSbFXhIAIHLaavmWcSsApWGhfDs/edit?usp=sharing	text	https://youtu.be/TCImzdUO3vo?si=cN4hC4aoARmPHvZy	0:38:40	Youtube	MV	MP4	False	Very goog	AM_010				group A	Uploaded								
1199	STT_AM_AB1197	2	https://docs.google.com/document/d/1IA_rXm0wlnAs9dL-do7oQknVXwhO2WtjGa_nvy5JUjc/edit?usp=sharing	text	https://youtu.be/lRFVYrgNwvw?si=RTjnEKwSGllQ40uD	0:22:03	Youtube	MV	MP4	False	Very goog	AM_010				group A	Uploaded								
1200	STT_AM_AB1198		https://docs.google.com/document/d/1XSTlt0CDA4ZWl2MKqctt9QPnxp5UbyFRrH95jvUx1Fs/edit?usp=sharing	text	https://youtu.be/MxVt3aYWavE?si=Kz5t0WpS1bmlkNix	0:13:39	Youtube	MV	MP4	False	Very goog	AM_010				group A	Uploaded								
1201	STT_AM_AB1199		https://docs.google.com/document/d/14s-h7Wduv0lGkKp8jAY-gC35zSiE7EZhO3z_zfmMiWc/edit?usp=sharing	text	https://youtu.be/Pm-Ln16d6g4?si=Olv8MRk4GESvYxX_	0:27:52	Youtube	MV	MP4	False	Very goog	AM_010				group A	Uploaded								
1202	STT_AM_AB1200		https://docs.google.com/document/d/1hKM_Dvro0EefagiDXtKmbRpD2wJP8ANUysFLaONNwC0/edit?usp=sharing	text	https://youtu.be/QN2ngcIuEmk?si=Xom5-OCXGmEv6LQO	0:09:21	Youtube	MV	MP4	False	Very goog	AM_010				group A	Uploaded								
1203	STT_AM_AB1201		https://docs.google.com/document/d/1qm-g_XOx-Oz_06Ex2-TKLGSyL37BMMqvyBa2EN7xtKw/edit?usp=sharing	text	https://youtu.be/dS8CyfHpd_8?si=7IF3IOjLePWL196t	0:18:02	Youtube	MV	MP4	False	Very goog	AM_010				group A	Uploaded								
1204	STT_AM_AB1202		https://docs.google.com/document/d/1nDM89UH-arJguCI1qPpnC5Rl0tyUZP654PyJQkl5gvE/edit?usp=sharing	text	https://youtu.be/7z3ebGN25S0?si=Mo2MlDIpw3mCJAmM	0:24:14	Youtube	MV	MP4	False	Very goog	AM_010				group A	Uploaded								
1205	STT_AM_AB1203		https://docs.google.com/document/d/1d9EBqY03-mYeKJJHbqDPdyJz0N3UYg1K2a1CAnvF7uo/edit?usp=sharing	text	https://youtu.be/HbhI8QGC65k?si=h6IUy128VAnD5jei	0:36:05	Youtube	MV	MP4	False	Very goog	AM_010				group A	Uploaded								
1206	STT_AM_AB1204		https://docs.google.com/document/d/1yhy3vt5-coQ3RtuXeRamI5GIW9c0tAwEnG0JJVZZ7XA/edit?usp=sharing	text	https://drive.google.com/file/d/1H008b7zk5clq2utBbMrHB3fHWrhrlZQ-/view?usp=sharing	0:18:12	Google drive	MV	MP3	False	Very goog	AM_011				group A	Uploaded								
1207	STT_AM_AB1205		https://docs.google.com/document/d/10MT2j164u-vnGF2LESm9GeZ_f32YSevkIUn62gfT_XE/edit?usp=sharing	text	https://drive.google.com/file/d/1pplroR9-64_2G82Q6y-GGC0rMEPXkZYz/view?usp=sharing	0:04:20	Google drive	MV	MP3	False	Very goog	AM_011				group A	Uploaded								
1208	STT_AM_AB1206		https://docs.google.com/document/d/1ethC8a_OyvhL_hTAifVPRsqmS37AAQCZeMnJ6hNUvFI/edit?usp=sharing	text	https://youtu.be/s3hKxE73-48?si=hWTB7_5-h6CzoOOl	0:18:54	Youtube	MV	MP4	False	Very goog	AM_010				group A	Uploaded								
1209	STT_AM_AB1207		https://docs.google.com/document/d/11FWABxlJl_MHcUrJoNR7iuye_ITqt7Etf8hkcAgvgHU/edit?usp=sharing	text	https://youtu.be/zUhk1UKbO6w?si=dM8vh969wPLA6zpR	0:18:54	Youtube	MV	MP4	False	Very goog	AM_010				group A	Uploaded	སྒྲ་ཐག་འདིའི་འགོ་ནས་་11:15པར་ལས་མེད་་པས་ཡིད་གཟབ་གནང་རོགས།							
1210	STT_AM_AB1208		https://docs.google.com/document/d/1ftlM4-ruz7XGTOEtXaFEkQZL5q0amBKUy6WpBDnSRSI/edit?usp=sharing	text	https://youtu.be/1-S0afLeeHs?si=sOoCK9ALe50x5tHC	0:29:10	Youtube	MV	MP4	False	Very goog	AM_010				group A	Uploaded								
1211	STT_AM_AB1209		https://docs.google.com/document/d/14k1Thh77GDrxdtdrRVKSUkR37jeMibpEZw-RLBHGqFs/edit?usp=sharing	text	https://youtu.be/NBbXMUbaQw8?si=JsfwuXJuqIec0-Dl	0:27:07	Youtube	MV	MP4	False	Very goog	AM_010				group A	Uploaded								
1212	STT_AM_AB1210	2	https://docs.google.com/document/d/1czG5TcCwerDFCjBLvJfw-rNrsL_keC5hY14Hr8et128/edit?usp=sharing	text	https://youtu.be/3_wM7Rc0ZB4?si=QpZ4M2sj_6yWNmnI	0:27:17	Youtube	MV	MP4	False	Very goog	AM_010				group A	Uploaded								
1213	STT_AM_AB1211	3	https://docs.google.com/document/d/1K8WbKgZ8LNQ907PWtATxkAViyIeSAJMKMa0S1NnOvzA/edit?usp=sharing	text	https://youtu.be/IwmVnzwxX5g?si=VZeHLm42AEZS8_pU	0:13:31	Youtube	MV	MP4	False	Very goog	AM_010				group A	Uploaded								
1214	STT_AM_AB1212	4	https://docs.google.com/document/d/1tw-ljG1_lkTSB2e1oCzrX7_US1JkUQHnWwpVm8d4ax4/edit?usp=sharing	text	https://youtu.be/2KBYQt-xAuk?si=79rICN-iUObq-6g0	0:43:58	Youtube	MV	MP4	False	Very goog	AM_010				group A	Uploaded	25/04/2026							
1215	STT_AM_AB1213	5	https://docs.google.com/document/d/1D6tMmbb6malVBNgtfVBi_bI-XYsClmeJquffmuGBXAk/edit?usp=sharing	text	https://youtu.be/Ct3QZSAUIgE?si=CjRjrVwNEari5ugW	0:34:50	Youtube	MV	MP4	False	Very goog	AM_010				group A	Uploaded								
1216	STT_AM_AB1214	6	https://docs.google.com/document/d/1r5nTdyFyXb8mtQ-zt7-_4t17cevD1nSeo_xFB4pOpOg/edit?usp=sharing	text	https://youtu.be/44bGDU6RXlA?si=GMNY9GG3WwIzVLxy	0:27:28	Youtube	MV	MP4	False	Very goog	AM_010				group A	Uploaded								
1217	STT_AM_AB1215	7	https://docs.google.com/document/d/17vzGYJ0pzCQ_O-ilLl3JebYsirvhvJY8OF25nU8feTU/edit?usp=sharing	text	https://youtu.be/Smq-oUe9Fcw?si=ZIwnyYsmKmq7ofdf	0:22:09	Youtube	MV	MP4	False	Very goog	AM_010				group A	Uploaded								
1218	STT_AM_AB1216	8	https://docs.google.com/document/d/1A_j6AluG751_N2uKYGfQdVzwS_i5ZkK_SvwN2Kye0Jc/edit?usp=sharing	text	https://youtu.be/4GpXXNC2sIo?si=v03f5kEyETRqdGk4	0:20:12	Youtube	MV	MP4	False	Very goog	AM_010				group A	Uploaded								
1219	STT_AM_AB1217	9	https://docs.google.com/document/d/1cCZMbDG12jqRtlDJnMn1r-3mPYAFGtkLxJzORvwnKhY/edit?usp=sharing	text	https://youtu.be/fGnnI8qGeWU?si=-X67xkXo5CKERuBC	0:19:42	Youtube	MV	MP4	False	Very goog	AM_010				group A	Uploaded								
1220	STT_AM_AB1218	10	https://docs.google.com/document/d/1_G5IvTHSxvEbB3QBcFx6YeUTe2WkF_eyuG87uybC_lE/edit?usp=sharing	text	https://youtu.be/yNNEV_9esGI?si=pbkVfbxBAd_sJ0Ri	0:17:19	Youtube	MV	MP4	False	Very goog	AM_010				group A	Uploaded								
1221	STT_AM_AB1219		https://docs.google.com/document/d/1N7jI6qEqEYn-IFd6FVdSPPni0UrKVlfnQ_Bcon2ickY/edit?usp=sharing	text	https://youtu.be/yWzwnohkMpU?si=EUgseH8HMaR4Htdf	0:28:30	Youtube	MV	MP4	False	Very goog	AM_010				group A	Uploaded								
1222	STT_AM_AB1220		https://docs.google.com/document/d/1XcfSaF0fiM_DkUwORwlZrZ6z5wqv_9hUdRZw13lwuSA/edit?usp=sharing	text	https://youtu.be/ZCKbauNzACI?si=GcxfYgBZaORQ7F68	0:18:32	Youtube	MV	MP4	False	Very goog	AM_010				group A	Uploaded								
1223	STT_AM_AB1221	2	https://docs.google.com/document/d/15gljx7JJfyHpLhvOpomSqepMk3pR2BVnHw46g5lLvCk/edit?usp=sharing	text	https://youtu.be/5OuEbUGiEkY?si=neacbDkKUEfLDIo3	0:14:02	Youtube	MV	MP4	False	Very goog	AM_010				group A	Uploaded								
1224	STT_AM_AB1222	3	https://docs.google.com/document/d/1VcicyGcwIC-VZiOU3bqitHOiwNOgusQ6coAMKO1F8eM/edit?usp=sharing	text	https://youtu.be/zMOmnoBcROk?si=U6lMglQp2kUrlq85	0:19:34	Youtube	MV	MP4	False	Very goog	AM_010				group A	Uploaded								
1225	STT_AM_AB1223	4	https://docs.google.com/document/d/1fDBOrGK5UM5UlX_0QVZxd5kUPYEvwkNA-8J8K7wtoIc/edit?usp=sharing	text	https://youtu.be/3AppTz3U6Rk?si=orSZRHwadqJp_hp8	0:15:28	Youtube	MV	MP4	False	Very goog	AM_010				group A	Uploaded								
1226	STT_AM_AB1224	5	https://docs.google.com/document/d/1monl-IElIjHgzO1a3rySt5LxJiIPGlrurhJNDlWoU98/edit?usp=sharing	text	https://youtu.be/7x_gs5YhVpA?si=OzmXhTK1r7lbGj9J	0:28:13	Youtube	MV	MP4	False	Very goog	AM_010				group A	Uploaded								
1227	STT_AM_AB1225	6	https://docs.google.com/document/d/1cc8H4BUsKtao-wySrdW_eWagzQVRWWj9l4XaxDU8jyI/edit?usp=sharing	text	https://youtu.be/dLSItwhXD4U?si=dh3RNjW1B4EaWUU0	0:19:52	Youtube	MV	MP4	False	Very goog	AM_010				group A	Uploaded								
1228	STT_AM_AB1226	7	https://docs.google.com/document/d/120i6_VJ5D4BOnI6Uks6xoNJxxr5zzv6f3Lap7nRJtoY/edit?usp=sharing	text	https://youtu.be/0byeuotpkIk?si=M4Xm4iIymljFSi7t	0:20:44	Youtube	MV	MP4	False	Very goog	AM_010				group A	Uploaded								
1229	STT_AM_AB1227	8	https://docs.google.com/document/d/15zLfGG_zK0iFFL-ofIXvOxxy5v8qa40M8nde9z17QCo/edit?usp=sharing	text	https://youtu.be/mpB2_2_aVAs?si=ztHzXysIH_Pcp9k6	0:18:07	Youtube	MV	MP4	False	Very goog	AM_010				group A	Uploaded								
1230	STT_AM_AB1228	9	https://docs.google.com/document/d/1j7YHo95xBzE8G6k3haKx-K9h_StIXMpEMftpVPuIjos/edit?usp=sharing	text	https://youtu.be/GOau2XIaNMw?si=K9a3bwHMyNfMxszP	0:31:18	Youtube	MV	MP4	False	Very goog	AM_010				group A	Uploaded								
1231	STT_AM_AB1229	10	https://docs.google.com/document/d/1IfqhuukdQXodGubt11hrUvcVuhDoo3YotjwItFcNaiA/edit?usp=sharing	text	https://youtu.be/-Rg9Kiq3DEA?si=tNUbvFUvgwMc0yF2	0:21:37	Youtube	MV	MP4	False	Very goog	AM_010				group A	Uploaded								
1232	STT_AM_AB1230	11	https://docs.google.com/document/d/1XojcUhzB3cr9xx9XUmk8s035tD65nKBHSkrXP5P294o/edit?usp=sharing	text	https://youtu.be/SQgXlPoK0Co?si=2os7eVVm9ZaVkesi	0:35:54	Youtube	MV	MP4	False	Very goog	AM_010				group A	Uploaded								
1233	STT_AM_AB1231		https://docs.google.com/document/d/1Bc1NsB0D9_sGRhxgHXYEAjwB4c9i1vHszG4ariMSpWk/edit?usp=sharing	text	https://youtu.be/XRyBtlUXxL4?si=Nc61zqIE1bzzqWQE	0:30:20	Youtube	MV	MP4	False	Very goog	AM_010				group A	Uploaded								
1234	STT_AM_AB1232	2	https://docs.google.com/document/d/1o7KdCZkoXL7U9Ji2h-fYtkLfm8n8utL08E-Wm22BCF0/edit?usp=sharing	text	https://youtu.be/Ig5AD0sG8HI?si=i7DVIEb6g_QgFaku	0:23:32	Youtube	MV	MP4	False	Very goog	AM_010				group A	Uploaded								
1235	STT_AM_AB1233		https://docs.google.com/document/d/1V7mwWB_M1f9E1jo6SvtJZfDnEbXy4dAyu-XH7TUIh5s/edit?usp=sharing	text	https://drive.google.com/file/d/10MYUVW1m2yYaVLnnuTB0o45Afs7iUhAK/view?usp=sharing	0:09:09	Google drive	MV	MP3	False	Very goog	AM_005				group A									
1236	STT_AM_AB1234	2	https://docs.google.com/document/d/17Zi8z2Di5IrOHinnBBxWVvS6PJZCeq5O-CAAf8Y3GYA/edit?usp=sharing	text	https://drive.google.com/file/d/17kPBaip3tahxbB7_OxVkmvR_YrVAe9YW/view?usp=sharing	0:14:23	Google drive		MP3	False	Very goog	AM_005				group A									
1237	STT_AM_AB1235	3	https://docs.google.com/document/d/1-e6uDGoDVoaRrxaP60B6lrFe1rnDt0lWAotjBPwdAaQ/edit?usp=sharing	text	https://drive.google.com/file/d/19E3xcJYVyHa1s8GGIvRU8Pe4kBNNiWqI/view?usp=sharing	0:21:27	Google drive		MP3	False	Very goog	AM_005				group A									
1238	STT_AM_AB1236		https://docs.google.com/document/d/1iDlYF4vHR4iX7HP0MK2vK8BAo28dic8A1T7wCuq_jvM/edit?usp=sharing	text	https://youtu.be/fU5t9KJBfHw?si=8CXYt5CSB12tbUgR	0:18:44	Youtube	MV	MP4	False	Very goog	AM_010				group A	Uploaded								
1239	STT_AM_AB1237	2	https://docs.google.com/document/d/1FYCbTUIILrXIUqnLWlHGOlP4OMSD7-9p6ev8a4qhvj0/edit?usp=sharing	text	https://youtu.be/XvzkJdMdj0s?si=IP_TaPYnIGVnXHjU	0:19:29	Youtube	MV	MP4	False	Very goog	AM_010				group A	Uploaded								
1240	STT_AM_AB1238	3	https://docs.google.com/document/d/1OFnwvMm6F_o0y5ejAYnGpNwWC480YotGL8OkZeZ4A7U/edit?usp=sharing	text	https://youtu.be/ZEe1p7z5axo?si=nTl5ypPzaT51KRLD	0:16:29	Youtube	MV	MP4	False	Very goog	AM_010				group A	Uploaded								
1241	STT_AM_AB1239	4	https://docs.google.com/document/d/1vOx1NKJ_nZmfuI6MuaDWciptIBPaAjuvmRj6G-xCZuw/edit?usp=sharing	text	https://youtu.be/GpbZ_guuy4s?si=AmRucE5_mWX0Ym-g	0:14:02	Youtube	MV	MP4	False	Very goog	AM_010				group A	Uploaded								
1242	STT_AM_AB1240	5	https://docs.google.com/document/d/1yG6Q-nWVKqgUk6lVx9JBPWC-9lvPFfklt1HiyTpHUQE/edit?usp=sharing	text	https://youtu.be/YxZa8J1EgUs?si=BXxmHPJw2laRZ89R	0:20:31	Youtube	MV	MP4	False	Very goog	AM_010				group A	Uploaded								
1243	STT_AM_AB1241	6	https://docs.google.com/document/d/143n9U1fULh1R7B5cKTcKruUVocd36e_xa9TYhTK1gF0/edit?usp=sharing	text	https://youtu.be/iGOs2hOWoPk?si=ThNsYIUbjZNJ8m8B	0:15:27	Youtube	MV	MP4	False	Very goog	AM_010				group A	Uploaded								
1244	STT_AM_AB1242		https://docs.google.com/document/d/1hX4wZFxo3ISb6ElkyH1XmURcvUBFLzeiD0utDA9Dxjc/edit?usp=sharing	text	https://youtu.be/tiZRf4037eM?si=OCj1o8e7rE2e6ZQo	0:29:52	Youtube	MV	MP4	False	Very goog	AM_010				group A	Uploaded								
1245	STT_AM_AB1243	2	https://docs.google.com/document/d/1-ImX7euhxf4Dv3VQaJ5ZTsVnwnBufjt4iliptC8m1Ho/edit?usp=sharing	text	https://youtu.be/xjDBcqD0YFI?si=sSIP4rXPe_rjL3y8	0:36:55	Youtube	MV	MP4	False	Very goog	AM_010				group A	Uploaded								
1246	STT_AM_AB1244	3	https://docs.google.com/document/d/1VF-uG4T8NZ6tV6j7kw9TovwVLQAxk5UGv9F1SyM3hsE/edit?usp=sharing	text	https://youtu.be/IJ8Bpu6_VWg?si=bPgJxONByJkxlibZ	0:27:49	Youtube	MV	MP4	False	Very goog	AM_010				group A	Uploaded								
1247	STT_AM_AB1245	4	https://docs.google.com/document/d/1J5sKPX_4C5FHFvUWXZoW-xHc4ArxMkmJBPAMRlOsOMw/edit?usp=sharing	text	https://youtu.be/7kZ5AeU1SKs?si=fApRdXXNqh1rNAub	0:47:02	Youtube	MV	MP4	False	Very goog	AM_010				group A	Uploaded								
1248	STT_AM_AB1246		https://docs.google.com/document/d/1H6RebtzZJxqRAFYAVykw6ccirPukTVTfw-zGS2Un5f8/edit?usp=sharing	text	https://youtu.be/E65Dc9LJ6Ds?si=QVzMFfE4nOaKP9ue	0:13:24	Youtube	MV	MP4	False	Very goog	AM_012				group A	Uploaded								
1249	STT_AM_AB1247	2	https://docs.google.com/document/d/1WbyXueW4avHhJdQkL5C7u1O90JnWAb2Uj0M31cQEakg/edit?usp=sharing	text	https://youtu.be/GRj5XDdEbfY?si=8olAjo111eGlaVXu	0:14:01	Youtube	MV	MP4	False	Very goog	AM_012				group A	Uploaded								
1250	STT_AM_AB1248	3	https://docs.google.com/document/d/1S6YMIJOhGlDAUz8Wbgf-67z2Wlh3fWYJ_mpEtD3M6K8/edit?usp=sharing	text	https://youtu.be/Ge03YbvAg-U?si=usckKgnKmn953D7f	0:11:56	Youtube	MV	MP4	False	Very goog	AM_012				group A	Uploaded								
1251	STT_AM_AB1249	4	https://docs.google.com/document/d/1ykK_ocKLI7BVFcLSd4qLJWSWfj_m9IS2o_a5P7gg7rw/edit?usp=sharing	text	https://youtu.be/yhwiYdv9T3w?si=QEc8YQzdDgLl6QqP	0:12:32	Youtube	MV	MP4	False	Very goog	AM_012				group A	Uploaded								
1252	STT_AM_AB1250	5	https://docs.google.com/document/d/1tqpGiX36Sx2qCJFcg8UTT6aVgX5LuEIO1_NEcFxqqG8/edit?usp=sharing	text	https://youtu.be/FSqfiVKOIQE?si=lGFEUvbVyNKHiF5D	0:18:12	Youtube	MV	MP4	False	Very goog	AM_012				group A	Uploaded								
1253	STT_AM_AB1251	6	https://docs.google.com/document/d/1PPH8IBDStTw9Pu5pzPlxbfU_BPo7Q00lfgPlFM8ELqg/edit?usp=sharing	text	https://youtu.be/N7I3N2R9Omo?si=odtWcw2axagDncgv	0:16:15	Youtube	MV	MP4	False	Very goog	AM_012				group A	Uploaded								
1254	STT_AM_AB1252	7	https://docs.google.com/document/d/1b36adbNdjMng1WDSFa3ffV27_nDJqI0ygbwj7V5-u2Y/edit?usp=sharing	text	https://youtu.be/ha2jn4_MBEM?si=Ch2xTVd_xzl2-nqK	0:19:43	Youtube	MV	MP4	False	Very goog	AM_012				group A	Uploaded								
1255	STT_AM_AB1253	8	https://docs.google.com/document/d/1edwx92OTyd216yg2_S0mOxFAlzL4EIZ1qBnE0diKIok/edit?usp=sharing	text	https://youtu.be/2WeloVANQv4?si=6_86NMZAuR8LrYvA	0:19:28	Youtube	MV	MP4	False	Very goog	AM_012				group A	Uploaded								
1256	STT_AM_AB1254	9	https://docs.google.com/document/d/1dmMaCqyQzS-643U9kJ4AQ-sssHTWpXjm7KMeNXODVDQ/edit?usp=sharing	text	https://youtu.be/xpsIc8aduI0?si=phIvpun2XRRQSweR	0:19:37	Youtube	MV	MP4	False	Very goog	AM_012				group A	Uploaded								
1257	STT_AM_AB1255	10	https://docs.google.com/document/d/1w_t8r-stCRHIk71rcRmfWaCAI00NO62j86kpWbtzWzE/edit?usp=sharing	text	https://youtu.be/0gipR4CjRe0?si=9DmUnk0U6dx0UU7o	0:22:10	Youtube	MV	MP4	False	Very goog	AM_012				group A	Uploaded								
1258	STT_AM_AB1256	11	https://docs.google.com/document/d/1WkMB84-t5b4r1eCKlDXPMgGu9lOSI12JG8o3kzE0lWY/edit?usp=sharing	text	https://youtu.be/DhhDLXgdbBw?si=LX9ixZ57YOtyO4Mh	0:22:44	Youtube	MV	MP4	False	Very goog	AM_012				group A	Uploaded								
1259	STT_AM_AB1257	12	https://docs.google.com/document/d/1UJ38H8mUZsCyrLudvdB9O8S_pynhTV4iPoHsA-FM-7k/edit?usp=sharing	text	https://youtu.be/FOFhBUU38N4?si=MovykfMzRGKgSy-d	0:18:12	Youtube	MV	MP4	False	Very goog	AM_012				group A	Uploaded								
1260	STT_AM_AB1258	13	https://docs.google.com/document/d/1uYxk1vBrYJ9DxnL8os3tZ5u5Cclplu9zfDzxQt7OGcM/edit?usp=sharing	text	https://youtu.be/7DbZrBchizw?si=AWVQqgTuf0i343NU	0:20:25	Youtube	MV	MP4	False	Very goog	AM_012				group A	Uploaded								
1261	STT_AM_AB1259	14	https://docs.google.com/document/d/1Liw8-1Rg8_QiTB0pLeuLUiSVcGcyJU2nUBkh7_x-YzI/edit?usp=sharing	text	https://youtu.be/Fgyfz4LSYRE?si=rFlcRPspUpP0R3Eg	0:17:35	Youtube	MV	MP4	False	Very goog	AM_012				group A	Uploaded								
1262	STT_AM_AB1260	15	https://docs.google.com/document/d/1Z2KavjZ44ydefm_PE6c3A2uzl0a80QwbwrlA432KETo/edit?usp=sharing	text	https://youtu.be/ZgsgJxtb3Tg?si=4tQW3tuf2O-mFkoP	0:16:49	Youtube	MV	MP4	False	Very goog	AM_012				group A	Uploaded								
1263	STT_AM_AB1261	16	https://docs.google.com/document/d/1lGxWZBcRb1lA9kTI8EMiiUFWmDwE6_sOuOwaks58TZs/edit?usp=sharing	text	https://youtu.be/5mpfdO5l44Y?si=md2jyQbbzk9RsbGE	0:20:20	Youtube	MV	MP4	False	Very goog	AM_012				group A	Uploaded								
1264	STT_AM_AB1262		https://docs.google.com/document/d/1jjLmC_uVlMIKVXlaEXT0GK60zQm7cY3RBVRPn3WahQw/edit?usp=sharing	text	https://youtu.be/q_UJAaJ2-tM?si=Hhgcxi4xC0TD15sR	0:44:42	Youtube	MV	MP4	False	Very goog	AM_012				group A	Uploaded								
1265	STT_AM_AB1263	2	https://docs.google.com/document/d/11w5JeMDYFlHMuYchqwbCEcifxwKAzqR-mOy4HVMJas0/edit?usp=sharing	text	https://youtu.be/cuc1UCSfBRU?si=NHFyyll4F3VVByW1	0:39:47	Youtube	MV	MP4	False	Very goog	AM_012				group A	Uploaded								
1266	STT_AM_AB1264		https://docs.google.com/document/d/1eSp1xLx46RhWoWaNvlJDh7w6yPMmjmy5FfgAPZoWklg/edit?usp=sharing	text	https://drive.google.com/file/d/1_wcGLo1Pt9mnr5hn43tdpYQp7nz55NkA/view?usp=sharing	0:11:13	Google drive	AB	MP3	False	Very goog	AM_012				group A	Uploaded								
1267	STT_AM_AB1265	2	https://docs.google.com/document/d/1sCwy0HPYpH52uuKA_7eCFddLMr-ROdyE88Kqubww3JQ/edit?usp=sharing	text	https://drive.google.com/file/d/1FB0ivK_jCa3Xf_Sd8MPREDtKdq5e72bn/view?usp=sharing	0:29:07	Google drive	AB	MP3	False	Very goog	AM_012				group A	Uploaded								
1268	STT_AM_AB1266	3	https://docs.google.com/document/d/1IA7UFLKRa9N61Z9Ixd0QGEwITlp1OoslK6rzPj7fS5M/edit?usp=sharing	text	https://drive.google.com/file/d/1I323SBc1JRd0ZaUSwqe6djnF4aRPC6J8/view?usp=sharing	0:20:44	Google drive	AB	MP3	False	Very goog	AM_012				group A	Uploaded								
1269	STT_AM_AB1267	4	https://docs.google.com/document/d/1MWKMaD-pvcY6tPgOboUwMeMyZbCW9GwmcsK-AZEBITE/edit?usp=sharing	text	https://drive.google.com/file/d/1pZcBuiCv4DMD2eSqJhGo5-yhuMxHbxqC/view?usp=sharing	0:03:42	Google drive	AB	MP3	False	Very goog	AM_012				group A	Uploaded								
1270	STT_AM_AB1268	5	https://docs.google.com/document/d/1UkNzKFF7eUAnevPkwFQHhwXGieXEuISm7UQ6_NlrGbM/edit?usp=sharing	text	https://drive.google.com/file/d/1HV62-JayjCEh37IFBf_h7BiNqBg94osB/view?usp=sharing	0:25:55	Google drive	mpeg	MP3	False	Very goog	AM_012				group A	Uploaded								
1271	STT_AM_AB1269	6	https://docs.google.com/document/d/1cBmPQ0UO9L7uear4pxD_qQx4tONginScGN1rfxgVSLQ/edit?usp=sharing	text	https://drive.google.com/file/d/1z2q477psVP9xExFRM4nMCFGTD6QGjPnW/view?usp=sharing	0:32:40	Google drive	mpeg	MP3	False	Very goog	AM_012				group A	Uploaded								
1272	STT_AM_AB1270	7	https://docs.google.com/document/d/1Y3Pg1BEFew7Ud8P4HXVSiVQW0HLrFQS_tWlwopfiiiU/edit?usp=sharing	text	https://drive.google.com/file/d/1JQQE1voSQYRcYrSaQzQXvi_6DHAhKxbN/view?usp=sharing	0:27:11	Google drive	mpeg	MP3	False	Very goog	AM_012				group A	Uploaded								
1273	STT_AM_AB1271	8	https://docs.google.com/document/d/1zW8a7NLDp0xPgEv49XkGKFu2lZLysFBXoT1T5Cf9d0E/edit?usp=sharing	text	https://drive.google.com/file/d/16G005FH-Q-8DjBMY-fUQxeYnUJdHQ2rU/view?usp=sharing	0:22:09	Google drive	mpeg	MP3	False	Very goog	AM_012				group A	Uploaded								
1274	STT_AM_AB1272	9	https://docs.google.com/document/d/1aBtZbJWbo6Y7CbeEf_tq1XVyUl8HwYz5Tq0MAsGqrY8/edit?usp=sharing	text	https://drive.google.com/file/d/11IKvwh72_WbBGt-BMy2zChHwWlSRLqlU/view?usp=sharing	0:06:56	Google drive	AB	MP3	False	Very goog	AM_012				group A	Uploaded								
1275	STT_AM_AB1273	10	https://docs.google.com/document/d/1bnVQk1ZTIeIRYweWym1U3lqK5aH3pxSNrep6XiIgE6Y/edit?usp=sharing	text	https://drive.google.com/file/d/1HRBXO3whCL1Kj3Nj-r0NhA-DcbBvM-Xz/view?usp=sharing	0:22:28	Google drive	AB	MP3	False	Very goog	AM_012				group A	Uploaded								
1276	STT_AM_AB1274	11	https://docs.google.com/document/d/1ASt7XQ0VPphDwILHPkwL9w5BV4SFKJEOusQg-ccBOH4/edit?usp=sharing	text	https://drive.google.com/file/d/1SEMwCT3Jp5GwiZiz1qsZL2YOF7vFLYC4/view?usp=sharing	0:33:28	Google drive	AB	MP3	False	Very goog	AM_012				group A	Uploaded								
1277	STT_AM_AB1275	12	https://docs.google.com/document/d/1kxCndF4-cEMprt7ppZESc4KJbIMVp7QtmtWGYofEy_M/edit?usp=sharing	text	https://drive.google.com/file/d/15QPYav8PL00TsHribgZqUtmnri6Ragk8/view?usp=sharing	0:07:15	Google drive	AB	MP3	False	Very goog	AM_012				group A	Uploaded								
1278	STT_AM_AB1276	13	https://docs.google.com/document/d/1nBMDPAClqo__veGt8o0PYyVPm7pOGyWsbdxI4qvN-kE/edit?usp=sharing	text	https://drive.google.com/file/d/1B3MrPWPaPtkPQmZFtze_z4CEDfwmUJhE/view?usp=sharing	0:21:10	Google drive	AB	MP3	False	Very goog	AM_012				group A	Uploaded								
1279	STT_AM_AB1277	14	https://docs.google.com/document/d/12enFG6kD4zhRYgDTuPihT27HByAC7ZJ2h3f3qZl2hmk/edit?usp=sharing	text	https://drive.google.com/file/d/1ncq0nHgSXWksmeikhsp6lZEeT_fFi_ry/view?usp=sharing	0:26:57	Google drive	AB	MP3	False	Very goog	AM_012				group A	Uploaded								
1280	STT_AM_AB1278	15	https://docs.google.com/document/d/1T8As_2VEy_umRwvyqpi7cdx3pJVNgSLRjy8w-9I17Qc/edit?usp=sharing	text	https://drive.google.com/file/d/1fMrEM2JnzpqRU4RoHEjRJ7eV_HPx_PlM/view?usp=sharing	0:22:29	Google drive	AB	MP3	False	Very goog	AM_012				group A	Uploaded								
1281	STT_AM_AB1279	16	https://docs.google.com/document/d/1TQMO9wyDBXBm0GZDdrI05tNPDDnyZmdAcLNL-VN5pXE/edit?usp=sharing	text	https://drive.google.com/file/d/1bMLSalGSPRHLu2_XK19d_Iw4j2uJhYwu/view?usp=sharing	0:20:08	Google drive	AB	MP3	False	Very goog	AM_012				group A	Uploaded								
1282	STT_AM_AB1280	17	https://docs.google.com/document/d/1SdC9PJtOZ_PD9GVPzK46nDtEH969TLJG0LOEenkz_cg/edit?usp=sharing	text	https://drive.google.com/file/d/1eDPTrZ9HyBB9ey8gXORN9u12BmZJ3Lax/view?usp=sharing	0:11:55	Google drive	AB	MP3	False	Very goog	AM_012				group A	Uploaded								
1283	STT_AM_AB1281	18	https://docs.google.com/document/d/1chpVDDCXtymKzQlfnNWTb73I21kgzUw0A8A-aZNNbdw/edit?usp=sharing	text	https://drive.google.com/file/d/1-lHxz7R33RqDQHyVN3zxkiFx2s5071ba/view?usp=sharing	0:15:07	Google drive	AB	MP3	False	Very goog	AM_012				group A	Uploaded								
1284	STT_AM_AB1282	19	https://docs.google.com/document/d/1GYRgp1t1_WHka2RhP_CzLvaG_-H3IBzQxbX5q_GiQQA/edit?usp=sharing	text	https://drive.google.com/file/d/1wPmwtHmDD-_kWciSFx46LYTXDe7gTnPE/view?usp=sharing	0:14:48	Google drive	AB	MP3	False	Very goog	AM_012				group A	Uploaded								
1285	STT_AM_AB1283	20	https://docs.google.com/document/d/1Sr8K-5-lKTsrRwKZTzV2X2iSq3Cjdpyu_PtJMFXlNk8/edit?usp=sharing	text	https://drive.google.com/file/d/1Hevv6-ucbHmxIEEbW8_klVvXIZgwWtBU/view?usp=sharing	0:12:32	Google drive	AB	MP3	False	Very goog	AM_012				group A	Uploaded								
1286	STT_AM_AB1284		https://docs.google.com/document/d/1c00hPbg1QPvYKU60n8QX7BtkSeIaDrznC-RY0RXiDdo/edit?usp=sharing	text	https://youtu.be/b7OFtrkMBd4?si=Z9v_a3SErkpjcdEd	0:28:17	Youtube	MV	MP4	False	Very goog	AM_012				group A	Uploaded								
1287	STT_AM_AB1285	2	https://docs.google.com/document/d/1UI-pMMPAS20J39v-g52VmJjI6wdvp4oFubUQKlfCLUs/edit?usp=sharing	text	https://youtu.be/s5qg4e15LQs?si=zO-2rjGEG_JBNXd9	0:30:45	Youtube	MV	MP4	False	Very goog	AM_012				group A	Uploaded								
1288	STT_AM_AB1286		https://docs.google.com/document/d/1zyyQrq36f69I4Y-Wect5Pb0PHTXf0CWu36rTPL0QQEc/edit?usp=sharing	text	https://drive.google.com/file/d/1VLAlk0wF9pLQ4sN9ar3Vh6SBrJAFllvX/view?usp=sharing	0:23:14	Google drive	AB	MP3	False	Very goog	AM_012				group A	Uploaded								
1289	STT_AM_AB1287	22	https://docs.google.com/document/d/1a0Qo_oA0ArgwA020pxYXaxfZ0kV1lbyitCQT7wWWYa4/edit?usp=sharing	text	https://drive.google.com/file/d/19HqW3V69o7SHn1d8BU8M-EOzK-7JktB_/view?usp=sharing	0:18:18	Google drive	AB	MP3	False	Very goog	AM_012				group A	Uploaded								
1290	STT_AM_AB1288	23	https://docs.google.com/document/d/1Jt1_7FKNXqZlNQcFu4DNhCirCZDH4cSmddK-fLGdvtU/edit?usp=sharing	text	https://drive.google.com/file/d/1kwS6-Fg7sTBY1VcY4aqNxH5Ge1w6u0Zq/view?usp=sharing	0:23:42	Google drive	AB	MP3	False	Very goog	AM_012				group A	Uploaded								
1291	STT_AM_AB1289	24	https://docs.google.com/document/d/1F3ejg_0mLnC2_6olA4RreXe4l62FAqfm14KrUsnqgCc/edit?usp=sharing	text	https://drive.google.com/file/d/1hD88gMFRUFpelXib2fT9fBcc91AD6VdI/view?usp=sharing	0:01:53	Google drive	AB	MP3	False	Very goog	AM_012				group A	Uploaded								
1292	STT_AM_AB1290	25	https://docs.google.com/document/d/1BTlBpXmA_eT0ihb7QZdEF_VOR5nMyoTIHgqojEXLk9s/edit?usp=sharing	text	https://drive.google.com/file/d/1G1qyJSZOLhhelKGwkuzep8wDFWtZpRiX/view?usp=sharing	0:25:31	Google drive	AB	MP3	False	Very goog	AM_012				group A	Uploaded								
1293	STT_AM_AB1291	26	https://docs.google.com/document/d/1ZRQuLMJ53nXt9u3TDeyyxH4ZojvQNVZUULtXEXxTZhY/edit?usp=sharing	text	https://drive.google.com/file/d/16wrG0cVn02gQ58aHLwYJX294KhQg1sC_/view?usp=sharing	0:16:19	Google drive	AB	MP3	False	Very goog	AM_012				group A	Uploaded								
1294	STT_AM_AB1292	27	https://docs.google.com/document/d/1KyAkLk5YEVqGBYGBC1_3dBMInSIdMcs4fp92el3R-4k/edit?usp=sharing	text	https://drive.google.com/file/d/1eUpklCDI5KLTcnYklFwRwcPCxUtQ0HMb/view?usp=sharing	0:32:18	Google drive	AB	MP3	False	Very goog	AM_012				group A	Uploaded								
1295	STT_AM_AB1293	28	https://docs.google.com/document/d/1PmXTZbNsiq_DmUAsWzsN-p3Elh30UiXoEGLe41aj8ak/edit?usp=sharing	text	https://drive.google.com/file/d/1-Yi-W217ETglYtnIbJD5OqC6g9vAOVBc/view?usp=sharing	0:24:24	Google drive	AB	MP3	False	Very goog	AM_012				group A	Uploaded								
1296	STT_AM_AB1294	29	https://docs.google.com/document/d/17COv7o1T3paSCm4BHJrpUGndUyVQ_YgF4NGZPh9DTeU/edit?usp=sharing	text	https://drive.google.com/file/d/1mwZaN8csjxr3_1QRqn2zhlYALU7nag18/view?usp=sharing	0:26:25	Google drive	AB	MP3	False	Very goog	AM_012				group A	Uploaded								
1297	STT_AM_AB1295	30	https://docs.google.com/document/d/1qzoUFFGjl-ZqBA627ME--NoA_cmcAfJBWrkFJ4Jsjik/edit?usp=sharing	text	https://drive.google.com/file/d/1eEdyKd1qnki9FAcs4-B4pPNkfJ8V3uYd/view?usp=sharing	0:20:31	Google drive	AB	MP3	False	Very goog	AM_012				group A	Uploaded								
1298	STT_AM_AB1296	31	https://docs.google.com/document/d/1rkDAYCjaAzZ5cUAr2G5-FNURM7j0SACvad_g5a7mojg/edit?usp=sharing	text	https://drive.google.com/file/d/1umiURLsU93pg4PUmYceqm_-EDp1R83F8/view?usp=sharing	0:31:16	Google drive	AB	MP3	False	Very goog	AM_012				group A	Uploaded								
1299	STT_AM_AB1297	32	https://docs.google.com/document/d/1O9P7iR0hrsl3fQIoBWT4K6rCC1SdjQWzlv_w0v6f2EY/edit?usp=sharing	text	https://drive.google.com/file/d/1f5KF0wl4WsbMXsOeYhLVQIdolbrS1hee/view?usp=sharing	0:01:42	Google drive	AB	MP3	False	Very goog	AM_012				group A	Uploaded								
1300	STT_AM_AB1298	33	https://docs.google.com/document/d/1wmjek2gd_Ht_7tiVmVqhwkpcbXtV8y_xrEvcYeiW4c4/edit?usp=sharing	text	https://drive.google.com/file/d/1lY5YJdaKtU7_7CHMyHyXOels1jr-awhC/view?usp=sharing	0:26:24	Google drive	AB	MP3	False	Very goog	AM_012				group A	Uploaded								
1301	STT_AM_AB1299		https://docs.google.com/document/d/1NpS7r9XjtYeD-rsZ-v9aAh6GYQKHmSSuK0LBAZ1Oo7k/edit?usp=sharing	text	https://youtu.be/t_l8LXWCFg4?si=SiIN0YzSbfesQQ9M	0:34:21	Youtube	MV	MP4	False	Very goog	AM_012				group A	Uploaded								
1302	STT_AM_AB1300	2	https://docs.google.com/document/d/1-FlHLNOxVzH--XrxykF6DLZjiVKA246FFscekJmTTGo/edit?usp=sharing	text	https://youtu.be/49qindg4Yv4?si=sWoxU0SxzLbBcI8W	0:45:05	Youtube	MV	MP4	False	Very goog	AM_012				group A	Uploaded								
1303	STT_AM_AB1301	3	https://docs.google.com/document/d/1qPGOCRNpEq6fd4DsoO9_8lkHLRq64bNOMmg-0-lFk-E/edit?usp=sharing	text	https://youtu.be/rkyEI8mQbKM?si=ACZkTg3D7bIxlGys	0:32:15	Youtube	MV	MP4	False	Very goog	AM_012				group A	Uploaded								
1304	STT_AM_AB1302	4	https://docs.google.com/document/d/1bYKNHfYMU3xnaXQificM8Pnxgm1ucBKyZSPoE5NE8bA/edit?usp=sharing	text	https://youtu.be/2G7Cqy9EH0w?si=1Z2tB4HEjaxWNEq6	0:51:57	Youtube	MV	MP4	False	Very goog	AM_012				group A	Uploaded								
1305	STT_AM_AB1303	5	https://docs.google.com/document/d/1WvGUoujwFtrIstrjtyeq5AoWNCNNmjq700wIzcr36Ns/edit?usp=sharing	text	https://youtu.be/GaMONgId8Yc?si=Wa3sBi_6QGDf2SY_	0:17:40	Youtube	MV	MP4	False	Very goog	AM_012				group A	Uploaded								
1306	STT_AM_AB1304		https://docs.google.com/document/d/19UW4XRzTUpsTdsMjNpNI4PyX_kgn4aP-9sC3GCVCQ6A/edit?usp=sharing	text	https://drive.google.com/file/d/1CPWedTHWUEg9tKkP7a1CNSpJmqJhdLGp/view?usp=sharing	0:22:21	Google drive	AB	MP3	False	Very goog	AM_012				group A	Uploaded								
1307	STT_AM_AB1305	35	https://docs.google.com/document/d/1Dlt5QtvmestHoSfuBbqfrVlsE9EVj0v64Uw3RVeOOic/edit?usp=sharing	text	https://drive.google.com/file/d/1wU0Ig1ev47WxmP3LXulo1Q2dg1OGMZ8V/view?usp=sharing	0:21:15	Google drive	AB	MP3	False	Very goog	AM_012				group A	Uploaded								
1308	STT_AM_AB1306	36	https://docs.google.com/document/d/1thf2W9Dd9vfgTWW87AJapQwbFFxs2rv7WToL6nTRHEg/edit?usp=sharing	text	https://drive.google.com/file/d/1Ak4Cua4sAsvMiY--KqA80frmndk4qMdI/view?usp=sharing	0:36:47	Google drive	AB	MP3	False	Very goog	AM_012				group A	Uploaded								
1309	STT_AM_AB1307	37	https://docs.google.com/document/d/1x-UfNFlrMj9jcYuDQHBZJxOtBkMW5rRNzSIZiKuxRoU/edit?usp=sharing	text	https://drive.google.com/file/d/1w08APGz22VRAYPL1fYXhXsIBaRP8Ephj/view?usp=sharing	0:24:38	Google drive	AB	MP3	False	Very goog	AM_012				group A	Uploaded								
1310	STT_AM_AB1308	38	https://docs.google.com/document/d/1RGmwa2nGTJO9FS3ZueFa_dyGK8kL4EOurMBEHIpEM7c/edit?usp=sharing	text	https://drive.google.com/file/d/1-sm4whyiwgC1OGJPZy2eWmZg6iA0aXbh/view?usp=sharing	0:32:51	Google drive	AB	MP3	False	Very goog	AM_012				group A	Uploaded								
1311	STT_AM_AB1309	39	https://docs.google.com/document/d/1biYjwlCXCGborqKKDJU6xRrCGp8ChkbVFHJkAbf033E/edit?usp=sharing	text	https://drive.google.com/file/d/1ud38-PfhjLFVFg9OJyLismpxMbLGIf-N/view?usp=sharing	0:20:13	Google drive	AB	MP3	False	Very goog	AM_012				group A	Uploaded								
1312	STT_AM_AB1310	40	https://docs.google.com/document/d/1-QMTPJAHpcNvMUzH7LGaGXH5kJgWEfrqlJmgtTj0XCk/edit?usp=sharing	text	https://drive.google.com/file/d/1it19W1l6euPnRDDMw2Do2AHONwPKGlpH/view?usp=sharing	0:31:45	Google drive	AB	MP3	False	Very goog	AM_012				group A	Uploaded								
1313	STT_AM_AB1311	41	https://docs.google.com/document/d/1pn09XL4trlSahbnGKhbbw_TkouIfBfqRaTHzQ-yKuVY/edit?usp=sharing	text	https://drive.google.com/file/d/16GZUqVQLNM4pgY-O30GLTL0ZCbTm_U2c/view?usp=sharing	0:32:38	Google drive	AB	MP3	False	Very goog	AM_012				group A	Uploaded								
1314	STT_AM_AB1312	42	https://docs.google.com/document/d/1LBBd1oThYv43WYedMxhjf6zIkO0ZLJP5KbebyPjaY1Q/edit?usp=sharing	text	https://drive.google.com/file/d/1h4AEyPoCpDlAjj7m3JREyishojb2st1U/view?usp=sharing	0:09:20	Google drive	AB	MP3	False	Very goog	AM_012				group A	Uploaded								
1315	STT_AM_AB1313	43	https://docs.google.com/document/d/1gC9fD3hDsKbUk1FZA2mdBh_CpFy-q7XFBJTKji5HvOU/edit?usp=sharing	text	https://drive.google.com/file/d/1I3vLZI_odYseOIfqpCJun6Q69CLXYgNb/view?usp=sharing	0:12:47	Google drive	AB	MP3	False	Very goog	AM_012				group A	Uploaded								
1316	STT_AM_AB1314	44	https://docs.google.com/document/d/1BX7xFDlTNK0KZoSVeKvCtF6ReJ844T05oEii0-M3QnU/edit?usp=sharing	text	https://drive.google.com/file/d/1oine-0BbRAapFd1m0SXw1P-bMlQo7f_A/view?usp=sharing	0:33:27	Google drive	AB	MP3	False	Very goog	AM_012				group A	Uploaded								
1317	STT_AM_AB1315		https://docs.google.com/document/d/1X9qL59kEcmXwdi793eIGnIx-jpeU3ei0fnsRH73F61k/edit?usp=sharing	text	https://youtu.be/ILK8RlZw_xA?si=Q9w-Y3J0867TPpPX	0:32:48	Youtube	MV	MP4	False	Very goog	AM_012				group A	Uploaded								
1318	STT_AM_AB1316	7	https://docs.google.com/document/d/1HwS1PDnfoIpmyfjxJ2sx75SCte_CsfFdRrpza1Imxp4/edit?usp=sharing	text	https://youtu.be/KT72tz4-D4M?si=saZprGw1DXuQJA7a	0:18:38	Youtube	MV	MP4	False	Very goog	AM_012				group A	Uploaded								
1319	STT_AM_AB1317	8	https://docs.google.com/document/d/1Stu8tKE1YyLVzX86gdbKnDzZRD7zSh8DfkM-fJuPyw8/edit?usp=sharing	text	https://youtu.be/mK7u4eQWdLU?si=bYtbdWwrnHXkUnTf	0:47:03	Youtube	MV	MP4	False	Very goog	AM_012				group A	Uploaded								
1320	STT_AM_AB1318		https://docs.google.com/document/d/1veV5pwD9kvPHhhgckXsIYSLgIsnRIfYoZjiwJEPxYJE/edit?usp=sharing	text	https://drive.google.com/file/d/1XAZo4sofTcgFmhCSwj4T7PVq2Kf7pT5m/view?usp=sharing	0:06:04	Google drive	AB	MP3	False	Very goog	AM_012				group A	Uploaded								
1321	STT_AM_AB1319	46	https://docs.google.com/document/d/1FEfva3nlwNAv2MZ1QSoARZN5Tjtg7VK-jWx4jcJWg0c/edit?usp=sharing	text	https://drive.google.com/file/d/1S9jBScIGRM829BBsra55NPleMb3o9Ui_/view?usp=sharing	0:18:08	Google drive	AB	MP3	False	Very goog	AM_012				group A	Uploaded								
1322	STT_AM_AB1320	47	https://docs.google.com/document/d/17bjG0okLnPPKuXiJsfcAUcoOlJVyBMgHBcLhYqHSkgg/edit?usp=sharing	text	https://drive.google.com/file/d/1v544g51ubdSW7OCALkq85uxRI82n6bkH/view?usp=sharing	0:28:49	Google drive	AB	MP3	False	Very goog	AM_012				group A	Uploaded								
1323	STT_AM_AB1321		https://docs.google.com/document/d/1706-MusL3j9VlhZIQOuUfE1vGJRc8_GmOctKCy9SL7A/edit?usp=sharing	text	https://drive.google.com/file/d/1SyyoUm_HIsLa_gJEMg8PVfefQA9NxMsS/view?usp=sharing	0:05:13	Google drive	AB	MP3	False	Very goog	AM_012				group A	Uploaded								
1324	STT_AM_AB1322	2	https://docs.google.com/document/d/182nOnnwTo6yYWlsUsWGHKFzlZ5aLJPxNh85dTR8kNjA/edit?usp=sharing	text	https://drive.google.com/file/d/1vkF5LXDlDgr45bjqQK4wVhfLyTWI60Gz/view?usp=sharing	0:20:00	Google drive	AB	MP3	False	Very goog	AM_012				group A	Uploaded								
1325	STT_AM_AB1323	3	https://docs.google.com/document/d/11uosdvwKQYnjcshaUUlUEZ3l360EzXOLwXnsH-tCWZo/edit?usp=sharing	text	https://drive.google.com/file/d/1ERfPi3RdWikfQ8uN9zSHkIQuyJpHbnK7/view?usp=sharing	0:08:39	Google drive	AB	MP3	False	Very goog	AM_012				group A	Uploaded								
1326	STT_AM_AB1324	4	https://docs.google.com/document/d/1rkLuULWNLGow58V4Ygeu4Ty1lsr3iLJu9j150iBTv8c/edit?usp=sharing	text	https://drive.google.com/file/d/1ECl01MyPJRciQzVjYO1pwwqkXlQVu4zc/view?usp=sharing	0:19:55	Google drive	AB	MP3	False	Very goog	AM_012				group A	Uploaded								
1327	STT_AM_AB1325	5	https://docs.google.com/document/d/12VC8af9324x7Obk9U_iD1V0XqQ6n3VaW__-xaqZGAqE/edit?usp=sharing	text	https://drive.google.com/file/d/1mr_nFzcZpOruQmCMbbVl8M1i-4UzRl9G/view?usp=sharing	0:17:40	Google drive	AB	MP3	False	Very goog	AM_012				group A	Uploaded								
1328	STT_AM_AB1326	6	https://docs.google.com/document/d/1TOQFrCqhuVkOzvlkHdHn7S7DhZ2dRJHHtJvQpAiR8wY/edit?usp=sharing	text	https://drive.google.com/file/d/1p-RtY2et1AFO2JU2ry_ZpVvO5TTbHuZT/view?usp=sharing	0:12:01	Google drive	AB	MP3	False	Very goog	AM_012				group A	Uploaded								
1329	STT_AM_AB1327	7	https://docs.google.com/document/d/13TQazAn5EoQylQRZjdsUaolmdi8PpllFk5eyZWXCz0k/edit?usp=sharing	text	https://drive.google.com/file/d/1RP4dXfK0bIGEsAW0XyHU-sdCiosuWLqG/view?usp=sharing	0:15:14	Google drive	AB	MP3	False	Very goog	AM_012				group A	Uploaded								
1330	STT_AM_AB1328	8	https://docs.google.com/document/d/1aKlEMrkLylix4wqMjNdm1F42AtlKFAfy7uHL6gPYfQ8/edit?usp=sharing	text	https://drive.google.com/file/d/1rv67cY_HLaPnu63hfAaCQtKgcAV66QRg/view?usp=sharing	0:21:37	Google drive	AB	MP3	False	Very goog	AM_012				group A	Uploaded								
1331	STT_AM_AB1329	9	https://docs.google.com/document/d/1fjFum4-1Q0bGe-GrS9Ko5-AihGvh1CfNv880wn88RYA/edit?usp=sharing	text	https://drive.google.com/file/d/1IsdBRfnPadVIy6xtGoFYyrWDusziX5sT/view?usp=sharing	0:29:58	Google drive	AB	MP3	False	Very goog	AM_012				group A	Uploaded								
1332	STT_AM_AB1330	10	https://docs.google.com/document/d/10sxCfyrw0rpCMJktD5UdazSf2J5B0G13kbIDribphB4/edit?usp=sharing	text	https://drive.google.com/file/d/1ezF6_GclMu0-hnXg64nhIZIOpcrDWj2x/view?usp=sharing	0:13:43	Google drive	AB	MP3	False	Very goog	AM_012				group A	Uploaded								
1333	STT_AM_AB1331	11	https://docs.google.com/document/d/16eJsUmwXDN7lLoURpFGHvTxzCiMAq2m2GK4jM242Plg/edit?usp=sharing	text	https://drive.google.com/file/d/16QRWrdvK-kSItLvMCf-YTR9pHFCTkGm5/view?usp=sharing	0:30:44	Google drive	AB	MP3	False	Very goog	AM_012				group A	Uploaded								
1334	STT_AM_AB1332	12	https://docs.google.com/document/d/1VCefSCrPcr_nXFuPxqp_Az-dS5hGxvX53oDQS8M_t0o/edit?usp=sharing	text	https://drive.google.com/file/d/1-O0b_rpMSi_amY6a_XlDMyxFrn-_5uRm/view?usp=sharing	0:05:37	Google drive	AB	MP3	False	Very goog	AM_012				group A	Uploaded								
1335	STT_AM_AB1333	13	https://docs.google.com/document/d/197eH5PttstifNpNFMYQNkoG4V7eh6OnGACqEjElyt98/edit?usp=sharing	text	https://drive.google.com/file/d/1fu-f2cR440KpqS2UBCr9I6pQ8bzjZ4cp/view?usp=sharing	0:20:18	Google drive	AB	MP3	False	Very goog	AM_012				group A	Uploaded								
1336	STT_AM_AB1334	14	https://docs.google.com/document/d/1BBr0wSDyzBiO12n5DI-LNuIC1Z3xQmjPQj0fvhPA1Ow/edit?usp=sharing	text	https://drive.google.com/file/d/1vDHWMxqjxlER3l2Me9rm1QtXXBgnEW2F/view?usp=sharing	0:22:31	Google drive	AB	MP3	False	Very goog	AM_012				group A	Uploaded								
1337	STT_AM_AB1335	15	https://docs.google.com/document/d/1oObn-XeIt9Pe6F8JZ-Kst-7LIutKGR62QTpMpK0PEmo/edit?usp=sharing	text	https://drive.google.com/file/d/1AehFN-9vwgh1iEsjumfgPnCIeuW2Ebed/view?usp=sharing	0:27:35	Google drive	AB	MP3	False	Very goog	AM_012				group A	Uploaded								
1338	STT_AM_AB1336	16	https://docs.google.com/document/d/11PoauLCVzfvPMk9DJpl2eRJmoy_BNQz9j7OVEIAs4_k/edit?usp=sharing	text	https://drive.google.com/file/d/183DuTzhL_WBEVVqXlihrR74HYHydlqDJ/view?usp=sharing	0:15:22	Google drive	AB	MP3	False	Very goog	AM_012				group A	Uploaded								
1339	STT_AM_AB1337	17	https://docs.google.com/document/d/1igx04mPsRs2SaT9h_JgCy2jZ5ewtwpxz6PYamRiApp4/edit?usp=sharing	text	https://drive.google.com/file/d/14o7lU_9rG4d0dt4Who0DfKzUHsAVxFG7/view?usp=sharing	0:33:36	Google drive	AB	MP3	False	Very goog	AM_012				group A	Uploaded								
1340	STT_AM_AB1338	18	https://docs.google.com/document/d/1hR5Z0U4m7hFuL5LyDs-nMnDZry8NLoXdIdil8NVcxcI/edit?usp=sharing	text	https://drive.google.com/file/d/1mBNvt3KWOkh_Uhp8A-JqyUgFjWVx03hV/view?usp=sharing	0:16:06	Google drive	AB	MP3	False	Very goog	AM_012				group A	Uploaded								
1341	STT_AM_AB1339	19	https://docs.google.com/document/d/1hOk49oFWF-ynt2PmCk-gXko_9Bkg185oFBk1wDmaxC8/edit?usp=sharing	text	https://drive.google.com/file/d/1gwyiaeTrF_S7mq1uPZOHDVMW5q5-q0xG/view?usp=sharing	0:15:41	Google drive	AB	MP3	False	Very goog	AM_012				group A	Uploaded								
1342	STT_AM_AB1340		https://docs.google.com/document/d/1pnWExOKYo5lai6iEnvilyGjAgOnY1paityPB5NUoJ8s/edit?usp=sharing	text	https://youtu.be/H9qulwRHuqs?si=2bdo3SydGmzpmrNw	0:56:55	Youtube	MV	MP4	False	Very goog	AM_012				group A	Uploaded								
1343	STT_AM_AB1341	10	https://docs.google.com/document/d/19_0RfrUaB59SpsGt6eeKmQUTh1xkXysX2qAC3-KK2zE/edit?usp=sharing	text	https://youtu.be/sfecvyUpYxk?si=0PMxb_HaA56Nt3Lk	0:16:05	Youtube	MV	MP4	False	Very goog	AM_012				group A	Uploaded								
1344	STT_AM_AB1342	11	https://docs.google.com/document/d/1btVcpc9eo4XXKhqAAQUP6272q6KckFNUIU-bGZnPXFs/edit?usp=sharing	text	https://youtu.be/71ey5mqP9QE?si=cFcPnxkfCdj7mqU-	0:38:54	Youtube	MV	MP4	False	Very goog	AM_012				group A	Uploaded								
1345	STT_AM_AB1343		https://docs.google.com/document/d/1StYNAefNbZImRKl4WZgTRWzceMffnBCaAw_6p_GqF1Q/edit?usp=sharing	text	https://drive.google.com/file/d/1cvaBvdoCzBnKl1o2x4w40UzkM5VA_ImP/view?usp=sharing	0:24:59	Google drive	AB	MP3	False	Very goog	AM_012				group A	Uploaded								
1346	STT_AM_AB1344	21	https://docs.google.com/document/d/15JCB0_YLYtxaizoYVxdjQKxPBFNoLr833csCKCLU0Os/edit?usp=sharing	text	https://drive.google.com/file/d/1JfPz7LznRkZe2TN8NfZx7ZbokQws0bpr/view?usp=sharing	0:22:38	Google drive	AB	MP3	False	Very goog	AM_012				group A	Uploaded								
1347	STT_AM_AB1345	22	https://docs.google.com/document/d/1DQ9oyuKUL82NMhfSJhfl4Vek5n2fnljOf_El5FZUJno/edit?usp=sharing	text	https://drive.google.com/file/d/10CQkeIZrxIEDLboiSPW9Lrl0x3w-YJ2D/view?usp=sharing	0:15:50	Google drive	AB	MP3	False	Very goog	AM_012				group A	Uploaded								
1348	STT_AM_AB1346	23	https://docs.google.com/document/d/1qCNPeXXohr2Ru_9okMXUyUtflboSoKppflz9ISHTBUk/edit?usp=sharing	text	https://drive.google.com/file/d/16sru7R-McKe-4wIwKTrNb3IeX3Pfg0W7/view?usp=sharing	0:14:06	Google drive	AB	MP3	False	Very goog	AM_012				group A	Uploaded								
1349	STT_AM_AB1347	24	https://docs.google.com/document/d/14srzp8lr7BsRKgA2PJLRjk2bqdPtrrT1AL9-YVLMBrU/edit?usp=sharing	text	https://drive.google.com/file/d/1qR18sIHvTQdaqfSS3ggjzCprtdIwLVqX/view?usp=sharing	0:32:56	Google drive	AB	MP3	False	Very goog	AM_012				group A	Uploaded								
1350	STT_AM_AB1348		https://docs.google.com/document/d/1G1OJUS8b6A2yN-MyLVkZrHOHAK_V0QKWWt1FmoRdPLY/edit?usp=sharing	text	https://youtu.be/fOaSZuSunsU?si=uUL6xGANakyeH7Cn	0:28:44	Youtube	MV	MP4	False	Very goog	AM_012				group A	Uploaded								
1351	STT_AM_AB1349	2	https://docs.google.com/document/d/19xF4xaFjFTRl8tB7gn9PRB4TCBHPER4hlJFl9xI5ex0/edit?usp=sharing	text	https://youtu.be/gnypKenStXQ?si=qWdkcNVK-A_4o1pi	0:43:20	Youtube	MV	MP4	False	Very goog	AM_012				group A	Uploaded								
1352	STT_AM_AB1350	3	https://docs.google.com/document/d/1AlJb9p7ijaU2VYeOIZsPIoei4bQJpy243ZRB23Gqvns/edit?usp=sharing	text	https://youtu.be/oSd7AZQl4t8?si=X0WTPX6GjfdJVF4F	0:22:10	Youtube	MV	MP4	False	Very goog	AM_012				group A	Uploaded								
1353	STT_AM_AB1351	4	https://docs.google.com/document/d/1JgNb-nMU0rEd5egIwMtPMCFYODjpEGXYWjMkZ6i00lg/edit?usp=sharing	text	https://youtu.be/DmPdttpjqMo?si=hoInSlUVgOY2gw-O	0:30:18	Youtube	MV	MP4	False	Very goog	AM_012				group A	Uploaded								
1354	STT_AM_AB1352	5	https://docs.google.com/document/d/1S06WS-_UCy9D-AGieRLlC2uU0lDez1SD0lQd8E_Dd9g/edit?usp=sharing	text	https://youtu.be/jp2KS0LUjls?si=fIajUGtRQo934XL4	0:28:56	Youtube	MV	MP4	False	Very goog	AM_012				group A	Uploaded								
1355	STT_AM_AB1353		https://docs.google.com/document/d/1wzYg6shV3OVD01EFPphry3uNWmvFp1oGnxYR2rYiMDs/edit?usp=sharing	text	https://drive.google.com/file/d/1UIZc80v58sGVVBT3ixLviOFxeEUvsGMS/view?usp=sharing	0:18:51	Google drive	AB	MP3	False	Very goog	AM_012				group A	Uploaded								
1356	STT_AM_AB1354	26	https://docs.google.com/document/d/1EnF3tbs2zwyAtA9dSiUzHYO-hHYiY63AX6I3uujF5bM/edit?usp=sharing	text	https://drive.google.com/file/d/1t1eOta-W-SL4X74T2M_NyVUoS_0wPg0U/view?usp=sharing	0:27:14	Google drive	AB	MP3	False	Very goog	AM_012				group A	Uploaded								
1357	STT_AM_AB1355	27	https://docs.google.com/document/d/1ZOo86kRFAYeT0xpUhm4yCHRSvy7Fl0bqjVfC383VGYQ/edit?usp=sharing	text	https://drive.google.com/file/d/1XiarmuPAafaBLo61PwFmOuAybc6B8BJd/view?usp=sharing	0:21:36	Google drive	AB	MP3	False	Very goog	AM_012				group A	Uploaded								
1358	STT_AM_AB1356	28	https://docs.google.com/document/d/1a9CHY4s8AtxnfgnWllb99IJinNpD5ZoWgfjUgappvj0/edit?usp=sharing	text	https://drive.google.com/file/d/1vRujfENxwcS_J2q8oU5TZe9rYvKQnYdy/view?usp=sharing	0:06:46	Google drive	AB	MP3	False	Very goog	AM_012				group A	Uploaded								
1359	STT_AM_AB1357	29	https://docs.google.com/document/d/1u3nbGftHevySv3T45pCph61z5YMguAc4b14plQU-O4I/edit?usp=sharing	text	https://drive.google.com/file/d/1_THWf9tPMEQdgNrzuuieU9GVPj64ovdH/view?usp=sharing	0:16:31	Google drive	AB	MP3	False	Very goog	AM_012				group A	Uploaded								
1360	STT_AM_AB1358	30	https://docs.google.com/document/d/1lXKiRdsbc2EHrquA4Lc1K8XlBqeTM5wcj51dYuBKhgQ/edit?usp=sharing	text	https://drive.google.com/file/d/1UB1thvo3toh8yxUMbD2a6tbmGFf0FVfu/view?usp=sharing	0:25:24	Google drive	AB	MP3	False	Very goog	AM_012				group A	Uploaded								
1361	STT_AM_AB1359	31	https://docs.google.com/document/d/1V3Lg65ZBHxxDhORJVD2nlrq6I6y3ZTvjOd9OAPfJoDY/edit?usp=sharing	text	https://drive.google.com/file/d/1SEQe2-xOlzat2BTYMveunkDvnl6KIQca/view?usp=sharing	0:29:13	Google drive	AB	MP3	False	Very goog	AM_012				group A	Uploaded								
1362	STT_AM_AB1360	32	https://docs.google.com/document/d/1OIAp23EJQ_z5hU1YeyjYYK5Mr3mGj45mEx5_28kQnVg/edit?usp=sharing	text	https://drive.google.com/file/d/18i1-L1O1xo1akhN9eUBiWXk4cz3Yy5qy/view?usp=sharing	0:17:15	Google drive	AB	MP3	False	Very goog	AM_012				group A	Uploaded								
1363	STT_AM_AB1361	33	https://docs.google.com/document/d/1p-T4hUx2SgHLmiTk7XXZ8soWtKOtjCLqK64p-VYd37U/edit?usp=sharing	text	https://drive.google.com/file/d/1KCWjalPUHY2o_vysEhqqHy5SDWnYJ63V/view?usp=sharing	0:21:50	Google drive	AB	MP3	False	Very goog	AM_012				group A	Uploaded								
1364	STT_AM_AB1362	34	https://docs.google.com/document/d/1aNm9OpeGPvHF0s_cXrZjIMnV0tVWDK7toOj586PLCJY/edit?usp=sharing	text	https://drive.google.com/file/d/1VlzIykAozGhHpD0Qgbcjul9qy6tODyYn/view?usp=sharing	0:27:56	Google drive	AB	MP3	False	Very goog	AM_012				group A	Uploaded								
1365	STT_AM_AB1363	35	https://docs.google.com/document/d/1CP_lTaRC2Zg9Eze9tGSJjHmGGlM_LG4vxr4AvFrXJGY/edit?usp=sharing	text	https://drive.google.com/file/d/1-ONxd2Cak8NqnOa0SGYfvIuxfGYgT4Sq/view?usp=sharing	0:26:14	Google drive	AB	MP3	False	Very goog	AM_012				group A	Uploaded								
1366	STT_AM_AB1364	36	https://docs.google.com/document/d/1Ex9w5T65zok3Mt8Pna9jiQBH5z69tlI1DV7u892l3GQ/edit?usp=sharing	text	https://drive.google.com/file/d/1KRI74OikmcEk9QPFRK9Oe5skwPJnBx_Z/view?usp=sharing	0:47:31	Google drive	AB	MP3	False	Very goog	AM_012				group A	Uploaded								
1367	STT_AM_AB1365		https://docs.google.com/document/d/1_vA8l9lPwcEE9aFB8m3hZyDqPOq7qCbGeAc9E6pDUEU/edit?usp=sharing	text	https://drive.google.com/file/d/1_mI4YJILqGqNYH6Nd194B9bnuYzbIHVL/view?usp=sharing	0:16:56	Google drive	AB	MP3	False	Very goog	AM_012				group A	Uploaded								
1368	STT_AM_AB1366	2	https://docs.google.com/document/d/1-HfoXI0FE8jcsWpWBMOC20OvcYikXcSmvtPbRqvblyY/edit?usp=sharing	text	https://drive.google.com/file/d/1AalovfNBzGH3Ah7kh_rjBzzrvpnf8Yj2/view?usp=sharing	0:22:25	Google drive	AB	MP3	False	Very goog	AM_012				group A	Uploaded								
1369	STT_AM_AB1367	3	https://docs.google.com/document/d/1tc7te7QoZ0kRjtIjzxmWRWCbJ5-u5pY1ArG0YgQcnzE/edit?usp=sharing	text	https://drive.google.com/file/d/1udn0yhV3yzcvle7PdflqkrcsBT5H_B8O/view?usp=sharing	0:25:36	Google drive	AB	MP3	False	Very goog	AM_012				group A	Uploaded								
1370	STT_AM_AB1368	4	https://docs.google.com/document/d/1DBrrkgGnuBEZ1Z8t51b5kNGUYf_8h49JfIg_u2Ps4kM/edit?usp=sharing	text	https://drive.google.com/file/d/1-aERWPzkcjhbdwSQD-1paQnscYEHn-8Y/view?usp=sharing	0:07:16	Google drive	AB	MP3	False	Very goog	AM_012				group A	Uploaded								
1371	STT_AM_AB1369		https://docs.google.com/document/d/1lyN6GWJub6QTHwC_hIUxpFWLxszlExEsN5G2Jx0705I/edit?usp=sharing	text	https://youtu.be/skg8E50Ciso?si=4K6ROIon26tKETPU	0:46:18	Youtube	MV	MP4	False	Very goog	AM_012				group A	Uploaded								
1372	STT_AM_AB1370	7	https://docs.google.com/document/d/1An5NQqtS1q_x9g9lBI4hgdSbaxCDK0Bs_XvUxRAVH30/edit?usp=sharing	text	https://youtu.be/2w-SngkeEKc?si=y6r7Xhfd9qYsWIX2	0:35:01	Youtube	MV	MP4	False	Very goog	AM_012				group A	Uploaded								
1373	STT_AM_AB1371	8	https://docs.google.com/document/d/1m7-QAy8c54Mv2FgmmlOHxP6OH5Rv7ugQroxmH_wTfVY/edit?usp=sharing	text	https://youtu.be/eqHN8HkYl8k?si=dAiXC5oaVwuMPyz1	0:33:29	Youtube	MV	MP4	False	Very goog	AM_012				group A	Uploaded								
1374	STT_AM_AB1372	9	https://docs.google.com/document/d/1d90n1Bx4fegh12GMfnd9l9Eq4SoUFCH28kNlLTfOBMM/edit?usp=sharing	text	https://youtu.be/xqvbVLoY28s?si=oZBbRzmGsnOROUjK	0:35:15	Youtube	MV	MP4	False	Very goog	AM_012				group A	Uploaded								
1375	STT_AM_AB1373	10	https://docs.google.com/document/d/1TyTnnh3J8H_RFeEIh_twdJUAwN-O8tkja7qsgyZ__k4/edit?usp=sharing	text	https://youtu.be/YVnixaIQGlo?si=3JTcnlUyHlUaZBfc	0:37:30	Youtube	MV	MP4	False	Very goog	AM_012				group A	Uploaded								
1376	STT_AM_AB1374		https://docs.google.com/document/d/1DLCsJmFTqXo5tplbLTZdquHPqA-WQUt-Dn6VQDGYyCs/edit?usp=sharing	text	https://youtu.be/kV-R52ZasPY?si=p4eSoF8RAIm09HrI	0:28:06	Youtube	MV	MP4	False	Very goog	AM_012				group A	Uploaded								
1377	STT_AM_AB1375	2	https://docs.google.com/document/d/1h2JTXsF62iKIf4ngvSXLvz47fjIjJ0oRckQTaZuhjUg/edit?usp=sharing	text	https://youtu.be/35xBchYbN80?si=f84XdI6PJ-7ul_hD	0:39:29	Youtube	MV	MP4	False	Very goog	AM_012				group A	Uploaded								
1378	STT_AM_AB1376	3	https://docs.google.com/document/d/1EPeVveF_6_8e6G-y8Ou2uPBkKuLu_GUhcOCEfskug7o/edit?usp=sharing	text	https://youtu.be/eeqDBKVCsc8?si=IhQpAEAu32EFp2kV	0:46:31	Youtube	MV	MP4	False	Very goog	AM_012				group A	Uploaded								
1379	STT_AM_AB1377	4	https://docs.google.com/document/d/1ZQ9qQnIOi3NGOOzUIR0LvmVMbaxb03GIOiX-GkdNUq4/edit?usp=sharing	text	https://youtu.be/dlOhAHcod_8?si=G_X4Hm7ucIetYJmj	0:27:33	Youtube	MV	MP4	False	Very goog	AM_012				group A	Uploaded								
1380	STT_AM_AB1378		https://docs.google.com/document/d/1J9BxfhZJHuXHtllkvd0HhPSpr51yXM2-l94PMHYJhzw/edit?usp=sharing	text	https://drive.google.com/file/d/19nYCzHR8qGJR_RLldq6JsqsWyELD4jrX/view?usp=sharing	0:16:03	Google drive	AB	MP3	False	Very goog	AM_012				group A	Uploaded								
1381	STT_AM_AB1379	2	https://docs.google.com/document/d/1g6Fl3R-rw44DBkhHWcWYJxg0vYMf_pKTXhDKjC4BILo/edit?usp=sharing	text	https://drive.google.com/file/d/1YuO8tGIwQ5VgzofPAuQ-YGewGBpn22gz/view?usp=sharing	0:38:21	Google drive	AB	MP3	False	Very goog	AM_012				group A	Uploaded								
1382	STT_AM_AB1380	3	https://docs.google.com/document/d/1xQLu4E6a9nljPJGLO9JymzCTxOYR58HdSv3ApHPmP68/edit?usp=sharing	text	https://drive.google.com/file/d/1Qzx6MwA7T67JH2seMVMEUt_4knLaaiDc/view?usp=sharing	0:08:41	Google drive	AB	MP3	False	Very goog	AM_012				group A	Uploaded								
1383	STT_AM_AB1381	4	https://docs.google.com/document/d/1IcPRznrfeHhBUHwazqTW6cdIILfl1mksnILD0byAcRw/edit?usp=sharing	text	https://drive.google.com/file/d/1t4JyYsk2wcMmWOkkWliFMfDyB9pKC1PW/view?usp=sharing	0:28:24	Google drive	AB	MP3	False	Very goog	AM_012				group A	Uploaded								
1384	STT_AM_AB1382	5	https://docs.google.com/document/d/1SyNQs2t010yEHnMiGj7LhacEpjndF7NLb0hasE55s9w/edit?usp=sharing	text	https://drive.google.com/file/d/18uSG6Sm7bt_VX7qZjgU7H_7rxZLSa6VH/view?usp=sharing	0:16:54	Google drive	AB	MP3	False	Very goog	AM_012				group A	Uploaded								
1385	STT_AM_AB1383	6	https://docs.google.com/document/d/1sDXFdzV8yRItIWfR5F4MTahX8QvtkMJZJ75vc6FszE0/edit?usp=sharing	text	https://drive.google.com/file/d/1x7waoSVpVqQsfRCTValnetmDVA-64U0t/view?usp=sharing	0:27:50	Google drive	AB	MP3	False	Very goog	AM_012				group A	Uploaded								
1386	STT_AM_AB1384	7	https://docs.google.com/document/d/1zK2HzGKIw61NQHf6Z2CFkf4c4CoGFj42Mp3LamtidUo/edit?usp=sharing	text	https://drive.google.com/file/d/1e3bH9NoBE4PnN2aLHAMADE4e3r4XuLzH/view?usp=sharing	0:33:25	Google drive	AB	MP3	False	Very goog	AM_012				group A	Uploaded								
1387	STT_AM_AB1385	8	https://docs.google.com/document/d/1Q8vjBLc3HtQy2FEbFyOeMeeq80f4N6Bn9xgrcJ3PQhQ/edit?usp=sharing	text	https://drive.google.com/file/d/1H2QxBjPaAuzP_MczHZi40GotQ3lj5cAe/view?usp=sharing	0:30:52	Google drive	AB	MP3	False	Very goog	AM_012				group A	Uploaded								
1388	STT_AM_AB1386	9	https://docs.google.com/document/d/12wlK8bMVPVfGVwJWyTlYSRwuUoXqefDTm8mkbyiRQN4/edit?usp=sharing	text	https://drive.google.com/file/d/1eqrUbgLouoq4w2kQCgCa4pf1wVjvUVEJ/view?usp=sharing	0:26:34	Google drive	AB	MP3	False	Very goog	AM_012				group A	Uploaded								
1389	STT_AM_AB1387	10	https://docs.google.com/document/d/1V1n-n9AqG20Mgm7f48YiVEwtdHGYU_RDDm_YOS8Jz1w/edit?usp=sharing	text	https://drive.google.com/file/d/1g-CUG6qvM16h-G86at8MtGIfIrO0kaqQ/view?usp=sharing	0:27:00	Google drive	AB	MP3	False	Very goog	AM_012				group A	Uploaded								
1390	STT_AM_AB1388	11	https://docs.google.com/document/d/1qmzJFrNY8BvVMiweMxHkwQ_OeCI_DqRXqqycjdbqQbY/edit?usp=sharing	text	https://drive.google.com/file/d/1pWTsFfBu5YZTxH16fbP6PJ7VZL0k5yyT/view?usp=sharing	0:21:38	Google drive	AB	MP3	False	Very goog	AM_012				group A	Uploaded	25/05/2026							
1391	STT_AM_AB1389	12	https://docs.google.com/document/d/1QG6EOxt31HyVfYXvTLTAp5RSBxf9nksu1N_Z4M6-hEc/edit?usp=sharing	text	https://drive.google.com/file/d/1z1kdnk-INtuAHBuOoxnUwevwf-EBbxIZ/view?usp=sharing	0:20:53	Google drive	AB	MP3	False	Very goog	AM_012				group A	Uploaded								
1392	STT_AM_AB1390	13	https://docs.google.com/document/d/1h5s_BB4ueQWsv2tvf0wEBuN11PSmyaZ_E49pQGaIf_I/edit?usp=sharing	text	https://drive.google.com/file/d/1pPkhmg-U5bKog2r45KKfHo5NwnNGkSaM/view?usp=sharing	0:04:18	Google drive	AB	MP3	False	Very goog	AM_012				group A	Uploaded								
1393	STT_AM_AB1391	14	https://docs.google.com/document/d/1O2Z_Djh7K4tE2FpdVg6lzZWh_2cakgyl1hVmZvFGOQ8/edit?usp=sharing	text	https://drive.google.com/file/d/1mBpobyS14UT3FDfaAhw9J3dgutwSgL9z/view?usp=sharing	0:35:24	Google drive	AB	MP3	False	Very goog	AM_012				group A	Uploaded								
1394	STT_AM_AB1392	15	https://docs.google.com/document/d/12Kr2ySHoh4J_KFOf9VvnhkA9kzZudh_OOYRbj4Zu2a0/edit?usp=sharing	text	https://drive.google.com/file/d/1ibmA3JzTUej2eFbYLzNuFKQCvBLAEZyF/view?usp=sharing	0:37:39	Google drive	AB	MP3	False	Very goog	AM_012				group A	Uploaded								
1395	STT_AM_AB1393	16	https://docs.google.com/document/d/1DsOrkVNPhMnvj7NGsj4EGMTIQmEqW301de6qc3gglG8/edit?usp=sharing	text	https://drive.google.com/file/d/1y14yxmOCTzQy_eakP46Q87GP-C_gPSlF/view?usp=sharing	0:05:54	Google drive	AB	MP3	False	Very goog	AM_012				group A	Uploaded								
1396	STT_AM_AB1394	17	https://docs.google.com/document/d/16DNx20T8dK-6ITH7pk1NPMRQ8-9jOvdF2EzwUFFwnCY/edit?usp=sharing	text	https://drive.google.com/file/d/1L_O3rplhyiXfsPvwViOxhD1cgTWqc9-l/view?usp=sharing	0:33:08	Google drive	AB	MP3	False	Very goog	AM_012				group A	Uploaded								
1397	STT_AM_AB1395	18	https://docs.google.com/document/d/1Kmxtb7k11YlRdAvcFrMjzHLa3y_ulvWM1z8zmniVsr0/edit?usp=sharing	text	https://drive.google.com/file/d/1IrkMP1gfINJKv3qWd9Ts7bojlmDA8TD1/view?usp=sharing	0:09:32	Google drive	AB	MP3	False	Very goog	AM_012				group A	Uploaded								
1398	STT_AM_AB1396	19	https://docs.google.com/document/d/1VtSanbBzlKAUevG5QmLpJZ2S75Js6dcHVZ0kPnigE6M/edit?usp=sharing	text	https://drive.google.com/file/d/1__5FYpkXLPdMzZZCS8lLiwkz_Pf32Ocb/view?usp=sharing	0:09:32	Google drive	AB	MP3	False	Very goog	AM_012				group A	Uploaded								
1399	STT_AM_AB1397	20	https://docs.google.com/document/d/1yJ946pvo1s4b05r6GOyqDsCRMcHIN99jPWtF_74IFJQ/edit?usp=sharing	text	https://drive.google.com/file/d/1eLZJRVZpf0ZtyiQIV7QnvVnIKrk_NC1q/view?usp=sharing	0:22:04	Google drive	AB	MP3	False	Very goog	AM_012				group A	Uploaded								
1400	STT_AM_AB1398	21	https://docs.google.com/document/d/1RX2RIHDTJbH_rmVNfYsk9Af6Q4jzGKqUcvZh-OsOyOM/edit?usp=sharing	text	https://drive.google.com/file/d/1SYh52EmfiLzndvhs1LCpPk1vgDna5RAL/view?usp=sharing	0:05:20	Google drive	AB	MP3	False	Very goog	AM_012				group A	Uploaded								
1401	STT_AM_AB1399	22	https://docs.google.com/document/d/1LIxiCmdZ3vckM3Z5eiO71zS3REyohR2j5z8l0Q-J-WY/edit?usp=sharing	text	https://drive.google.com/file/d/17VbCy2cwfyhE7Pfdnf1ciSd4G4GkC4dr/view?usp=sharing	0:02:10	Google drive	AB	MP3	False	Very goog	AM_012				group A	Uploaded								
1402	STT_AM_AB1400	23	https://docs.google.com/document/d/1bi_OUFMZwu1lmp9NUuAtvbnulOXYiZpc3BldLUKypWQ/edit?usp=sharing	text	https://drive.google.com/file/d/1vAUfXHDRRoTwgn3zb75U6DjAqnmh61HS/view?usp=sharing	0:02:45	Google drive	AB	MP3	False	Very goog	AM_012				group A	Uploaded								
1403	STT_AM_AB1401		https://docs.google.com/document/d/1KU4qRukmx2B5zkKh1kflXv7uFur4PzouYIFR_VKYeOk/edit?usp=sharing	text	https://youtu.be/nhp2cDX6NzI?si=SBW9Cyc04XPOxkXF	0:27:30	Youtube	MV	MP4	False	Very goog	AM_012				group A	Uploaded								
1404	STT_AM_AB1402	6	https://docs.google.com/document/d/1I1_v0Wc_IpbLomS5bTqNNPpoY1LkHQf-xKZYINYADrs/edit?usp=sharing	text	https://youtu.be/pScB5xsuA7k?si=Dam-9GoFhKlk5z23	0:36:38	Youtube	MV	MP4	False	Very goog	AM_012				group A	Uploaded								
1405	STT_AM_AB1403	7	https://docs.google.com/document/d/1Xl58gwdEeht9SBLT5Jnky8V4jgsSes6iAY_C_LBIiK0/edit?usp=sharing	text	https://youtu.be/93SlzpvSgfs?si=HLnzCAx54OxlkM32	0:37:57	Youtube	MV	MP4	False	Very goog	AM_012				group A	Uploaded								
1406	STT_AM_AB1404		https://docs.google.com/document/d/1DnLPwdM-PAGBcFbRhQyLw1ZA_80ldAJZYO6oGh-jslE/edit?usp=sharing	text	https://youtu.be/y7z2h_DAvxg?si=4C6FG7IE9xoWBSWt	0:19:25	Youtube	MV	MP4	False	Very goog	AM_012				group A	Uploaded								
1407	STT_AM_AB1405	2	https://docs.google.com/document/d/16hnLJzgLZSh39Gjba0_SOfJm13jsjyvlFZ77wxnRSAE/edit?usp=sharing	text	https://youtu.be/qkxfaCcavIw?si=QXdHdMySfzfRzJ9L	0:36:59	Youtube	MV	MP4	False	Very goog	AM_012				group A	Uploaded								
1408	STT_AM_AB1406	3	https://docs.google.com/document/d/11Hr6znJW1VDBOkJNPRAW6mlMghEI-8MiHHeD03Adyo8/edit?usp=sharing	text	https://youtu.be/ZlA8f82Yr8o?si=ceErE2shpzSmn67Y	0:34:01	Youtube	MV	MP4	False	Very goog	AM_012				group A	Uploaded								
1409	STT_AM_AB1407	4	https://docs.google.com/document/d/19V6S8TsnrjTjiQSlJFqBMmZOH6SWR_ci3FymqQWAAaw/edit?usp=sharing	text	https://youtu.be/ojyBifFsjKA?si=IdCFIHY8Vp-ZqI8J	0:45:05	Youtube	MV	MP4	False	Very goog	AM_012				group A	Uploaded								
1410	STT_AM_AB1408	5	https://docs.google.com/document/d/12OAGq4i81HYRtj7uQ1x3O-xuBJ7gUBINB81YT6j80II/edit?usp=sharing	text	https://youtu.be/XKYJM92n-dQ?si=rS2PULeSm13OGnh9	0:41:55	Youtube	MV	MP4	False	Very goog	AM_012				group A	Uploaded								
1411	STT_AM_AB1409	6	https://docs.google.com/document/d/157_E8ejhesw0DPTgcXLHWUzbJ-SVVIylgL5BZqnkzeE/edit?usp=sharing	text	https://youtu.be/6ZGgWMk6KDU?si=NU7tLGaviS8ZZPIG	0:31:06	Youtube	MV	MP4	False	Very goog	AM_012				group A	Uploaded								
1412	STT_AM_AB1410	7	https://docs.google.com/document/d/1uRXdnaMy2vVv4ztS4wUcWaDlaWXrOBCwluCKxJ53mP8/edit?usp=sharing	text	https://youtu.be/H94mlIekuyQ?si=T-fPxddDfZnMnmM2	0:40:40	Youtube	MV	MP4	False	Very goog	AM_012				group A	Uploaded								
1413	STT_AM_AB1411	8	https://docs.google.com/document/d/1_sFFOjtHJJcm7-g6mKHk07ScxOhgtGQazrD3hf8TP6E/edit?usp=sharing	text	https://youtu.be/e821giMgnpY?si=nUwy64vt9eJPONar	0:43:38	Youtube	MV	MP4	False	Very goog	AM_012				group A	Uploaded								
1414	STT_AM_AB1412	9	https://docs.google.com/document/d/1WoZDrbQTIYJ-Hwm3qb-sx9NMEthj7ADpPqoHBLubycc/edit?usp=sharing	text	https://youtu.be/x_N6sTkegiM?si=nY0LGHd1mOxGc5Lh	0:33:06	Youtube	MV	MP4	False	Very goog	AM_012				group A	Uploaded								
1415	STT_AM_AB1413	10	https://docs.google.com/document/d/158S87PEEwUbEW1nWbqosNJJCdBNP1YqHM7zh8tMIIjU/edit?usp=sharing	text	https://youtu.be/H80KhgKdA-k?si=iy0LuZ03Sbi-qaZT	0:13:57	Youtube	MV	MP4	False	Very goog	AM_012				group A	Uploaded								
1416	STT_AM_AB1414		https://docs.google.com/document/d/1f1FiVX_nGmqKlAdwGg8Ym6QsZP6kQGPX9xz5GfL2eb4/edit?usp=sharing	text	https://drive.google.com/file/d/1n6c2VQ270yKUkPK7dqVCQ5EnLdVwou6r/view?usp=sharing	0:28:03	Google drive	AB	MP3	False	Very goog	AM_012				group A	Uploaded								
1417	STT_AM_AB1415	2	https://docs.google.com/document/d/1JiCvFmIJrVNJN4aMZzKlOEbt3yqUt1AdC2K2nkXODOk/edit?usp=sharing	text	https://drive.google.com/file/d/1pPXmCG1nOzU3EJY5WEZQv72wuamK_dz8/view?usp=sharing	0:27:39	Google drive	AB	MP3	False	Very goog	AM_012				group A	Uploaded								
1418	STT_AM_AB1416	3	https://docs.google.com/document/d/1b1hk_ca3M5KHhlZ_277j8NCn0-6fso-NCM-omkpP-0I/edit?usp=sharing	text	https://drive.google.com/file/d/1fbsWwebNGNx6vUZnH7TtHE0IbaJIX51N/view?usp=sharing	0:20:40	Google drive	AB	MP3	False	Very goog	AM_012				group A	Uploaded								
1419	STT_AM_AB1417	4	https://docs.google.com/document/d/1BzZnPM-keFqEYDU4NpMbk9ZmlEzBged4rHbMS5H68vw/edit?usp=sharing	text	https://drive.google.com/file/d/1rSaH-DCfAkfQZoo2nKFsHrKwaG3W_bOy/view?usp=sharing	0:32:24	Google drive	AB	MP3	False	Very goog	AM_012				group A	Uploaded								
1420	STT_AM_AB1418	5	https://docs.google.com/document/d/1E5nchuHoEO1bLjqq1Q1W3tGIPnOA5VQBfZ53XIYUrb8/edit?usp=sharing	text	https://drive.google.com/file/d/1jlMEWldOmV6ZTDe2bGweEVlAJT1GYTCS/view?usp=sharing	0:28:47	Google drive	AB	MP3	False	Very goog	AM_012				group A	Uploaded								
1421	STT_AM_AB1419	6	https://docs.google.com/document/d/1LjJoAMVKgIgrS0VHWMYEEpeeMb9oQ3YXWaQ50lN7g7M/edit?usp=sharing	text	https://drive.google.com/file/d/1FvkBIwLGFgrofNxWNacLMVz76wyowQ-V/view?usp=sharing	0:26:45	Google drive	AB	MP3	False	Very goog	AM_012				group A	Uploaded								
1422	STT_AM_AB1420	7	https://docs.google.com/document/d/1Bt5D-AQlYHGF49_DE23Sue6W40oxvvx_yS64cAeGWac/edit?usp=sharing	text	https://drive.google.com/file/d/10l0soJc13XjgCtXOqjcSujG-FW5fwEZQ/view?usp=sharing	0:23:11	Google drive	AB	MP3	False	Very goog	AM_012				group A	Uploaded								
1423	STT_AM_AB1421	8	https://docs.google.com/document/d/1UQvwuVa1bCqCMUIRVhalSIBktgYrzY7IS9QeAG-mHeQ/edit?usp=sharing	text	https://drive.google.com/file/d/1fA6XjivECbGz86McRdWi4v3MtAhA1qkT/view?usp=sharing	0:28:22	Google drive	AB	MP3	False	Very goog	AM_012				group A	Uploaded								
1424	STT_AM_AB1422	9	https://docs.google.com/document/d/185_AfZHkzq7ouKXOX1EBo-pOCreIXvqciFViny1A5tA/edit?usp=sharing	text	https://drive.google.com/file/d/1IPpADtPlADCo2zmK0u9TMDva5siMoZHr/view?usp=sharing	0:47:45	Google drive	AB	MP3	False	Very goog	AM_012				group A	Uploaded								
1425	STT_AM_AB1423	10	https://docs.google.com/document/d/1n11vCskRfdB4ByNap6SH2-O9J3VLX-_LuS5x-rm-H_0/edit?usp=sharing	text	https://drive.google.com/file/d/1HNCUSOCmGcX6xvTY57wtrEo08fKMcsPX/view?usp=sharing	0:29:12	Google drive	AB	MP3	False	Very goog	AM_012				group A	Uploaded								
1426	STT_AM_AB1424	11	https://docs.google.com/document/d/1psMCrOT9ud8QGKEZo3RQI-wSGOftPiAxyMP0kNeu0jQ/edit?usp=sharing	text	https://drive.google.com/file/d/1h7vulwjyo3wWHJBhE-gpVEi1LBt2zzEn/view?usp=sharing	0:39:12	Google drive	AB	MP3	False	Very goog	AM_012				group A	Uploaded								
1427	STT_AM_AB1425	12	https://docs.google.com/document/d/1p3wa5RVxnmFoej37rvQxcqKMoQbFiQBtuI7p1fsw81o/edit?usp=sharing	text	https://drive.google.com/file/d/1HOooBNQF4V2OmqpICwrfrp-OI4gp9rdQ/view?usp=sharing	0:28:20	Google drive	AB	MP3	False	Very goog	AM_012				group A	Uploaded								
1428	STT_AM_AB1426	13	https://docs.google.com/document/d/1iZCMtznfBMo_pPjUt8s1Te0TCiUMI4sy5ImOrp3YED8/edit?usp=sharing	text	https://drive.google.com/file/d/1-MRXVWr_JqHpumknceqzWQcBGtIE1BG4/view?usp=sharing	0:22:44	Google drive	AB	MP3	False	Very goog	AM_012				group A	Uploaded								
1429	STT_AM_AB1427	14	https://docs.google.com/document/d/16fNs00GzaOi_aQfBsRJ69196xHDdQOL6MJPaMl_aoaY/edit?usp=sharing	text	https://drive.google.com/file/d/1rzmCMWPqhTVU-IAJ6l1C92nZbgBgJeub/view?usp=sharing	0:21:42	Google drive	AB	MP3	False	Very goog	AM_012				group A	Uploaded								
1430	STT_AM_AB1428	15	https://docs.google.com/document/d/1eXb3KEnhF-k61qG3fNL-936RKjkGbHV7veCensIoKPQ/edit?usp=sharing	text	https://drive.google.com/file/d/1DAnwbGIqpcSja83KnijjJufCM12qKhDl/view?usp=sharing	0:14:06	Google drive	AB	MP3	False	Very goog	AM_012				group A	Uploaded								
1431	STT_AM_AB1429	16	https://docs.google.com/document/d/13SAenKtYA5gYbvQcOnfP0rPm4obtyr4WcJj20fwvqt0/edit?usp=sharing	text	https://drive.google.com/file/d/1ZQiZcqtba0-oR4BAlOGd7q1_Z9JCbSTU/view?usp=sharing	0:15:24	Google drive	AB	MP3	False	Very goog	AM_012				group A	Uploaded								
1432	STT_AM_AB1430	17	https://docs.google.com/document/d/1VFwoKW99o7z9y6Um6NYg-sepyijvRVVqoYwyUAZzI78/edit?usp=sharing	text	https://drive.google.com/file/d/1b9Y6dfwOejWlh2bswjPJNN2H3GbljSsW/view?usp=sharing	0:37:12	Google drive	AB	MP3	False	Very goog	AM_012				group A	Uploaded								
1433	STT_AM_AB1431	18	https://docs.google.com/document/d/1F4wt_d-DIuvNuKZ8q576Hx7shyXvi4ntjH0nqG1VQx0/edit?usp=sharing	text	https://drive.google.com/file/d/1jsVLjJi9M0ne1_g_J7U4W_QD0o2yKC-n/view?usp=sharing	0:27:08	Google drive	AB	MP3	False	Very goog	AM_012				group A	Uploaded								
1434	STT_AM_AB1432	19	https://docs.google.com/document/d/1-ospyt_ihV9CM0n_Xy6CHxAhCYYaNhesh9RC7v2Mywk/edit?usp=sharing	text	https://drive.google.com/file/d/1VGOEz28EQ0h1MEEOcZq9yonDvGkWYe-W/view?usp=sharing	0:11:27	Google drive	AB	MP3	False	Very goog	AM_012				group A	Uploaded								
1435	STT_AM_AB1433	20	https://docs.google.com/document/d/1-xvG9DdrYJL7uyjDpO0F7J0_yzbViZQoBC8vlZi2TBI/edit?usp=sharing	text	https://drive.google.com/file/d/1NhacDlwWRQrV_Oatef-7XqGZ9SAMP2Yj/view?usp=sharing	0:14:21	Google drive	AB	MP4	False	Very goog	AM_012				group A	Uploaded								
1436	STT_AM_AB1434	21	https://docs.google.com/document/d/1FQDqY2PqFL5g9cmU-8FeUJi76GBO5KfhqmK19HUfzvA/edit?usp=sharing	text	https://drive.google.com/file/d/1AyvrUWyOL5l-YqPoYeaoMl-4wTbvOA-l/view?usp=sharing	0:22:56	Google drive	AB	MP5	False	Very goog	AM_012				group A	Uploaded								
1437	STT_AM_AB1435	22	https://docs.google.com/document/d/1VsZoAqaM4L_QrIAKokzG7zd2y8UINjN2S9A4jf4JgHM/edit?usp=sharing	text	https://drive.google.com/file/d/1BkyvHOnz6NAHrZADg-MSROftcSk3uNSh/view?usp=sharing	0:22:41	Google drive	AB	MP6	False	Very goog	AM_012				group A	Uploaded								
1438	STT_AM_AB1436	23	https://docs.google.com/document/d/1rgsbAkiZfyJ2bCICf1hXVB_yVcEkZBDTCTXE6Qg5CM0/edit?usp=sharing	text	https://drive.google.com/file/d/1VfPcr7hmTMjs8_hEVXO5ZB4TPfZwQgn-/view?usp=sharing	0:29:19	Google drive	AB	MP7	False	Very goog	AM_012				group A	Uploaded								
1439	STT_AM_AB1437	24	https://docs.google.com/document/d/1mc_skLlUKd8IcNM498_9EgJp8x7M9NS5cnso1Irs9Qo/edit?usp=sharing	text	https://drive.google.com/file/d/1RzSkM8xUAGZigDv7pww38Yd1AWvCnS1e/view?usp=sharing	0:38:50	Google drive	AB	MP8	False	Very goog	AM_012				group A	Uploaded								
1440	STT_AM_AB1438		https://docs.google.com/document/d/1BuleLqHVWGEddlnRPpC1EOOYnN6XCqb8qXRcDF6cv-0/edit?usp=sharing	text	https://youtu.be/2qVR__3EljY?si=j1ugaO3ormWWnwYu	0:48:01	Youtube	MV	MP4	False	Very goog	AM_012				group A	Uploaded								
1441	STT_AM_AB1439	2	https://docs.google.com/document/d/16t0Bw40hLc9aFHmDEZK2K48TjJE99hee8oNgFbFb6-Q/edit?usp=sharing	text	https://youtu.be/WlZRLKkEy8o?si=ldfMD8HmjQD8nMYc	0:48:02	Youtube	MV	MP4	False	Very goog	AM_012				group A	Uploaded								
1442	STT_AM_AB1440		https://docs.google.com/document/d/1wjh56f0eJ12wYTV5PucFDvdNd0LbJUmQ1hokAH3TGXM/edit?usp=sharing	text	https://youtu.be/xzDFosHoKQQ?si=-odiDp_iircSaVTi	0:55:05	Youtube	MV	MP4	False	Very goog	AM_012				group A	Uploaded								
1443	STT_AM_AB1441	2	https://docs.google.com/document/d/1jWPgA_gJm0FUyMFeqbaDKSn57Y5U7e2jtUEnJKRBhpc/edit?usp=sharing	text	https://youtu.be/GF8XCuNmlJ4?si=kjFmlTPslqnSc9Nf	0:21:28	Youtube	MV	MP4	False	Very goog	AM_012				group A	Uploaded								
1444	STT_AM_AB1442	3	https://docs.google.com/document/d/1j0cSMmFgrMisDWjxQMDb75dUo_fVw9y86s-dk7TlCAM/edit?usp=sharing	text	https://youtu.be/debmwUGc_Vg?si=cT5tnCySzXPa6jR9	0:41:04	Youtube	MV	MP4	False	Very goog	AM_012				group A	Uploaded								
1445	STT_AM_AB1443	4	https://docs.google.com/document/d/13mTaySV7NpDYUIAZGyTqn4pSPNL3qhUtO6pMbnj7tXI/edit?usp=sharing	text	https://youtu.be/ozWvKCDgFZg?si=cGF9LD9sZXrlUx1r	1:00:34	Youtube	MV	MP4	False	GOOD	AM_012				group A	Uploaded								
1446	STT_AM_AB1444		https://docs.google.com/document/d/1dQk_RZY7bDmP0pLr-MoqnBrIvoXjBR9vom67_8uCe0w/edit?usp=sharing	text	https://drive.google.com/file/d/1yvBnOTEP55QteF1Jiyyxr1tRtDwax7EM/view?usp=sharing	0:44:28	Google drive	AB	MP4	False	GOOD	AM_013				group A	Uploaded								
1447	STT_AM_AB1445	2	https://docs.google.com/document/d/1RfeRo1jFPSGVKuy39hzmOzt4rbvTeUf0g35gR1itIEE/edit?usp=sharing	text	https://drive.google.com/file/d/1j7zmUgX8ykAxmnhhxzi38gGjiEQjzM3y/view?usp=sharing	1:01:32	Google drive	AB	MP4	False	GOOD	AM_013				group A	Uploaded								
1448	STT_AM_AB1446	3	https://docs.google.com/document/d/1LtepysaCKfD1KaAupdJfj6dAelywJCnkCA83oH2kE-A/edit?usp=sharing	text	https://drive.google.com/file/d/1RHzWNLCSz8jcGB74ElxJ92d2ny-CbJlA/view?usp=sharing	0:49:48	Google drive	AB	MP4	False	GOOD	AM_013				group A	Uploaded								
1449	STT_AM_AB1447	4	https://docs.google.com/document/d/1I2r3kRTbkUSasQVT0UF654snZU-cC8q9QoemGFFJJx0/edit?usp=sharing	text	https://drive.google.com/file/d/1YWoP84nBmM6gzC8STSd4Ys6QUTlfOjTt/view?usp=sharing	0:57:36	Google drive	AB	MP4	False	GOOD	AM_013				group A	Uploaded								
1450	STT_AM_AB1448	5	https://docs.google.com/document/d/1gsyPUdftBkWZcy2pAtgEJ9m4DBkKhDO9LTmrjd4dLTo/edit?usp=sharing	text	https://drive.google.com/file/d/1gpOhaffYgIdnZNJU7LIUsrPIsK-1mU0g/view?usp=sharing	1:03:29	Google drive	AB	MP4	False	GOOD	AM_013				group A	Uploaded								
1451	STT_AM_AB1449	6	https://docs.google.com/document/d/1jP5mwaOjBaqz8eRv93HR5kufOIGVR-6ekQ1fow2t75s/edit?usp=sharing	text	https://drive.google.com/file/d/1zqbGypk8bOg1gx5cm2uEDdLNmuZHYSan/view?usp=sharing	0:59:37	Google drive	AB	MP4	False	GOOD	AM_013				group A	Uploaded								
1452	STT_AM_AB1450	7	https://docs.google.com/document/d/1dkfcJwT6Zn4OkcJPNAsMG3J85baIJjA2jTjqixMpag0/edit?usp=sharing	text	https://drive.google.com/file/d/1Ai8txt9eYrnaIu2oGGa_dus9JIk_QxQ9/view?usp=sharing	0:43:54	Google drive	AB	MP4	False	GOOD	AM_013				group A	Uploaded								
1453	STT_AM_AB1451	8	https://docs.google.com/document/d/19EkRodsheAW_Cd-LPMAnJ9iR7jO02KxgfE50_0qZaq8/edit?usp=sharing	text	https://drive.google.com/file/d/18UuMlGLt7fkqcGLGUeknHx-ze8emZ6oo/view?usp=sharing	1:24:40	Google drive	AB	MP4	False	GOOD	AM_013				group A	Uploaded								
1454	STT_AM_AB1452	9	https://docs.google.com/document/d/1L1mtDnpE8rvSCDX2vvTC0iRpBzefcNeyj_cEtsCGmRM/edit?usp=sharing	text	https://drive.google.com/file/d/1rNvFeotY2owaLoBT310W7scZtWcZrzea/view?usp=sharing	0:23:46	Google drive	AB	MP4	False	GOOD	AM_013				group A	Uploaded								
1455	STT_AM_AB1453	10	https://docs.google.com/document/d/19swwTZwlixFTZoUE6sZ_t5jfFNUdd85g2N4CW97p5Cg/edit?usp=sharing	text	https://drive.google.com/file/d/1fVE9XXaUXfb9W0RVEReIIEGKo_g3reAM/view?usp=sharing	0:50:36	Google drive	AB	MP4	False	GOOD	AM_013				group A	Uploaded								
1456	STT_AM_AB1454	11	https://docs.google.com/document/d/1FAx35yJj7pXpcWtpmfdq68HjW20-GmkM4e_8qLk7xTE/edit?usp=sharing	text	https://drive.google.com/file/d/1oID1UTv8GgEwUITrYKhsMVj-5kVMwXe1/view?usp=sharing	0:47:47	Google drive	AB	MP4	False	GOOD	AM_013				group A	Uploaded								
1457	STT_AM_AB1455	12	https://docs.google.com/document/d/1GMLSG0LJVpq1qJO7mciOVw1LeUoX-x-9-h9oPyBQobc/edit?usp=sharing	text	https://drive.google.com/file/d/16mx9TBVTYLQ1twhB4A9YY9IRSj3_VYar/view?usp=sharing	1:01:23	Google drive	AB	MP4	False	GOOD	AM_013				group A	Uploaded								
1458	STT_AM_AB1456	13	https://docs.google.com/document/d/18gZkEoK-vbo_1zFvDwJrbS_9Ung5vbrQPQVb5zGxaj8/edit?usp=sharing	text	https://drive.google.com/file/d/10torardymFkQRXPYHL-2s6TCZz2BJGRY/view?usp=sharing	1:05:19	Google drive	AB	MP4	False	GOOD	AM_013				group A	Uploaded								
1459	STT_AM_AB1457	14	https://docs.google.com/document/d/1mp1OE16Ah_MGcWZQPDJ45YiqNlaIFI9k31vhOAhHavc/edit?usp=sharing	text	https://drive.google.com/file/d/15uxSFc6I93vjJBSguLmfYVOAFhMwuiRC/view?usp=sharing	1:16:48	Google drive	AB	MP4	False	GOOD	AM_013				group A	Uploaded								
1460	STT_AM_AB1458	15	https://docs.google.com/document/d/1Ck9pVG2T3VlCWfpiXsaa3FhDNIM3YtaG1-XjZ1wwhcg/edit?usp=sharing	text	https://drive.google.com/file/d/1dvmXikEsoRx6yhIdTemlfzr1QNhgezQ8/view?usp=sharing	0:55:34	Google drive	AB	MP4	False	GOOD	AM_013				group A	Uploaded								
1461	STT_AM_AB1459	16	https://docs.google.com/document/d/1ETke1qN4apHWT534OxcJNjWAiZw-XsISpVxOiWpDuYc/edit?usp=sharing	text	https://drive.google.com/file/d/1eGar-4yVC-CMNYldV0ewy31MAIUiTNHF/view?usp=sharing	1:04:27	Google drive	AB	MP4	False	GOOD	AM_013				group A	Uploaded								
1462	STT_AM_AB1460	17	https://docs.google.com/document/d/1bKauTYOUXLKqGX1gupAm8n_L2YSPiCQXb3pOluyTd10/edit?usp=sharing	text	https://drive.google.com/file/d/1wG4VCYTZi76HowscY4VMxu6tX4tm5nZe/view?usp=sharing	1:03:45	Google drive	AB	MP4	False	GOOD	AM_013				group A	Uploaded								
1463	STT_AM_AB1461	18	https://docs.google.com/document/d/129_7COl7ObOZeWIcMdyznxqO8f3fiAIjsyh8C_M5ALg/edit?usp=sharing	text	https://drive.google.com/file/d/13eBnhYVX8LdNxYtQ4mwxS5emLtrMlOnk/view?usp=sharing	1:06:27	Google drive	AB	MP4	False	GOOD	AM_013				group A	Uploaded								
1464	STT_AM_AB1462	19	https://docs.google.com/document/d/1E07Qk0d0YBBebz6qwJXvxw5yM7eqWix2zxLfFgmfw5U/edit?usp=sharing	text	https://drive.google.com/file/d/1eNIZQ24xL_W9DnwwvZDtKyaWO5ZROkYO/view?usp=sharing	1:27:41	Google drive	AB	MP4	False	GOOD	AM_013				group A	Uploaded								
1465	STT_AM_AB1463	20	https://docs.google.com/document/d/10CKzq3rDcBP19Dlpp9Z7culyvIXlpA2crOv0YPypjXo/edit?usp=sharing	text	https://drive.google.com/file/d/1Qarbk7sPatBNnmOkoZRy9OPDJYbSFSGS/view?usp=sharing	0:06:50	Google drive	AB	MP4	False	GOOD	AM_013				group A	Uploaded								
1466	STT_AM_AB1464	21	https://docs.google.com/document/d/1mkl4mHk2MqEvEFOHYIXSwtbJz7o8khTmMexQT9i-ttg/edit?usp=sharing	text	https://drive.google.com/file/d/1KwRx0fGGjWU0_zRHxphbZGMLPdwZkp1R/view?usp=sharing	0:04:38	Google drive	AB	MP4	False	GOOD	AM_013				group A	Uploaded								
1467	STT_AM_AB1465		https://docs.google.com/document/d/1Mm7O1P4QiMbphagFZEH3QDdpJrx-sYRRJRUXNKkuxLI/edit?usp=sharing	text	https://drive.google.com/file/d/1QNbH1NNAjk9mhFGPQyOG4AHaTJzIzN53/view?usp=sharing	0:31:18	Google drive	AB	MP3	False	Very goog	AM_012				group A	Uploaded								
1468	STT_AM_AB1466	2	https://docs.google.com/document/d/12tk660YlMRzouDw4ugsd40MRUuvYxHxhcBkfjxSStts/edit?usp=sharing	text	https://drive.google.com/file/d/1PrNhY4qfXSs968yO6IZcTliXLvicsW-_/view?usp=sharing	0:28:05	Google drive	AB	MP3	False	Very goog	AM_012				group A	Uploaded								
1469	STT_AM_AB1467	3	https://docs.google.com/document/d/1vpNXPbGLjQd5Ljl3HjMeUiZgBNaB-6JVHcx3W4QAOC0/edit?usp=sharing	text	https://drive.google.com/file/d/1zdt6zdbDznqXkMtJ3Df2qerYjNdR-YOG/view?usp=sharing	0:15:23	Google drive	AB	MP3	False	Very goog	AM_012				group A	Uploaded								
1470	STT_AM_AB1468	4	https://docs.google.com/document/d/1yXd4BPeO7SNSkVzfaxqsIXNO-KNC80sCbbvzJIpX4xU/edit?usp=sharing	text	https://drive.google.com/file/d/1Qq0EHBKdfPm4T5GkW6vSZbVmXpKe99M3/view?usp=sharing	0:30:41	Google drive	AB	MP3	False	Very goog	AM_012				group A	Uploaded								
1471	STT_AM_AB1469	5	https://docs.google.com/document/d/1khwLwa-qY-6lQOOEtbWSey8JlJ8XTGrMpp5UVnQIF4M/edit?usp=sharing	text	https://drive.google.com/file/d/1Ki9HHoHrYGir84k30F33ODvzdRG52V9g/view?usp=sharing	0:34:22	Google drive	AB	MP3	False	Very goog	AM_012				group A	Uploaded								
1472	STT_AM_AB1470	6	https://docs.google.com/document/d/1gPtlP0Fr5YLa9l1-uK0Hb-c-zzMe-9Cko3Ajx-4Xg48/edit?usp=sharing	text	https://drive.google.com/file/d/1RgrGQKlk_dGRLdByOrzAcjHGUz-Iyg3T/view?usp=sharing	0:33:06	Google drive	AB	MP3	False	Very goog	AM_012				group A	Uploaded								
1473	STT_AM_AB1471	7	https://docs.google.com/document/d/1-lDtOY0g2xgUlxzl58uHQBajpqWruOD1HX6bb3DFEhw/edit?usp=sharing	text	https://drive.google.com/file/d/1bcwcO1TIWbKUkpYQ20E-BdWMpbNMlHbc/view?usp=sharing	0:21:54	Google drive	AB	MP3	False	Very goog	AM_012				group A	Uploaded								
1474	STT_AM_AB1472		https://docs.google.com/document/d/1vnNcDX3QjQRrvoBzV5uZE4oDhoTe-R6Ac8J00hcrdTU/edit?usp=sharing	text	https://youtu.be/AsRbNCnz4Es?si=C2y7XF4z63smOqi0	0:38:39	Youtube	MV	MP4	False	Very goog	AM_012				group A	Uploaded								
1475	STT_AM_AB1473	6	https://docs.google.com/document/d/1wJ1mH2GI2cklXElO36sjSTHMDJtpC0MeMR2rp8IsA5k/edit?usp=sharing	text	https://youtu.be/hgeYJT-coMU?si=6U5EAc7bFwNqaKWL	0:40:47	Youtube	MV	MP4	False	Very goog	AM_012				group A	Uploaded								
1476	STT_AM_AB1474	7	https://docs.google.com/document/d/1rlOmKpU3BN2ZLLCJfnLaA1ozLqlT-w2itkw5fE_XDKg/edit?usp=sharing	text	https://youtu.be/IC3F5btfp4Y?si=OKiHKqIz6B1eHPS2	0:41:21	Youtube	MV	MP4	False	Very goog	AM_012				group A	Uploaded								
1477	STT_AM_AB1475	8	https://docs.google.com/document/d/15sdK-KHvP5gCmdVdeKtHpGE5YfqwYEVb1VaHMdFg4EI/edit?usp=sharing	text	https://youtu.be/wRIaEGNaYvI?si=UqjlVO_-Edrfe_oR	0:47:05	Youtube	MV	MP4	False	Very goog	AM_012				group A	Uploaded								
1478	STT_AM_AB1476	9	https://docs.google.com/document/d/1NZfTN3TD0EodWrtsMFQRBMHF_M-3CjxqvTt5yYKZOF0/edit?usp=sharing	text	https://youtu.be/34J-TFC7v8E?si=fajC8lY1YGZEDz3x	0:35:47	Youtube	MV	MP4	False	Very goog	AM_012				group A	Uploaded								
1479	STT_AM_AB1477	10	https://docs.google.com/document/d/1b7ub-5zKkLtLwqQiGd_CHYm_sCLjIuz5e_5N2Z3Dpa8/edit?usp=sharing	text	https://youtu.be/SU_eL3OK0s0?si=gVHTBDyR83Kaj0o0	0:16:36	Youtube	MV	MP4	False	Very goog	AM_012				group A	Uploaded								
1480	STT_AM_AB1478		https://docs.google.com/document/d/13DxPW_cyfkAmsP8ifdjfyRVP0ci-cPPNS6V4uMjumuM/edit?usp=sharing	text	https://drive.google.com/file/d/1EnY0xDEN3gD6GcPmageDvaR_073vedbY/view?usp=sharing	0:35:37	Google drive	AB	MP3	False	Very goog	AM_012				group A	Uploaded								
1481	STT_AM_AB1479	9	https://docs.google.com/document/d/1SjztKUBqILuK_p--vTlZ_JWHRBX805UUD2-aGi8z4AA/edit?usp=sharing	text	https://drive.google.com/file/d/1aGO9Dr2d7buPQB4-p51DEy2eSS6HJ-vi/view?usp=sharing	0:30:11	Google drive	AB	MP3	False	Very goog	AM_012				group A	Uploaded								
1482	STT_AM_AB1480	10	https://docs.google.com/document/d/1TtwIM1DAVNUkzIeed5hlfmoTdarLm29KIEZ6HeBl4WA/edit?usp=sharing	text	https://drive.google.com/file/d/1h7-kGMVn4lhgjwoIlmbUO3m3UaYIsJLq/view?usp=sharing	0:24:01	Google drive	AB	MP3	False	Very goog	AM_012				group A	Uploaded								
1483	STT_AM_AB1481	11	https://docs.google.com/document/d/1FcFI6081skS4F1taZytJ7T0Z1b2QGY-7P848vi4T_Ro/edit?usp=sharing	text	https://drive.google.com/file/d/15pv6vbeeJaR-zs6MUnbc-1OhTQz-0aZD/view?usp=sharing	0:35:58	Google drive	AB	MP3	False	Very goog	AM_012				group A	Uploaded								
1484	STT_AM_AB1482	12	https://docs.google.com/document/d/18dfYpUIxOvgw-lor8WAQlzGKnFhIY13i3HESpOCjdLc/edit?usp=sharing	text	https://drive.google.com/file/d/1L-dTquWKa-D5BF7tVadUVF3MUnSVP58c/view?usp=sharing	0:26:17	Google drive	AB	MP3	False	Very goog	AM_012				group A	Uploaded								
1485	STT_AM_AB1483		https://docs.google.com/document/d/1kz9Te2TnBDCWKJocYF3zrfHO7pInRKUcADI9OlRJn8g/edit?usp=sharing	text	https://drive.google.com/file/d/1pGM7VYd73X2exaPrCMVC1AubklirhEOQ/view?usp=sharing	0:18:50	Google drive	AB	MP3	False	Very goog	AM_012				group A	Uploaded								
1486	STT_AM_AB1484	2	https://docs.google.com/document/d/1B0xZGrmG6r16t4BqO8a_zvknrCsWgTShapjGppA23fk/edit?usp=sharing	text	https://drive.google.com/file/d/1LvyN-LAIdXF2BfQnIgMUyRdI5dTG3PuR/view?usp=sharing	0:31:25	Google drive	AB	MP3	False	Very goog	AM_012				group A	Uploaded								
1487	STT_AM_AB1485	3	https://docs.google.com/document/d/1FZ9c-cY1CrZ75qmdIJLV3R93F_XvvwPU_lDJZtu4eek/edit?usp=sharing	text	https://drive.google.com/file/d/1lqssOQ5zmoSSyraPiM9QxItGTP7CtUBD/view?usp=sharing	0:17:46	Google drive	AB	MP3	False	Very goog	AM_012				group A	Uploaded								
1488	STT_AM_AB1486	4	https://docs.google.com/document/d/1NVCx9Z2pwNCUkCANE0aru9-41o81H6hk1l33PydqHoo/edit?usp=sharing	text	https://drive.google.com/file/d/1vPzXOoqev1YrOuXyB5HvcupNWCNTfY3I/view?usp=sharing	0:21:40	Google drive	AB	MP3	False	Very goog	AM_012				group A	Uploaded								
1489	STT_AM_AB1487	5	https://docs.google.com/document/d/1bunL-oXChUuSsdRwROSRhwnXCrfbcJziRw0_qhBWNZ8/edit?usp=sharing	text	https://drive.google.com/file/d/1R8k0sT7SnD2tab8m0tFJzrfelwcNChEG/view?usp=sharing	0:20:36	Google drive	AB	MP3	False	Very goog	AM_012				group A	Uploaded								
1490	STT_AM_AB1488	6	https://docs.google.com/document/d/1Qjn9DafsqloYjFNWxgzGaID0EEwExKXVoKO4snc9LDM/edit?usp=sharing	text	https://drive.google.com/file/d/1xHhgu-d_3HkfIibX6HNCX75Dzbq0CMdD/view?usp=sharing	0:17:57	Google drive	AB	MP3	False	Very goog	AM_012				group A	Uploaded								
1491	STT_AM_AB1489	7	https://docs.google.com/document/d/1iOuxffnkjzSA3q0J8gam22q8Z4YsnLwjKNRlbMoJG2s/edit?usp=sharing	text	https://drive.google.com/file/d/1mKzoPU0BzykDxnvkzgfOHDJYH-Wnn9Zz/view?usp=sharing	0:27:37	Google drive	AB	MP3	False	Very goog	AM_012				group A	Uploaded								
1492	STT_AM_AB1490		https://docs.google.com/document/d/1hYys32Xj8NPO68AvcwTSBpcdDcVK5MtAXT1b1Yp7C_U/edit?usp=sharing	text	https://drive.google.com/file/d/1QkIBf61g1Kk_O7KqRlu6o5xffDqeTIU-/view?usp=sharing	0:30:42	Google drive	AB	MP3	True	Very goog	AM_505				group A	Uploaded								
1493	STT_AM_AB1491	2	https://docs.google.com/document/d/1K_cKtgSoF5lohuez47L7v53xFCNMqdb5LV9MCZL_RHY/edit?usp=sharing	text	https://drive.google.com/file/d/1SwT4qoFbZRLZ25YwkgmtHaFiyiVTlNm6/view?usp=sharing	0:35:22	Google drive	AB	MP3	True	Very goog	AM_505				group A	Uploaded								
1494	STT_AM_AB1492	3	https://docs.google.com/document/d/1JnYoImHnwK5NdJHOPg9XnDvAHE4GXUfjijCRik_lRD8/edit?usp=sharing	text	https://drive.google.com/file/d/1IgLrJ-8RtrnCmdj80ttBOzYiiqiIuFdo/view?usp=sharing	0:53:02	Google drive	AB	MP3	True	Very goog	AM_505				group A	Uploaded								
1495	STT_AM_AB1493	4	https://docs.google.com/document/d/17ngepnUKN0aCX1j45PtCp1E3WgxTs1Taa2snZFYSeHs/edit?usp=sharing	text	https://drive.google.com/file/d/1UfYICdifwsdFrYiQ2Kdmr00G_sDuafXT/view?usp=sharing	0:49:41	Google drive	AB	MP3	True	Very goog	AM_505				group A	Uploaded								
1496	STT_AM_AB1494	5	https://docs.google.com/document/d/1yuC29DHS59Epw3XzljyVv75pdR3dEclmrx8GNdffqDg/edit?usp=sharing	text	https://drive.google.com/file/d/1z3IWvHYkt_6xa0rxyBTcg_NKGbjX772t/view?usp=sharing	0:49:08	Google drive	AB	MP3	True	Very goog	AM_505				group A	Uploaded								
1497	STT_AM_AB1495	6	https://docs.google.com/document/d/1YjAJHUyAL6shSEooRJT92C4G4O4MR2aP1mCinhSM_2Q/edit?usp=sharing	text	https://drive.google.com/file/d/1LiJtfLufX8iU5dG_dhNzCtAY90z4OT8P/view?usp=sharing	1:19:18	Google drive	AB	MP3	True	Very goog	AM_505				group A	Uploaded								
1498	STT_AM_AB1496		https://docs.google.com/document/d/1YQCrKJh3P_-crXiHNm058ehVBnjT9BLC-NGAzTG7bP0/edit?usp=sharing	text	https://youtu.be/EmocDu8Ubac?si=rwcjjpyo6j4YRbW5	0:29:54	Youtube	MV	MP4	False	Very goog	AM_012				group A	Uploaded								
1499	STT_AM_AB1497	2	https://docs.google.com/document/d/1uqaJsdY6CpPdJez8woPUQFJJA_BwF3Mzb_DejXu8C1Y/edit?usp=sharing	text	https://youtu.be/WPDlLrLbWCU?si=sVObmwFgAl8gxziA	0:30:07	Youtube	MV	MP4	False	Very goog	AM_012				group A	Uploaded								
1500	STT_AM_AB1498	3	https://docs.google.com/document/d/1dLc40tkAiCaH5NXGT5aUx4FtOz5h8S_41av2k-ME0c0/edit?usp=sharing	text	https://youtu.be/sXG4vHSCyR4?si=c3f37GviNLjcdw5B	0:36:37	Youtube	MV	MP4	False	Very goog	AM_012				group A	Uploaded								
1501	STT_AM_AB1499		https://docs.google.com/document/d/1ipjukAQtjzn3XewXFhdO-oXjk87sLVgX4173l0j28oI/edit?usp=sharing	text	https://drive.google.com/file/d/1SYszokaH7A1cG_cJsk8DZT5SdapnlelV/view?usp=sharing	0:17:01	Google drive	AB	MP3	False	Very goog	AM_012				group A	Uploaded								
1502	STT_AM_AB1500	2	https://docs.google.com/document/d/1xakZk7Wnb4Y0zu5uaMDo58Nikp4YEduC6aGvyaNId2g/edit?usp=sharing	text	https://drive.google.com/file/d/12gMWm1ZzjZ0Lumwqyjl1vz8F6yhDb1Ak/view?usp=sharing	0:25:17	Google drive	AB	MP3	False	Very goog	AM_012				group A	Uploaded								
1503	STT_AM_AB1501	3	https://docs.google.com/document/d/1h3P-KISTbEad8Ep25k3VhVTKPXSwxGNX3ZlFQ6lSM7c/edit?usp=sharing	text	https://drive.google.com/file/d/17kwGnuOIcHM2oluodM-FFrIOwsVO_JAm/view?usp=sharing	0:22:44	Google drive	AB	MP3	False	Very goog	AM_012				group A	Uploaded								
1504	STT_AM_AB1502	4	https://docs.google.com/document/d/1CCcQD6YT4p2MfQFyJHTA3V39Be-OEn5FFPGMx5XKIFQ/edit?usp=sharing	text	https://drive.google.com/file/d/1x2xT6cA81XSLXb6zmKsSU0pr9ZvYopFz/view?usp=sharing	0:36:04	Google drive	AB	MP3	False	Very goog	AM_012				group A	Uploaded								
1505	STT_AM_AB1503	5	https://docs.google.com/document/d/1exD06hFm8YjJPS-gofPaPC1fPjndzCyja4y9kRJf9y4/edit?usp=sharing	text	https://drive.google.com/file/d/1UrVqFpZxMQuLlAXKIvZ3_lBMq_c0NgO1/view?usp=sharing	0:22:08	Google drive	AB	MP3	False	Very goog	AM_012				group A	Uploaded								
1506	STT_AM_AB1504	6	https://docs.google.com/document/d/1UNoprd6GsA1JfpRBbyLQ8y6qGCW278fLpbcmpFx4c3Q/edit?usp=sharing	text	https://drive.google.com/file/d/1K4tYRPRiYvUiXZQ7GDNtwftDJA3PG2Mo/view?usp=sharing	0:29:46	Google drive	AB	MP3	False	Very goog	AM_012				group A	Uploaded								
1507	STT_AM_AB1505	7	https://docs.google.com/document/d/1rR4TCM045iCl79OkY1R1ZEE8B-WuYYIRJ9JoGUuAWSY/edit?usp=sharing	text	https://drive.google.com/file/d/1T8DIBEgc-vcIWAZTL4gcuowdQECnNE00/view?usp=sharing	0:24:59	Google drive	AB	MP3	False	Very goog	AM_012				group A	Uploaded								
1508	STT_AM_AB1506	8	https://docs.google.com/document/d/1et7zg8Qhzf6YWphb1QOAbG7llfZR9Lprsjb9Tr16rqo/edit?usp=sharing	text	https://drive.google.com/file/d/1meTRotrk6XgDyHOqDaJyCnZjd_qtAD8y/view?usp=sharing	0:28:47	Google drive	AB	MP3	False	Very goog	AM_012				group A	Uploaded								
1509	STT_AM_AB1507	9	https://docs.google.com/document/d/19ASJpnwQBgdiHOhQe0In5WxSfyj1EumONl2ja0hFE9M/edit?usp=sharing	text	https://drive.google.com/file/d/1bxCOxT75uD3QA_9Y4f987XsYN01T1qvU/view?usp=sharing	0:23:52	Google drive	AB	MP3	False	Very goog	AM_012				group A	Uploaded								
1510	STT_AM_AB1508	10	https://docs.google.com/document/d/1CAF6KobzMtKao4ZeQ66Lm2VQo-wz6SmWTfcJHK7Qv_I/edit?usp=sharing	text	https://drive.google.com/file/d/19gI10B5OI6N2d10euUbGCYVLUBRdz8tD/view?usp=sharing	0:39:56	Google drive	AB	MP3	False	Very goog	AM_012				group A	Uploaded								
1511	STT_AM_AB1509	11	https://docs.google.com/document/d/180n7_F6GJaEaTkDwXTARyE_xd2Ax1rxyWZsIOevZu3o/edit?usp=sharing	text	https://drive.google.com/file/d/18uXjJruxDYuWFqbZxMqSz0f3K0uDhbhc/view?usp=sharing	0:28:23	Google drive	AB	MP3	False	Very goog	AM_012				group A	Uploaded								
1512	STT_AM_AB1510	12	https://docs.google.com/document/d/1y87xh-V0mZBXjL8cOBvHwXtXEkXK47xX0baqb304aCk/edit?usp=sharing	text	https://drive.google.com/file/d/1ntlgGkKdV7wN5favetGE7aGnbtk2OUCr/view?usp=sharing	0:19:03	Google drive	AB	MP3	False	Very goog	AM_012				group A	Uploaded								
1513	STT_AM_AB1511	13	https://docs.google.com/document/d/1BNfUzS__1Wt1FkmihnmLdqLTIhjZy-pfuabQQrFqUeQ/edit?usp=sharing	text	https://drive.google.com/file/d/1hNeAsvITvpSg3SapW3uAlup1tUH3xl-Q/view?usp=sharing	0:30:08	Google drive	AB	MP3	False	Very goog	AM_012				group A	Uploaded								
1514	STT_AM_AB1512		https://docs.google.com/document/d/1NQYJqtCopeLXXIj-IqrdHr9_P15n4PlURIJ_eU9BvFs/edit?usp=sharing	text	https://youtu.be/J0jWK60oZ-c?si=ZKHB1mp_CeW0j1rV	0:24:49	Youtube	MV	MP4	False	Very goog	AM_012				group A	Uploaded								
1515	STT_AM_AB1513	5	https://docs.google.com/document/d/1x4OhiPJGhZzxKR-ZslxIYXvJWLwT9CJAeLGRdlJbe9U/edit?usp=sharing	text	https://youtu.be/SlEEuoznkoQ?si=QZbFXVsGWhRD8Ie_	0:27:34	Youtube	MV	MP4	False	Very goog	AM_012				group A	Uploaded								
1516	STT_AM_AB1514	6	https://docs.google.com/document/d/1KGssAufyUfYzCDqnTBc7Hz75giAcvk5oJCZ_ct7SnJ8/edit?usp=sharing	text	https://youtu.be/84Da-u6ye28?si=n_70lGtI5KAsMwDW	0:34:49	Youtube	MV	MP4	False	Very goog	AM_012				group A	Uploaded	25/06/2026							
1517	STT_AM_AB1515	7	https://docs.google.com/document/d/1qxUkwxZvRnGMUPXMr_u9J4FXwPVJdEWureLyZeJKbls/edit?usp=sharing	text	https://youtu.be/OxcPGOMJCKI?si=RSUsgd5s7SkQwBdX	0:28:40	Youtube	MV	MP4	False	Very goog	AM_012				group A	Uploaded								
1518	STT_AM_AB1516	8	https://docs.google.com/document/d/1fa-5XNsK_exMKsLsqfnQBqaexAnXDOm6Q6t3ljW0D7s/edit?usp=sharing	text	https://drive.google.com/file/d/1ff-L6afNzXXtmyKe9saCUXqIwvlMPwwL/view?usp=sharing	0:35:28	Google drive	AB	MP3	False	Very goog	AM_012				group A	Uploaded								
1519	STT_AM_AB1517		https://docs.google.com/document/d/1zp2KS0WylrpGw_UoN_-v2fwrBxy2K8Ds2DwWob7KAwE/edit?usp=sharing	text	https://drive.google.com/file/d/1w5FTYaXj22Vnjln6bka0OnhJZ8eZmeYR/view?usp=sharing	0:20:26	Google drive	AB	MP3	False	Very goog	AM_012				group A	Uploaded								
1520	STT_AM_AB1518	2	https://docs.google.com/document/d/15JdHmiJGXVXtL76yeooNNqjxPX3ZRjjLRC6E_TXm8P0/edit?usp=sharing	text	https://drive.google.com/file/d/1offvtLZO49SzJZSV2x6PXTsnfzCrtQsl/view?usp=sharing	0:19:33	Google drive	AB	MP3	False	Very goog	AM_012				group A	Uploaded								
1521	STT_AM_AB1519	3	https://docs.google.com/document/d/1z-IqbZgDEx1KAWpPRBqFsw_NlC_tlJcZSdDAriJPKss/edit?usp=sharing	text	https://drive.google.com/file/d/1KowFtndtVfiyfsoq_slSU6i95n-XLyDa/view?usp=sharing	0:15:51	Google drive	AB	MP3	False	Very goog	AM_012				group A	Uploaded								
1522	STT_AM_AB1520	4	https://docs.google.com/document/d/1MZMEC7Mi5tycNL-b2W1o9v_VVSmLXt0jIw5hyLDKPLQ/edit?usp=sharing	text	https://drive.google.com/file/d/16ZdvZWd5veCg7WMuwmNU7GPAa7LDH8UX/view?usp=sharing	0:13:23	Google drive	AB	MP3	False	Very goog	AM_012				group A	Uploaded								
1523	STT_AM_AB1521	5	https://docs.google.com/document/d/1V7b5InFuXN5Shi41NFEhwoyloBdmE1h2nie-Acc_Egs/edit?usp=sharing	text	https://drive.google.com/file/d/1a6dg9iW9PrOxq7B5pwWljIfYT9coLHdQ/view?usp=sharing	0:31:33	Google drive	AB	MP3	False	Very goog	AM_012				group A	Uploaded								
1524	STT_AM_AB1522		https://docs.google.com/document/d/1ym6BOSHUCExa_lOT7t3ItzwR1OlfWhDZmZWO6mzkTfk/edit?usp=sharing	text	https://drive.google.com/file/d/133c_UQ7xs7IrrS4Vin8L5b3wHMrksLbp/view?usp=sharing	0:27:42	Google drive	AB	MP3	False	Very goog	AM_012				group A	Uploaded								
1525	STT_AM_AB1523	2	https://docs.google.com/document/d/16H6agFcX_cpegr7K7Z5byBCbNKPBUh4KE7pkXWkWpTQ/edit?usp=sharing	text	https://drive.google.com/file/d/1I16G9klSNJqEJiA78JByteC4HHXGZg3o/view?usp=sharing	0:09:52	Google drive	AB	MP3	False	Very goog	AM_012				group A	Uploaded								
1526	STT_AM_AB1524	3	https://docs.google.com/document/d/1RQqfX2F_ak-rVfZcxsxeodTtyDAiw9FHlmV1_SWVS24/edit?usp=sharing	text	https://drive.google.com/file/d/1-COQPFmbC9fAk1y-DL8nBMlpKOBBEn48/view?usp=sharing	0:30:56	Google drive	AB	MP3	False	Very goog	AM_012				group A	Uploaded								
1527	STT_AM_AB1525		https://docs.google.com/document/d/1QIx2fVLDer3vjNOgtuxSQssEin3XYzqpJchJIbZvwdE/edit?usp=sharing	text	https://youtu.be/9mKCzZC_7Vo?si=DyldOpfLEAJo7Njd	0:36:24	Youtube	MV	MP4	False	Very goog	AM_012				group A	Uploaded								
1528	STT_AM_AB1526	2	https://docs.google.com/document/d/1DQ9J8bMKpvVy7EGB3j016KttSp0DDOdCuQ9Vk3EXOxQ/edit?usp=sharing	text	https://drive.google.com/file/d/1lzw0fADDifpK1BbXw0iZwaBR8QrrNO12/view?usp=sharing	0:21:40	Google drive	AB	MP3	False	Very goog	AM_012				group A	Uploaded								
1529	STT_AM_AB1527	3	https://docs.google.com/document/d/1dy8y_mn8-MDwzcswTiMgfXTs86jtx9XyhPDEKKlSCXo/edit?usp=sharing	text	https://drive.google.com/file/d/16G7_DqfOKMNtfSc1y4V6C5DjF0yaCzlA/view?usp=sharing	0:20:21	Google drive	AB	MP3	False	Very goog	AM_012				group A	Uploaded								
1530	STT_AM_AB1528	4	https://docs.google.com/document/d/1WkihV7E9ypeTZFOsF51aM6QicxYgFv2fHjDX-E8m11o/edit?usp=sharing	text	https://drive.google.com/file/d/1pmX-ePUHnSJv945Jy4G-Je_iDMCGg26O/view?usp=sharing	0:28:39	Google drive	AB	MP3	False	Very goog	AM_012				group A	Uploaded								
1531	STT_AM_AB1529	5	https://docs.google.com/document/d/1Xypaxcfsj-r5olCGZ8iB7l2PhC8HgmvyDHpdtrt61pQ/edit?usp=sharing	text	https://drive.google.com/file/d/1uLG8a4bSAebtJNJ6mEnWpk2pDTxQM7Mt/view?usp=sharing	0:19:36	Google drive	AB	MP3	False	Very goog	AM_012				group A	Uploaded								
1532	STT_AM_AB1530		https://docs.google.com/document/d/12N6xRB1Hh52-EDPusa9gZWTzZJRJ2PWvJbBeewWRpMA/edit?usp=sharing	text	https://drive.google.com/file/d/1xcrJIlzI_k5eW4_dJT0GhrxcqavJQe5I/view?usp=sharing	0:08:04	Google drive	AB	MP3	False	Very goog	AM_015				group A	Uploaded								
1533	STT_AM_AB1531	2	https://docs.google.com/document/d/1RbdbwYu-caQoB4b-KWtiph9wmE6U9k8HJ3US4gIGxCI/edit?usp=sharing	text	https://drive.google.com/file/d/1bzZwFkY3yQ2ok-YcZ-InKbRa7oq2w4Xp/view?usp=sharing	0:09:33	Google drive	AB	MP3	False	Very goog	AM_015				group A	Uploaded								
1534	STT_AM_AB1532	3	https://docs.google.com/document/d/1Cj-mEzsNh2NbDoen39FbsKcx6pqhNX6IzHCjU8RoEEg/edit?usp=sharing	text	https://drive.google.com/file/d/1wrbaP8YtkuctoRKqlmhWJjznKHUP4H8i/view?usp=sharing	0:03:52	Google drive	AB	MP3	False	Very goog	AM_015				group A	Uploaded								
1535	STT_AM_AB1533	4	https://docs.google.com/document/d/1S3jppYWiHdPzwYKAeFuWrDsObA_NT1P7BFa42VjbGBQ/edit?usp=sharing	text	https://drive.google.com/file/d/1fl3bUGrYyIlPaMkDmBsRmQ_67I8q68o7/view?usp=sharing	0:14:48	Google drive	AB	MP3	False	Very goog	AM_015				group A	Uploaded								
1536	STT_AM_AB1534	5	https://docs.google.com/document/d/1SuujJdU78aJJ146lq1Iwta9Pv_-zrUubq3thC7ST1Fk/edit?usp=sharing	text	https://drive.google.com/file/d/1DWJLHOuCjCPw0J87mhB8IrmOcBIaFe6L/view?usp=sharing	0:01:39	Google drive	AB	MP3	False	Very goog	AM_015				group A	Uploaded								
1537	STT_AM_AB1535	6	https://docs.google.com/document/d/1Oz2fE3F8yXP-hjQq8p6_cr7P8WakvM5pDUr07gB1myA/edit?usp=sharing	text	https://drive.google.com/file/d/1G352vzkgZqcg8gucXWGbLQ9xpOtSAgix/view?usp=sharing	0:03:53	Google drive	AB	MP3	False	Very goog	AM_015				group A	Uploaded								
1538	STT_AM_AB1536	7	https://docs.google.com/document/d/1ru1k-Zh4pIYQ9aKCIYSj8nWasChptnJT2mOieFZgX6g/edit?usp=sharing	text	https://drive.google.com/file/d/1WqAG4slr6fuQahUAPBZ67AWfAAtqtz_Y/view?usp=sharing	0:05:49	Google drive	AB	MP3	False	Very goog	AM_015				group A	Uploaded								
1539	STT_AM_AB1537	8	https://docs.google.com/document/d/1JpBgt3TY3US1JY_1eVZnfnaJhybUEStacL8cIcvpSuk/edit?usp=sharing	text	https://drive.google.com/file/d/18kBEdj6YmG2byoU_Dn8oryDxhtIgDdMD/view?usp=sharing	0:04:11	Google drive	AB	MP3	False	Very goog	AM_015				group A	Uploaded								
1540	STT_AM_AB1538	9	https://docs.google.com/document/d/1jmLZAs3PK_B6scR3LLGQG1yn6svGtB9tI8KRH4AG4M8/edit?usp=sharing	text	https://drive.google.com/file/d/1eDv_dCMCeVgAc_Ia5Gft08Fv4ND0-tK5/view?usp=sharing	0:03:39	Google drive	AB	MP3	False	Very goog	AM_015				group A	Uploaded								
1541	STT_AM_AB1539	10	https://docs.google.com/document/d/1zL8EkvIHFp1ltxYupPCB8ubHx9qzRPzxZt33p_4u8Y4/edit?usp=sharing	text	https://drive.google.com/file/d/1jEfcgPfMDmy3o93wiLQFYuowAG5U_tqe/view?usp=sharing	0:03:18	Google drive	AB	MP3	False	Very goog	AM_015				group A	Uploaded								
1542	STT_AM_AB1540	11	https://docs.google.com/document/d/1-5PVqVXS4lDAVRlq3j4BYyFv8ESle4Q9oVGSyyZ-xsI/edit?usp=sharing	text	https://drive.google.com/file/d/1ttSvVbfZ0JDvqo-Mo9ZedGTqmLrg9Jcu/view?usp=sharing	0:07:42	Google drive	AB	MP3	False	Very goog	AM_015				group A	Uploaded								
1543	STT_AM_AB1541	12	https://docs.google.com/document/d/1RRNbrONLI_M_HBCFM0YGYA-Orsqyj8OWtaP6BsIVMyg/edit?usp=sharing	text	https://drive.google.com/file/d/1Oh4RcO8C78Dw8wwy3ZHBHDBqrQy9fF_-/view?usp=sharing	0:04:30	Google drive	AB	MP3	False	Very goog	AM_015				group A	Uploaded								
1544	STT_AM_AB1542	13	https://docs.google.com/document/d/1kF-sC3vZ6Efrzlm6h18VBSUxb2CGaXupxZ3pN8eh5Qc/edit?usp=sharing	text	https://drive.google.com/file/d/1gdSWJnZ5B7JUyrowdeZMOW8_OwMw1926/view?usp=sharing	0:07:51	Google drive	AB	MP3	False	Very goog	AM_015				group A	Uploaded								
1545	STT_AM_AB1543	14	https://docs.google.com/document/d/1pb_27eMTansr8rNcuu6wdvk2K9vGXTAjQFZjp8iqef4/edit?usp=sharing	text	https://drive.google.com/file/d/1LrtC5HMssdEEv6Aw6ZWgmyFi6NhHQTbW/view?usp=sharing	0:28:42	Google drive	AB	MP3	False	Very goog	AM_015				group A	Uploaded								
1546	STT_AM_AB1544		https://docs.google.com/document/d/1mZbMSBJQylYlX0CKNFxFTmXMu6YLZ6kJzAjMwbc1D0o/edit?usp=sharing	text	https://drive.google.com/file/d/1p0gLJMvYZAVB6--R_Bsh2jAH0wT4og7g/view?usp=sharing	0:06:39	Google drive	AB	MP3	False	Very goog	AM_015				group A	Uploaded								
1547	STT_AM_AB1545	2	https://docs.google.com/document/d/1puNu7mKaNosROYdM44pu2uAEtqazLlRkkPNgS03cdAc/edit?usp=sharing	text	https://drive.google.com/file/d/1-Mxf-t9Sc6A26wKrkLRUakqrr3RPmPU0/view?usp=sharing	0:25:19	Google drive	AB	MP3	False	Very goog	AM_016				group A	Uploaded								
1548	STT_AM_AB1546	3	https://docs.google.com/document/d/1me3ZavhuW3eo4yteyA_VsMBdMTAU-SVt2CLwnxuJghs/edit?usp=sharing	text	https://drive.google.com/file/d/1VCe-OJpQxiWNxwd62cDbvzqFy_7WQpNZ/view?usp=sharing	0:30:22	Google drive	AB	MP3	False	Very goog	AM_016				group A	Uploaded								
1549	STT_AM_AB1547	4	https://docs.google.com/document/d/1UlkRsV5gWLz-DGAdU2wdABsSTlUAh3hjLSfzVZ6rZqI/edit?usp=sharing	text	https://drive.google.com/file/d/1CrJYvfbTbELIHm3KttSx9t_j8hRoLE9y/view?usp=sharing	0:40:15	Google drive	AB	MP3	False	Very goog	AM_016				group A	Uploaded								
1550	STT_AM_AB1548	5	https://docs.google.com/document/d/1MErG1m0ptL0lt-6HHHWyYHm4ka5O3td_UTqp2VmAyRI/edit?usp=sharing	text	https://drive.google.com/file/d/1-B6uyKNcbXj7JUEnoP3Dm7mVSXd8R53Y/view?usp=sharing	0:47:56	Google drive	AB	MP3	False	Very goog	AM_016				group A	Uploaded								
1551	STT_AM_AB1549	6	https://docs.google.com/document/d/1ICjSKVDZd7Ge1dNjXZFoZ-RTAjxajcwrFWsEuxzghf0/edit?usp=sharing	text	https://drive.google.com/file/d/1_gGIzH8eTpXgEIpvGbP9jBbmV8XgwTpT/view?usp=sharing	1:03:53	Google drive	AB	MP3	False	Very goog	AM_016				group A	Uploaded								
1552	STT_AM_AB1550	7	https://docs.google.com/document/d/1oe5BO-VoTJsZ7sQxTVDLGrivkcLJG9kzTsUt7OGqkGU/edit?usp=sharing	text	https://drive.google.com/file/d/1lMeojopdhwPdxYZQX0-r26eJzP6dk1Xt/view?usp=sharing	1:07:57	Google drive	AB	MP3	False	Very goog	AM_016				group A	Uploaded								
1553	STT_AM_AB1551	8	https://docs.google.com/document/d/1c1KdVWvxBByZOzmoj_ADDeVaojSjWOZUueJ2PY5radE/edit?usp=sharing	text	https://drive.google.com/file/d/1-y7WnKsAjYbvFg3y1D6lat-YPPkbMPWf/view?usp=sharing	0:53:03	Google drive	AB	MP3	False	Very goog	AM_016				group A	Uploaded								
1554	STT_AM_AB1552	9	https://docs.google.com/document/d/1Hj40RzV0qKTQbIFEkQhA0it_3xlXSaBMJoPJ7woaB9I/edit?usp=sharing	text	https://drive.google.com/file/d/1NoKRlzUzW8gO-eI2_1Vz0I_DkRBfO4wF/view?usp=sharing	0:19:58	Google drive	AB	MP3	False	Very goog	AM_016				group A	Uploaded								
1555	STT_AM_AB1553	10	https://docs.google.com/document/d/1qCEmY444fGAju_NXTM2MaXZNBazSBcNAHdw-zT_joOc/edit?usp=sharing	text	https://drive.google.com/file/d/1D2ckLOm49Gm7PANvXB7vyNwWlJoI4tb4/view?usp=sharing	0:46:51	Google drive	AB	MP3	False	Very goog	AM_016				group A	Uploaded								
1556	STT_AM_AB1554	11	https://docs.google.com/document/d/1vO6aa0GZLRvTWHQFtqiI8_E7B_wFZJ1C9X-V8I_f8dQ/edit?usp=sharing	text	https://drive.google.com/file/d/16V3h-HG03Hm2TstLQ9MbjVB1sYwjEjE8/view?usp=sharing	0:28:32	Google drive	AB	MP3	False	Very goog	AM_016				group A	Uploaded								
1557	STT_AM_AB1555	12	https://docs.google.com/document/d/1FfAQZ2_sSaq-eBqwRFsmJ2otdjsrDNZKFUkpT1uKG-U/edit?usp=sharing	text	https://drive.google.com/file/d/1ZZhEjay-VEGHAVEX5Q9Ugs8-S1PFvxvi/view?usp=sharing	0:20:43	Google drive	AB	MP3	False	Very goog	AM_016				group A	Uploaded								
1558	STT_AM_AB1556	13	https://docs.google.com/document/d/1_VNE_B7jJm-jvdrufHfnacc-idZgxygVyzrUGHGjc0k/edit?usp=sharing	text	https://drive.google.com/file/d/1lcMQE80XrWOCugFvzbhXryGncrKTtdJs/view?usp=sharing	0:30:25	Google drive	AB	MP3	False	Very goog	AM_016				group A	Uploaded								
1559	STT_AM_AB1557		https://docs.google.com/document/d/1TF3MgBRUiT49Ocs2yVA3JI-6m1XCpOk6ueMPnoIsu2s/edit?usp=sharing	text	https://drive.google.com/file/d/1VhROx6X6ivLoVRzbRriVCqo1a56v91T3/view?usp=sharing	0:06:25	Google drive	AB	MP3	True	Very goog	AM_017				group A	Uploaded								
1560	STT_AM_AB1558	2	https://docs.google.com/document/d/1IoEdk8wcwRNAhC-b2SS-7KFkp6k0MW1804NYyZa3aR8/edit?usp=sharing	text	https://drive.google.com/file/d/1_B6X-MSrsgWT3FenujIWCkIWL3m-Borc/view?usp=sharing	0:06:41	Google drive	AB	MP3	True	Very goog	AM_017				group A	Uploaded								
1561	STT_AM_AB1559	3	https://docs.google.com/document/d/1zpjGB6rGqeLBJuS6IdZUF0HidVL3BZDFS7b2y9hoMQ0/edit?usp=sharing	text	https://drive.google.com/file/d/1gOrztXyzg0JBd9nur0oUZzyZJJJ85QMf/view?usp=sharing	0:05:06	Google drive	AB	MP3	True	Very goog	AM_017				group A	Uploaded								
1562	STT_AM_AB1560	4	https://docs.google.com/document/d/1vc8EMzlhrChuiilOqcRhCYOlLxe-Tcp4ZDawZ-Z41H8/edit?usp=sharing	text	https://drive.google.com/file/d/1JuhGT9xA8N5oeqhvoNph92Q4plQ66BVD/view?usp=sharing	0:03:52	Google drive	AB	MP3	True	Very goog	AM_017				group A	Uploaded								
1563	STT_AM_AB1561	5	https://docs.google.com/document/d/1b7PdsZNyZ6aC5pymOIBUm-75-M4_iiaqauNTFJQ4jU8/edit?usp=sharing	text	https://drive.google.com/file/d/1XG4L5w58JjOaiCu4lXoTLNa3LqiUxnv-/view?usp=sharing	0:05:11	Google drive	AB	MP3	True	Very goog	AM_017				group A	Uploaded								
1564	STT_AM_AB1562	6	https://docs.google.com/document/d/1CVDwD_en8Q7YS7BTk7xMKl9SG-9C-hLa-146IDbSO1g/edit?usp=sharing	text	https://drive.google.com/file/d/1CXXunL_U45x-4AuBpwYftLaJvcnJ8EDc/view?usp=sharing	0:06:42	Google drive	AB	MP3	True	Very goog	AM_017				group A	Uploaded								
1565	STT_AM_AB1563	7	https://docs.google.com/document/d/1fsO0xgMtOSOW_kDvj6HQV1qz5KmuM4hxgisML92iq7Q/edit?usp=sharing	text	https://drive.google.com/file/d/1cJv7HCXimHB047SIaDe86zbmsb-2dhRb/view?usp=sharing	0:10:22	Google drive	AB	MP3	True	Very goog	AM_017				group A	Uploaded								
1566	STT_AM_AB1564	8	https://docs.google.com/document/d/1lvhkXLCZQR3_YWtuVF79sbpOA_C6cmWcRvXSTU7_yW0/edit?usp=sharing	text	https://drive.google.com/file/d/1Mebklrb5Sc1brm0XHhHaRNMxOrxfCLdZ/view?usp=sharing	0:10:22	Google drive	AB	MP3	True	Very goog	AM_017				group A	Uploaded								
1567	STT_AM_AB1565		https://docs.google.com/document/d/1ekuixhDmOMCGpo67u-i9k3nrHsuPx6KVFX6iBLMLDDE/edit?usp=sharing	text	https://drive.google.com/file/d/1nvLdh0nLoUWEJ-KdulS-Fhi9miUSZcMb/view?usp=sharing	0:11:24	Google drive	AB	MP3	True	Very goog	AM_017				group A	Uploaded								
1568	STT_AM_AB1566	2	https://docs.google.com/document/d/1C8v_N1ZBMSYtKeMltKLOnMYjNzYe8eMCVxuhlKA2h40/edit?usp=sharing	text	https://drive.google.com/file/d/1vTrmUKnTTNjNVVmzeaofrvCf7c__Irpf/view?usp=sharing	0:09:04	Google drive	AB	MP3	True	Very goog	AM_017				group A	Uploaded								
1569	STT_AM_AB1567	3	https://docs.google.com/document/d/1HWRfxt8A7kV6mZmE92md2mDjL6576N5KkkvatOAd7XA/edit?usp=sharing	text	https://drive.google.com/file/d/1GeYkbDkn-QaAKQJug7xz0vAlfKMLloEM/view?usp=sharing	0:17:37	Google drive	AB	MP3	True	Very goog	AM_017				group A	Uploaded								
1570	STT_AM_AB1568		https://docs.google.com/document/d/1T0llSR_pdEqby2R2WQjs4t3v7Poymy9eDOuDgQp_aJQ/edit?usp=sharing	text	https://drive.google.com/file/d/1WPyMmVasPLsw9f-mZVjZgSqOjQUJ5IPh/view?usp=sharing	0:11:26	Google drive	AB	MP3	True	Very goog	AM_017				group A	Uploaded								
1571	STT_AM_AB1569	2	https://docs.google.com/document/d/1JC4unCEYrO_caHTOSyO-2gTMP-X6rUfmu_iChk2fdHA/edit?usp=sharing	text	https://drive.google.com/file/d/19_wG45PCEUK3ltvYdv9DU_LS7OXTzSK4/view?usp=sharing	0:12:26	Google drive	AB	MP3	True	Very goog	AM_017				group A	Uploaded								
1572	STT_AM_AB1570	3	https://docs.google.com/document/d/1hwWhtDYpRq3R-f7JoMExKDmfNpWTemBmUiukuWOVCQY/edit?usp=sharing	text	https://drive.google.com/file/d/1W7Aubhl6lxLXU7TfTmS3ggQXTRgNzGMX/view?usp=sharing	0:04:44	Google drive	AB	MP3	True	Very goog	AM_017				group A	Uploaded								
1573	STT_AM_AB1571		https://docs.google.com/document/d/1JwDvweTno8OUj9vZv-FCAa5pF_B-nqbD5gYJ8qqJOP8/edit?usp=sharing	text	https://drive.google.com/file/d/11vPjcQplyk3gt9In8J3O78XFptF5BtqW/view?usp=sharing	0:19:38	Google drive	AB	MP3	True	Very goog	AM_017				group A	Uploaded								
1574	STT_AM_AB1572	2	https://docs.google.com/document/d/1qMl7Y2dVEOqjgjwaan4ckMKm9p-IYWuKGuLiu8wqzcM/edit?usp=sharing	text	https://drive.google.com/file/d/1cW5Xf2YKdNHHYTYJo5ymfVQSwgKqYeqT/view?usp=sharing	0:07:55	Google drive	AB	MP3	True	Very goog	AM_017				group A	Uploaded								
1575	STT_AM_AB1573		https://docs.google.com/document/d/1YK6AkowvZrsIVYQnNl5xIb9XwBnH5tA5_zukuFU9pjc/edit?usp=sharing	text	https://drive.google.com/file/d/1s-8v_t0B1N4w_hRIeX8e5T-D9F9ityR2/view?usp=sharing	0:23:00	Google drive	AB	MP3	True	Very goog	AM_017				group A	Uploaded								
1576	STT_AM_AB1574		https://docs.google.com/document/d/1XoGL7iPtAbPbk-lsPVV686pfXt3G5hzqEb7-UXHiAj4/edit?usp=sharing	text	https://drive.google.com/file/d/1ee3u0_kUdmzcwZ2vCoX91wUv4fFmQwpm/view?usp=sharing	0:12:26	Google drive	AB	MP3	True	Very goog	AM_017				group A	Uploaded								
1577	STT_AM_AB1575	2	https://docs.google.com/document/d/1fdhQjzazhZwEIVApleIEfS7R5SQIx-Yd679qAkIBwIo/edit?usp=sharing	text	https://drive.google.com/file/d/1HrXwmfbyN4DEZaUQM-O9xa5gyOLgFmol/view?usp=sharing	0:19:38	Google drive	AB	MP3	True	Very goog	AM_017				group A	Uploaded								
1578	STT_AM_AB1576		https://docs.google.com/document/d/1zPUqG7fmUPt6NEarsDlJwuB_LIfbLgaEhmf4VKoi6hQ/edit?usp=sharing	text	https://drive.google.com/file/d/1I0_kltnY-bEeOuyvr0WWsE3TjuUJ1W0F/view?usp=sharing	0:28:10	Google drive	AB	MP3	True	Very goog	AM_017				group A	Uploaded								
1579	STT_AM_AB1577		https://docs.google.com/document/d/1J6X-LxWNDau_WcQN636gBG2w3kOSkgvNNCAbVpQxrAk/edit?usp=sharing	text	https://drive.google.com/file/d/1M6z7jXvSnR6DtmPph0LL4KOq7VbWlW-E/view?usp=sharing	0:20:43	Google drive	AB	MP3	True	Very goog	AM_017				group A	Uploaded								
1580	STT_AM_AB1578		https://docs.google.com/document/d/1-8G8JF4pV3LbbnnDGFSGReYGmY2cagEUjaN552D7b-M/edit?usp=sharing	text	https://drive.google.com/file/d/1PEcbuWLIfAcHYhDK3W3HYbo3pEQKr21A/view?usp=sharing	0:17:51	Google drive	AB	MP3	True	Very goog	AM_017				group A	Uploaded								
1581	STT_AM_AB1579		https://docs.google.com/document/d/1EUbTYFc1rRwgrbZgqvBUubSnJ3Jy3ICSQW3CM-EgDWg/edit?usp=sharing	text	https://drive.google.com/file/d/1sppICVSCFDKWKW--Gx5oIafAcvm34ap4/view?usp=sharing	0:20:43	Google drive	AB	MP3	True	Very goog	AM_017				group A	Uploaded								
1582	STT_AM_AB1580		https://docs.google.com/document/d/1STWgbVoQR7y7X5mB4Utyl_LHAoJlxjTFQbgB-zNEuY8/edit?usp=sharing	text	https://drive.google.com/file/d/1B2bZBWcHSkwWTDDwOkIrwhAKOOh_6le3/view?usp=sharing	0:17:43	Google drive	AB	MP3	True	Very goog	AM_017				group A	Uploaded								
1583	STT_AM_AB1581		https://docs.google.com/document/d/1nW9uST6OFJHdBfbtfTSJut6roiFr6WUseKhZMhJm9MM/edit?usp=sharing	text	https://drive.google.com/file/d/14Nt1UmvCVZqMeU8WivfBU3prDp18kaT0/view?usp=sharing	0:12:29	Google drive	AB	MP3	True	Very goog	AM_017				group A	Uploaded								
1584	STT_AM_AB1582	2	https://docs.google.com/document/d/1XrsYwvpVGmvAtkfAiuLF-J88EDqO_OFMpQGNzo2bXEg/edit?usp=sharing	text	https://drive.google.com/file/d/1SO6R4Xhngheo0ks_JPdRMBykVHkoIBzV/view?usp=sharing	0:14:16	Google drive	AB	MP3	True	Very goog	AM_017				group A	Uploaded								
1585	STT_AM_AB1583		https://docs.google.com/document/d/1PIueLf7pr6dkqM-ZSd1WR4k6NYfvF3Ib_LoUkcd-xso/edit?usp=sharing	text	https://drive.google.com/file/d/1363L7xeTOuZClin9M2iO_q-4ENZFuYlV/view?usp=sharing	0:10:21	Google drive	AB	MP3	True	Very goog	AM_017				group A	Uploaded								
1586	STT_AM_AB1584	2	https://docs.google.com/document/d/1AZSLRYJpc3VgY754AnYkHkvZeCqn66gUi0NcrFHMFlQ/edit?usp=sharing	text	https://drive.google.com/file/d/17jGwQH4XRb-MEQw66chAfaoIo1VA78PX/view?usp=sharing	0:08:25	Google drive	AB	MP3	True	Very goog	AM_017				group A	Uploaded								
1587	STT_AM_AB1585	3	https://docs.google.com/document/d/1Ac-D41gxCkBDQDdZhOZBneJsjrYW1XWWQw7W7b5lHfg/edit?usp=sharing	text	https://drive.google.com/file/d/1GfEp3TgQAjh1Lld75sdeMZNqwZSYlq_-/view?usp=sharing	0:11:47	Google drive	AB	MP3	True	Very goog	AM_017				group A	Uploaded								
1588	STT_AM_AB1586		https://docs.google.com/document/d/1oT4A2tV2LPtpJIPsErSIe6Eh-4t8K6vzw_hci-Nsfz0/edit?usp=sharing	text	https://drive.google.com/file/d/1H6w3-PamZ3DSl8d7Vlj8oFa8ht6A-6sv/view?usp=sharing	0:12:47	Google drive	AB	MP3	True	Very goog	AM_017				group A	Uploaded								
1589	STT_AM_AB1587		https://docs.google.com/document/d/1ZUmVDqhQpT51gtQIWc0EXD-O4xTHZAZuhwLMujDscAY/edit?usp=sharing	text	https://drive.google.com/file/d/16iRsE7sNvRdhE3Ojl518XY94O7w1S0v1/view?usp=sharing	0:18:27	Google drive	AB	MP3	True	Very goog	AM_017				group A	Uploaded								
1590	STT_AM_AB1588	2	https://docs.google.com/document/d/1IdBYXPfpMK8lAUJHdtPg7CFI_upSGdSPTdkl9iyN7zs/edit?usp=sharing	text	https://drive.google.com/file/d/1WnlYqsyEM4FWLxHacVfQsht7-cUjEqi5/view?usp=sharing	0:18:55	Google drive	AB	MP3	True	Very goog	AM_017				group A	Uploaded								
1591	STT_AM_AB1589		https://docs.google.com/document/d/1t3A4mDoC8MSv2j_ZPr-FI7DKe0-_sqPWxh0Fa0omI88/edit?usp=sharing	text	https://drive.google.com/file/d/1jbUMtVWhEqksIoFWh-8J8UaNScVtHRQG/view?usp=sharing	0:18:54	Google drive	AB	MP3	True	Very goog	AM_017				group A	Uploaded								
1592	STT_AM_AB1590		https://docs.google.com/document/d/1dRw5PWWDtMs5f7TKAPwcBh4i2FCQT0zuJWPxP1m_7JQ/edit?usp=sharing	text	https://drive.google.com/file/d/1myFY1UjG5-C5eqXV3RjgGu9gywgNxUzv/view?usp=sharing	0:15:26	Google drive	AB	MP3	True	Very goog	AM_017				group A	Uploaded								
1593	STT_AM_AB1591		https://docs.google.com/document/d/1U0Uw_Dg_CbTwntg9rxwzBsFyPK8aVqSkS_0AqVgiTQQ/edit?usp=sharing	text	https://drive.google.com/file/d/1yMQSLmFm2lFXQI8Lj36tnxslTtiywMlH/view?usp=sharing	0:20:43	Google drive	AB	MP3	True	Very goog	AM_017				group A	Uploaded								
1594	STT_AM_AB1592		https://docs.google.com/document/d/1MWpdodJaleuOC2QQsCA8iSp_PIKvWYqPefi_3f9UH3Y/edit?usp=sharing	text	https://drive.google.com/file/d/18dOAOPgKXskPCMSjIOTtCykPQ5Q1jn-e/view?usp=sharing	0:17:22	Google drive	AB	MP3	True	Very goog	AM_017				group A	Uploaded								
1595	STT_AM_AB1593	2	https://docs.google.com/document/d/1euvJe7B00diar-YAm5CZRfbaCHDQla_isekOv_t1GP8/edit?usp=sharing	text	https://drive.google.com/file/d/1B2luw2uuE3-cFl2teGsqQ36j_coCrEu_/view?usp=sharing	0:11:01	Google drive	AB	MP3	True	Very goog	AM_017				group A	Uploaded								
1596	STT_AM_AB1594		https://docs.google.com/document/d/1-oTJSFgu0WzPiceRU-AIetvWwnvn3fPF6kqY1QqVgBU/edit?usp=sharing	text	https://drive.google.com/file/d/1hlnFvy0FbHDFSxY6hZsCd5iRXkLsHd2x/view?usp=sharing	0:12:21	Google drive	AB	MP3	True	Very goog	AM_017				group A	Uploaded								
1597	STT_AM_AB1595	2	https://docs.google.com/document/d/1nlbztsZbEKCWBiPw4GTT3D2-oIX2gTSMaOqIcVk40j8/edit?usp=sharing	text	https://drive.google.com/file/d/1IUZn-MqjlfSldq_9sCqRSv-4zp7enWbI/view?usp=sharing	0:12:21	Google drive	AB	MP3	True	Very goog	AM_017				group A	Uploaded								
1598	STT_AM_AB1596		https://docs.google.com/document/d/1IEglwFOzWlOOlLBOEogymIGM6BwM_7H2CevZyqRzsZg/edit?usp=sharing	text	https://drive.google.com/file/d/1o1lEL9ZFTdZMIxhyzTgmX5u3YLkk9p9y/view?usp=sharing	0:08:25	Google drive	AB	MP3	True	Very goog	AM_017				group A	Uploaded								
1599	STT_AM_AB1597	2	https://docs.google.com/document/d/1tDvsCWf8QGZbF3zfwxhC5IXknLn2Uh8Jf2wkmWRBzfs/edit?usp=sharing	text	https://drive.google.com/file/d/1MrI1zJ4OmWi1TsSwK8GSBK94ysbnup4d/view?usp=sharing	0:08:28	Google drive	AB	MP3	True	Very goog	AM_017				group A	Uploaded								
1600	STT_AM_AB1598		https://docs.google.com/document/d/1jyy3NJHFLKhbjj2yYWtHVUVlGF3CZA3eQn1zIdYi0yE/edit?usp=sharing	text	https://drive.google.com/file/d/1EvK_-5BYAVPiZS6jBDDPboTNPSHPPUVh/view?usp=sharing	0:08:28	Google drive	AB	MP3	True	Very goog	AM_017				group A	Uploaded								
1601	STT_AM_AB1599	2	https://docs.google.com/document/d/1CuXJRvR1fokb0Q1XxhvVVJFcnZ-KxJqH_2mG6rDK0_U/edit?usp=sharing	text	https://drive.google.com/file/d/1D1-Z6Sp_zJFN0YFogpgbR_B_Tos1LlzL/view?usp=sharing	0:12:21	Google drive	AB	MP3	True	Very goog	AM_017				group A	Uploaded								
1602	STT_AM_AB1600		https://docs.google.com/document/d/1OLqNboBUjSN1l9ZSBGKwYixi8kQ3vgvLUs_YJUxrv5k/edit?usp=sharing	text	https://drive.google.com/file/d/1yPp0k_YnJULSU4EbzQqEZ3S0LmkVpZdF/view?usp=sharing	0:11:54	Google drive	AB	MP3	True	Very goog	AM_017				group A	Uploaded								
1603	STT_AM_AB1601	2	https://docs.google.com/document/d/1vVosXz10xTcssYdmfUtTUxQGMdneLzT96UXHfoZtn3I/edit?usp=sharing	text	https://drive.google.com/file/d/1UNWPYTlp8CxAzIsbHM-hIRy2xd-HK1iJ/view?usp=sharing	0:12:21	Google drive	AB	MP3	True	Very goog	AM_017				group A	Uploaded								
1604	STT_AM_AB1602		https://docs.google.com/document/d/1767vUmtBUfdGo4H6rJcOYKhpNpKBET215xW8h4Ctgm0/edit?usp=sharing	text	https://drive.google.com/file/d/1Ht3ioirqr9GG8-FZofxfIMJDapZqGbgS/view?usp=sharing	0:20:43	Google drive	AB	MP3	True	Very goog	AM_017				group A	Uploaded								
1605	STT_AM_AB1603		https://docs.google.com/document/d/1oHCtagMDpdED4iAv2iKJuHpj-PllIGKNezbpgRMSsqk/edit?usp=sharing	text	https://drive.google.com/file/d/19Dme3_kjdlwjUGjIh3JZrQ1VeauCcQ5W/view?usp=sharing	0:18:41	Google drive	AB	MP3	True	Very goog	AM_017				group A	Uploaded								
1606	STT_AM_AB1604		https://docs.google.com/document/d/1uhqSNFSsXvXexF6bkCavu3IJWtpDAbgpBY939SjW144/edit?usp=sharing	text	https://drive.google.com/file/d/1g2_kzd9ZA27Mqp41L4qw_c3PjCk7d3eD/view?usp=sharing	0:23:57	Google drive	AB	MP3	True	Very goog	AM_017				group A	Uploaded								
1607	STT_AM_AB1605	2	https://docs.google.com/document/d/1tVaFdXb_ozv92ItT1BefDFAm2lTb54LAVDnlwU-mzH0/edit?usp=sharing	text	https://drive.google.com/file/d/1-4_nK3JdiiBCxABidnNhIv0XBIyyUaCA/view?usp=sharing	0:12:12	Google drive	AB	MP3	True	Very goog	AM_017				group A	Uploaded								
1608	STT_AM_AB1606		https://docs.google.com/document/d/1WnvW1GvOEt4E4u0l4I8yAJoBy1JD7iXMeQWTlPNeaGM/edit?usp=sharing	text	https://drive.google.com/file/d/18VTMO2pUwavvsBc9SmBJFtiK_RYCCteG/view?usp=sharing	0:24:04	Google drive	AB	MP3	True	Very goog	AM_017				group A	Uploaded								
1609	STT_AM_AB1607		https://docs.google.com/document/d/1udWALW8WJ6lpFoDOd1Rzj5Oi7P5j7ZsIn-2akaBEkY0/edit?usp=sharing	text	https://drive.google.com/file/d/1aHgf2GlV0NX6elHHOSHKscpOL3RNh87h/view?usp=sharing	0:20:43	Google drive	AB	MP3	True	Very goog	AM_017				group A	Uploaded								
1610	STT_AM_AB1608		https://docs.google.com/document/d/1PlEbyBTZFMehZdoHOcSlR2X5yn7AsWkc-OGNaUiwFlc/edit?usp=sharing	text	https://drive.google.com/file/d/1zSgCPNSv6DEgudg1xuM3z9odK15jhkFF/view?usp=sharing	0:20:43	Google drive	AB	MP3	True	Very goog	AM_017				group A	Uploaded								
1611	STT_AM_AB1609		https://docs.google.com/document/d/1tFu7nvLpsklJpnqhIO1ET-jcsDZO2uS_KzFUoLAzAZM/edit?usp=sharing	text	https://drive.google.com/file/d/1UDu2jz2jf-_wlBRBOpWhM6hmSFAHyEE8/view?usp=sharing	0:14:35	Google drive	AB	MP3	True	Very goog	AM_017				group A	Uploaded								
1612	STT_AM_AB1610	2	https://docs.google.com/document/d/1TY0gkPsx9DNi4YfXMhGDzvSpeC3XUJFlP1Gr3U3lJss/edit?usp=sharing	text	https://drive.google.com/file/d/1WB_cs_UlwCUumilFoGApLoen8yt2qDXw/view?usp=sharing	0:20:59	Google drive	AB	MP3	True	Very goog	AM_017				group A	Uploaded								
1613	STT_AM_AB1611		https://docs.google.com/document/d/1LYJQLmN3RJMVT-RYv4oZB-H5q7q0lwvW8y5x9yd1IPw/edit?usp=sharing	text	https://drive.google.com/file/d/1l1DCjNkGFaCm-YIHjwQTW167Qrz6UvDV/view?usp=sharing	0:28:04	Google drive	AB	MP3	True	Very goog	AM_017				group A	Uploaded								
1614	STT_AM_AB1612		https://docs.google.com/document/d/1pAj18ek_SsX1ImH1gUkJ5Hwi-NIhfa6FWAq8eR1lrPI/edit?usp=sharing	text	https://drive.google.com/file/d/18vLwsPVjMoD4DUOi1TifmjMbp5BR0drZ/view?usp=sharing	0:17:56	Google drive	AB	MP3	True	Very goog	AM_017				group A	Uploaded								
1615	STT_AM_AB1613		https://docs.google.com/document/d/17EY7__cBspcg2SEwBl_0B9rUphHVACxU9GpzQf4lun0/edit?usp=sharing	text	https://drive.google.com/file/d/1LEQl9jKtrsAl7cYtJ1npWVAigcP1cESB/view?usp=sharing	0:17:36	Google drive	AB	MP3	True	Very goog	AM_017				group A	Uploaded								
1616	STT_AM_AB1614		https://docs.google.com/document/d/1MZEwKtrhfQgYBUSX6uY7uRs2O5g8PMp0LRtpf9ibkrU/edit?usp=sharing	text	https://drive.google.com/file/d/1VEU7eHPEeynFOE3Vm0QQxBUgzH9BPwRp/view?usp=sharing	0:28:08	Google drive	AB	MP3	True	Very goog	AM_017				group A	Uploaded								
1617	STT_AM_AB1615		https://docs.google.com/document/d/1PnE1b1VBnYmdDW57qpgHAGDz7JgiuJ9RbIadPfcw5JA/edit?usp=sharing	text	https://drive.google.com/file/d/1cz42L7Nt6t6Fjw6uQKayD3nNbhIOYznZ/view?usp=sharing	0:20:43	Google drive	AB	MP3	True	Very goog	AM_017				group A	Uploaded								
1618	STT_AM_AB1616		https://docs.google.com/document/d/1Ti72dptdBYEG3AoY64fZtlhVCjy63pv3lHYkREIk41w/edit?usp=sharing	text	https://drive.google.com/file/d/1WAvFcHIN2p1v81Ds20931EJXEodRqhNx/view?usp=sharing	0:18:50	Google drive	AB	MP3	True	Very goog	AM_017				group A	Uploaded								
1619	STT_AM_AB1617		https://docs.google.com/document/d/1yEBlUcqo1n_k9Icb_aheYnDzIPkKDqGbPm3ZRm9M6hg/edit?usp=sharing	text	https://drive.google.com/file/d/15lzV3hDqfNiqeblBjHSOnqUdileJZNyk/view?usp=sharing	0:11:50	Google drive	AB	MP3	True	Very goog	AM_017				group A	Uploaded								
1620	STT_AM_AB1618	2	https://docs.google.com/document/d/1kvgpXkMPkKA5BexvoorEL7iU4SeY185yrCrOaW6E_2E/edit?usp=sharing	text	https://drive.google.com/file/d/1TiH6LwG70paeoQ2dpXh2fScn1YMuGUfk/view?usp=sharing	0:16:59	Google drive	AB	MP3	True	Very goog	AM_017				group A	Uploaded								
1621	STT_AM_AB1619		https://docs.google.com/document/d/1zxb2HF95imlRScTkeP8o2cZmSh20U2Xqmp8UEKZNzXo/edit?usp=sharing	text	https://drive.google.com/file/d/1wTCjN5ngM_w_cfx9szfD-68dh5rjI7oB/view?usp=sharing	0:28:04	Google drive	AB	MP3	True	Very goog	AM_017				group A	Uploaded								
1622	STT_AM_AB1620		https://docs.google.com/document/d/1_7TW81LagsKPyTe8PsA5jnypg1dG_bRI-y-dpuoE1r4/edit?usp=sharing	text	https://drive.google.com/file/d/1IW4MAMrhXUYKrn-tGuRH-Eo4mfUfX5s6/view?usp=sharing	0:17:35	Google drive	AB	MP3	True	Very goog	AM_017				group A	Uploaded								
1623	STT_AM_AB1621		https://docs.google.com/document/d/1LIeAfrh8AU5DrcJUhh1OzXi1WLO592E7sgQ3S8M-f1g/edit?usp=sharing	text	https://drive.google.com/file/d/1QYsPqvixgxoOGdd6N7chjHqtwtQ1xnYo/view?usp=sharing	0:44:25	Google drive	AB	MP3	False	Very goog	AM_015				group A	Uploaded								
1624	STT_AM_AB1622	16	https://docs.google.com/document/d/18xQlvw_PcO6oSEuJNJvGZPeOeZ8ccN1UoFMV3MhhiSw/edit?usp=sharing	text	https://drive.google.com/file/d/1Cy1LOoVqjEJO81-VJo1K55F1wqiKn1yL/view?usp=sharing	0:27:58	Google drive	AB	MP3	False	Very goog	AM_015				group A	Uploaded								
1625	STT_AM_AB1623	17	https://docs.google.com/document/d/1ez95-rO9SCwdAvGdiGMR3KgnH19SOVc8KID_j8LQeEQ/edit?usp=sharing	text	https://drive.google.com/file/d/1mXQP-hEaKFZruxd35Xi5Np--AKPix1o-/view?usp=sharing	0:24:10	Google drive	AB	MP3	False	Very goog	AM_015				group A	Uploaded								
1626	STT_AM_AB1624	18	https://docs.google.com/document/d/1mCZlu_3FLIfFrUpwqsEya4xpZdql-MyPur5JEz0ddWs/edit?usp=sharing	text	https://drive.google.com/file/d/1iV-mCGfVIMN1GouaVUHqRNLqSUkP-MKT/view?usp=sharing	0:30:37	Google drive	AB	MP3	False	Very goog	AM_015				group A	Uploaded								
1627	STT_AM_AB1625	19	https://docs.google.com/document/d/1xl-qy0pCR507Yv-t-yEWlk5rNe6-T02LpP8WQEUBxEA/edit?usp=sharing	text	https://drive.google.com/file/d/1FhqD-a_PiebE6EvAhysFygZ6L9t9qLDP/view?usp=sharing	0:45:16	Google drive	AB	MP3	False	Very goog	AM_015				group A	Uploaded								
1628	STT_AM_AB1626	20	https://docs.google.com/document/d/11fKHw1wXzTS_8NW5DrQmOFACgVi7udsDMoX2PmkbPNU/edit?usp=sharing	text	https://drive.google.com/file/d/1rqQak_iNTGfmxxzWaVjHxKCrQLmxXXX1/view?usp=sharing	0:33:27	Google drive	AB	MP3	False	Very goog	AM_015				group A	Uploaded								
1629	STT_AM_AB1627	21	https://docs.google.com/document/d/1dm3lr_88nirz2akfEpaN3ByetLOptbkhMx_4FdtJEjU/edit?usp=sharing	text	https://drive.google.com/file/d/1mS3Ly1tS5z_CHXxhf5tphZ-p0MW2hAw3/view?usp=sharing	0:27:56	Google drive	AB	MP3	False	Very goog	AM_015				group A	Uploaded								
1630	STT_AM_AB1628	22	https://docs.google.com/document/d/1Hee0gUcmeqXycEt6Np3tRwRHgBZ0VCNg8Z10aV8sanA/edit?usp=sharing	text	https://drive.google.com/file/d/1ATAhb-Co5TUbiXuhHB84CfELOZRK-qiW/view?usp=sharing	0:23:13	Google drive	AB	MP3	False	Very goog	AM_015				group A	Uploaded								
1631	STT_AM_AB1629	23	https://docs.google.com/document/d/10A6RDUCA4v8TzCwKZztarkI59PXIEK0XHpTIwsEgYJg/edit?usp=sharing	text	https://drive.google.com/file/d/1JNZl5ezx1NJBpPuyxAfRrjmp5gl6dxZF/view?usp=sharing	0:21:52	Google drive	AB	MP3	False	Very goog	AM_015				group A	Uploaded								
1632	STT_AM_AB1630	24	https://docs.google.com/document/d/18dBIiG4ppIboOY7HdApres3IjbICxxbhLClcBH-ivRY/edit?usp=sharing	text	https://drive.google.com/file/d/1Fw60TkNP9e90VfLrLrxqxCPjtO0lzD0e/view?usp=sharing	0:25:58	Google drive	AB	MP3	False	Very goog	AM_015				group A	Uploaded								
1633	STT_AM_AB1631	25	https://docs.google.com/document/d/19aTwFVNPhUjIj87xl5GWhovbZsg9xAwGz7XmsuMi47I/edit?usp=sharing	text	https://drive.google.com/file/d/1qGnQwZxaIj0L-66SCguTGkRIK51GUmFv/view?usp=sharing	0:23:09	Google drive	AB	MP3	False	Very goog	AM_015				group A	Uploaded								
1634	STT_AM_AB1632	26	https://docs.google.com/document/d/1mgos2jWaNmSLOIKYd6t_FI6UM9nrQIJCf5cdHJIIECY/edit?usp=sharing	text	https://drive.google.com/file/d/1gfxep_xPGCUY9pBWRtF90rdc2cPgBL62/view?usp=sharing	0:34:56	Google drive	AB	MP3	False	Very goog	AM_015				group A	Uploaded								
1635	STT_AM_AB1633	27	https://docs.google.com/document/d/1qqj5wUs-tMG6grp4YMnd4_CsuNjp5bfuNuRbmJk5z0U/edit?usp=sharing	text	https://drive.google.com/file/d/1TyDwlh8yJ_e-7UDP6VGS2XUq13nBRpL8/view?usp=sharing	0:20:24	Google drive	AB	MP3	False	Very goog	AM_015				group A	Uploaded								
1636	STT_AM_AB1634	28	https://docs.google.com/document/d/1wyowu2D-OCrAFGAk9kYqrWxxPoS1ko6yzsuaqkqxhBc/edit?usp=sharing	text	https://drive.google.com/file/d/1NqKbks-56tL6WDBEaOkheJ-eH6kApCeY/view?usp=sharing	0:20:22	Google drive	AB	MP3	False	Very goog	AM_015				group A	Uploaded								
1637	STT_AM_AB1635	29	https://docs.google.com/document/d/1R_Vwzx5bGtX0C-HYqgY5w4DuqycH1kKayiw5qto290g/edit?usp=sharing	text	https://drive.google.com/file/d/1fXtg2c-8WEnC90_7XF9DSjKHZBalXWZW/view?usp=sharing	0:20:08	Google drive	AB	MP3	False	Very goog	AM_015				group A	Uploaded								
1638	STT_AM_AB1636	30	https://docs.google.com/document/d/1yR2hrqAgw96plxj5-Gt2wH1NJ1stwekd4zzP8YHqxdU/edit?usp=sharing	text	https://drive.google.com/file/d/1ALZE0fl71fKm9mo-5hcnFGRSzLbB5f9z/view?usp=sharing	0:20:22	Google drive	AB	MP3	False	Very goog	AM_015				group A	Uploaded								
1639	STT_AM_AB1637	31	https://docs.google.com/document/d/1zOr-GVtVemdraNWnLzw8FYeQcpmP4hjRRqzIV306sWg/edit?usp=sharing	text	https://drive.google.com/file/d/1NyMMn47nmrGI9H2j89jVQe5sOu8jGyHW/view?usp=sharing	0:26:37	Google drive	AB	MP3	False	Very goog	AM_015				group A	Uploaded								
1640	STT_AM_AB1638		https://docs.google.com/document/d/1hNFN5_hFlDTrdVdp_xs9gM_mtdnde1dAzi1p1ZoAmRw/edit?usp=sharing	text	https://drive.google.com/file/d/1lFc_oB2-jTuO_KcbwtbxQYLUO-B1nUGz/view?usp=sharing	0:17:15	Google drive	AB	MP3	False	Very goog	AM_016				group A	Uploaded								
1641	STT_AM_AB1639	2	https://docs.google.com/document/d/1RC-QJtIW46CCCiSIAfcpGG8RrIVNsRW28_WiNWt9qTI/edit?usp=sharing	text	https://drive.google.com/file/d/1Yhs46eKcSqHaqWZFN5-6eJC0WBbaBVk1/view?usp=sharing	0:28:21	Google drive	AB	MP3	False	Very goog	AM_016				group A	Uploaded								
1642	STT_AM_AB1640	3	https://docs.google.com/document/d/1HbujnN25qgji77mUiDOAMiPaqS9O1m1qPOS9wUzdCv4/edit?usp=sharing	text	https://drive.google.com/file/d/1P8_skCD4pRbwkPKDaPEgbXgkcKVNZAZb/view?usp=sharing	0:30:40	Google drive	AB	MP3	False	Very goog	AM_016				group A	Uploaded								
1643	STT_AM_AB1641	4	https://docs.google.com/document/d/1vJkaCVJzUELZAg1ChLE1vWCCHuvFHKGvl_iHcJUi7W4/edit?usp=sharing	text	https://drive.google.com/file/d/18XGlkMetYgw-t1Wxd41CT3JNf-EFasGO/view?usp=sharing	0:26:09	Google drive	AB	MP3	False	Very goog	AM_016				group A	Uploaded								
1644	STT_AM_AB1642	5	https://docs.google.com/document/d/1n4M4H61aQFpm8J8qAU6NrMa1DkeQLH8mITPQAKKEkc4/edit?usp=sharing	text	https://drive.google.com/file/d/1w-7FRqmWjeFx4D9qRWE8Qqjp6eX9qWmm/view?usp=sharing	0:29:08	Google drive	AB	MP3	False	Very goog	AM_016				group A	Uploaded								
1645	STT_AM_AB1643	6	https://docs.google.com/document/d/1_aoVmi9HDC-EbrkiqFM3f4RlD6vjSJou8Hwz-HEma-A/edit?usp=sharing	text	https://drive.google.com/file/d/1UWQOr-JX55_J4QwtYHm-T3mxw1hCKXu9/view?usp=sharing	1:02:32	Google drive	AB	MP3	False	Very goog	AM_016				group A	Uploaded								
1646	STT_AM_AB1644	7	https://docs.google.com/document/d/1Bl7zyxqOc8Ks1PDCP1UwNIexh3Ld6vbuOSn8aBDG4yo/edit?usp=sharing	text	https://drive.google.com/file/d/1I78mMePKlX_zNxyZN7_sQQCc_nikA65p/view?usp=sharing	0:24:48	Google drive	AB	MP3	False	Very goog	AM_016				group A	Uploaded								
1647	STT_AM_AB1645	8	https://docs.google.com/document/d/1rUsd11_HZaBcwJVtKkKXZBYHFqQ9x1mbrk42d6feznc/edit?usp=sharing	text	https://drive.google.com/file/d/12Iy3iti3eUj3RMXVj9S2WJlc4SgtiFZk/view?usp=sharing	0:27:17	Google drive	AB	MP3	False	Very goog	AM_016				group A	Uploaded								
1648	STT_AM_AB1646	9	https://docs.google.com/document/d/1aJwsnzHr2I8TVICHV9j1jInyijsdTbGXO9ExZc1z-Ro/edit?usp=sharing	text	https://drive.google.com/file/d/1a4GKyAPeiZFBIQKcXiHMtr3Fvgi1HdTb/view?usp=sharing	1:04:15	Google drive	AB	MP3	False	Very goog	AM_016				group A	Uploaded	25/07/2026							
1649	STT_AM_AB1647	10	https://docs.google.com/document/d/1erTBvxni038Vnc6ruLNizCXulD9uWe2qxXeugt7YICU/edit?usp=sharing	text	https://drive.google.com/file/d/1uNY5DEyINI93Vlv-mS-HuGxzejpDhdTv/view?usp=sharing	0:24:20	Google drive	AB	MP3	False	Very goog	AM_016				group A	Uploaded								
1650	STT_AM_AB1648	11	https://docs.google.com/document/d/10kFkKeOgUw0tH1eXGqo90vZirX0UzLAhZoOFN9Ts6j0/edit?usp=sharing	text	https://drive.google.com/file/d/19xQbyzb-BXzHoe3LmwS1lS_VJtiOFna9/view?usp=sharing	0:53:51	Google drive	AB	MP3	False	Very goog	AM_016				group A	Uploaded								
1651	STT_AM_AB1649		https://docs.google.com/document/d/1_uR9zfYzjo4ZVirJjEsn-ZvDcjHeOlfp-09wjcOKfGY/edit?usp=sharing	text	https://drive.google.com/file/d/1CtGGTnwbVZ3mNAZaUQJXiKpozn-dyl7W/view?usp=sharing	0:12:00	Google drive	AB	MP3	False	Very goog	AM_015				group A	Uploaded								
1652	STT_AM_AB1650	2	https://docs.google.com/document/d/1AHHMF9kqsucL7Wi6LpWflNrk1yWQp06-b6NNYM-sXmY/edit?usp=sharing	text	https://drive.google.com/file/d/1YQl2dd9BJjY7NCpxq98ScHSQLlfrgCcD/view?usp=sharing	0:54:25	Google drive	AB	MP3	False	Very goog	AM_015				group A	Uploaded								
1653	STT_AM_AB1651	3	https://docs.google.com/document/d/1lHlTixhFaqQDZWe-oDIQt1Y9mkYuU1czWuLda4Y2Obc/edit?usp=sharing	text	https://drive.google.com/file/d/1MsEIhF5duecCnp3G4tQT2xITJEvAW5Xl/view?usp=sharing	0:39:58	Google drive	AB	MP3	False	Very goog	AM_015				group A	Uploaded								
1654	STT_AM_AB1652		https://docs.google.com/document/d/1kfo6rCELWg0knmll3Q9o0Ieju3kWUcmlNnLis5fyBJg/edit?usp=sharing	text	https://drive.google.com/file/d/1h8tbPg2Jhwa1sPe6KDKbpUaTrbSQyq0c/view?usp=sharing	0:13:30	Google drive	AB	MP3	False	Very goog	AM_017				group A	Uploaded								
1655	STT_AM_AB1653	2	https://docs.google.com/document/d/1leFSQ-COFy8muUJfDhx2u9KfHmAPM3tM_5oskTGuj6M/edit?usp=sharing	text	https://drive.google.com/file/d/1mdmUUbEMvsXUhHD3ccMy80pU_MSsdv_Y/view?usp=sharing	0:17:30	Google drive	AB	MP3	False	Very goog	AM_017				group A	Uploaded								
1656	STT_AM_AB1654	3	https://docs.google.com/document/d/1fkK6XPCiOLhN_UYDDAEhXiXu3EnQfXHk94mHyriqZN8/edit?usp=sharing	text	https://drive.google.com/file/d/1ob09gft2yKwQzVVDsYMjuI6O-FYVBA4S/view?usp=sharing	0:04:57	Google drive	AB	MP3	False	Very goog	AM_017				group A	Uploaded								
1657	STT_AM_AB1655	4	https://docs.google.com/document/d/10oNFCmO0IdM7_IVhWI-Xul2wtn42wuBdGU38796A8L8/edit?usp=sharing	text	https://drive.google.com/file/d/1zPKPQl8lBJA1EMBY4okf3Lz7TiZiD_yz/view?usp=sharing	0:17:43	Google drive	AB	MP3	False	Very goog	AM_017				group A	Uploaded								
1658	STT_AM_AB1656	5	https://docs.google.com/document/d/1ZLtV9JyLwGeHOnEoxLnXbsSp3G2hd8mp9b4gb35mwXs/edit?usp=sharing	text	https://drive.google.com/file/d/1s4ULTVbjF7nAn4SL9eBB7l5uEAi854Qh/view?usp=sharing	0:20:26	Google drive	AB	MP3	False	Very goog	AM_017				group A	Uploaded								
1659	STT_AM_AB1657	6	https://docs.google.com/document/d/1WN5YJQwTeIrR2cz9FavQkh-UVhMqr4JaIgWM3Vcqfj8/edit?usp=sharing	text	https://drive.google.com/file/d/1YFtT5JWw3t-eF52-AX5LQQCrRHxdXgUb/view?usp=sharing	0:17:26	Google drive	AB	MP3	False	Very goog	AM_017				group A	Uploaded								
1660	STT_AM_AB1658	7	https://docs.google.com/document/d/1uR_GOOce6akdcqRUIaH5tNrcceWHAf4DiyFwm3N5ICw/edit?usp=sharing	text	https://drive.google.com/file/d/1cXX9oi3aQk2rgSwckWvlx2p_ivahwU-y/view?usp=sharing	0:17:47	Google drive	AB	MP3	False	Very goog	AM_017				group A	Uploaded								
1661	STT_AM_AB1659	8	https://docs.google.com/document/d/1BaynuoTKgbh6uG_H7lD2vvUJwaAsNBokwdpyzcI5yKs/edit?usp=sharing	text	https://drive.google.com/file/d/1Li8noefU5Uy-D4_qQ-_HsiX444SXA4Q6/view?usp=sharing	0:17:36	Google drive	AB	MP3	False	Very goog	AM_017				group A	Uploaded								
1662	STT_AM_AB1660	9	https://docs.google.com/document/d/1mpdgAvz7ks_-YtIoMhHzbSZLz4cLDi8Q6OvMKbsMrJ0/edit?usp=sharing	text	https://drive.google.com/file/d/1JVdvrgP0OMv_XZBm3j9N8LigVBqzsY3b/view?usp=sharing	0:17:17	Google drive	AB	MP3	False	Very goog	AM_017				group A	Uploaded								
1663	STT_AM_AB1661	10	https://docs.google.com/document/d/11CWnwErubYJtmq-4hzWtFqJ0GYYKvgHd_-r3Jreaak0/edit?usp=sharing	text	https://drive.google.com/file/d/1lbPpoRCJrA3tyIuw4hQR1HCZ9ycs0NBN/view?usp=sharing	0:17:37	Google drive	AB	MP3	False	Very goog	AM_017				group A	Uploaded								
1664	STT_AM_AB1662	11	https://docs.google.com/document/d/1WZJbVqKjRhuhR0HDh0xtMGYOplZ6TY9NmUZriz7_1UA/edit?usp=sharing	text	https://drive.google.com/file/d/1nTdZAjFsBvI2NCC31yoOy9CP65m-PGjU/view?usp=sharing	0:18:31	Google drive	AB	MP3	False	Very goog	AM_017				group A	Uploaded								
1665	STT_AM_AB1663	12	https://docs.google.com/document/d/1VPVTSuGqKzKIQbHYU_gmNAmsVHob5ys7ornpbFYAcmw/edit?usp=sharing	text	https://drive.google.com/file/d/14OWnSKTbRwpfP_o45OQrYhOtFel1iFV3/view?usp=sharing	0:17:31	Google drive	AB	MP3	False	Very goog	AM_017				group A	Uploaded								
1666	STT_AM_AB1664	13	https://docs.google.com/document/d/1ZyIYu0W5G7HW516EeG0tQH8ILCaOKZT7rmTfKs3TfY8/edit?usp=sharing	text	https://drive.google.com/file/d/1kD9ZZVVu1NOwbzQ_7HrE67gfjWFFsOUZ/view?usp=sharing	0:18:24	Google drive	AB	MP3	False	Very goog	AM_017				group A	Uploaded								
1667	STT_AM_AB1665	14	https://docs.google.com/document/d/1EynlmwabSDMKzy2PbR7UoGAQlN7HbnhimQIx1iln-VA/edit?usp=sharing	text	https://drive.google.com/file/d/1gOiBtGVeK25L-nn8eHx3ZlN6u28kT3KK/view?usp=sharing	0:16:06	Google drive	AB	MP3	False	Very goog	AM_017				group A	Uploaded								
1668	STT_AM_AB1666	15	https://docs.google.com/document/d/1OEHZ8jSxN7ViZx7b6zwUvNIy7Ziq0aNnJHhwaqe1a2Q/edit?usp=sharing	text	https://drive.google.com/file/d/1Ga_FXnPwuZRM0EY11g7M_xfbtVt8Blqu/view?usp=sharing	0:17:38	Google drive	AB	MP3	False	Very goog	AM_017				group A	Uploaded								
1669	STT_AM_AB1667	16	https://docs.google.com/document/d/1OAsmNd1vZwagnXIDWyY6RYg-P_AsQKL6TXNYv0k7hX8/edit?usp=sharing	text	https://drive.google.com/file/d/1O5LBmpedUFbg8uhaKXM8QCdmA1uAzri8/view?usp=sharing	0:17:13	Google drive	AB	MP3	False	Very goog	AM_017				group A	Uploaded								
1670	STT_AM_AB1668	17	https://docs.google.com/document/d/13nhpa3DLHK0fMIHSsZxCBFIiOZD-QvAmNKnu8vNfiOA/edit?usp=sharing	text	https://drive.google.com/file/d/1KFB2bX_yr43pk_G-pa8YuYFOeMzKn1hb/view?usp=sharing	0:16:12	Google drive	AB	MP3	False	Very goog	AM_017				group A	Uploaded								
1671	STT_AM_AB1669	18	https://docs.google.com/document/d/1QDPgOZvWBCaY8DzgTwywqcMp7nFotGGilNFNkODlwMk/edit?usp=sharing	text	https://drive.google.com/file/d/1_wjiBS1CetELhz74Q111jt7CqIPuPka1/view?usp=sharing	0:20:06	Google drive	AB	MP3	False	Very goog	AM_017				group A	Uploaded								
1672	STT_AM_AB1670	19	https://docs.google.com/document/d/1KRToFp3QjhFqbVZIG9QBTuTzNRsZ9nYUH6JQfoC2h1I/edit?usp=sharing	text	https://drive.google.com/file/d/1D0_gF_OyH_ixj0FazXXCjnMl-4obNVxu/view?usp=sharing	0:18:17	Google drive	AB	MP3	False	Very goog	AM_017				group A	Uploaded								
1673	STT_AM_AB1671	20	https://docs.google.com/document/d/1CPJdkaQNrQRCkyIY-y6AznfLnJt3tWwalkNGH2zX3aQ/edit?usp=sharing	text	https://drive.google.com/file/d/16MbxRIn-CiRamg_4ruvxHTAhualAlaa6/view?usp=sharing	0:17:38	Google drive	AB	MP3	False	Very goog	AM_017				group A	Uploaded								
1674	STT_AM_AB1672	21	https://docs.google.com/document/d/1cVotDSkICUoR7k1I1wh-HqdVSte8sBYpoa7Sf1hmlW0/edit?usp=sharing	text	https://drive.google.com/file/d/18DrIZ2kk54T5ygLJoDTCtOyaxaOkW9kY/view?usp=sharing	0:19:37	Google drive	AB	MP3	False	Very goog	AM_017				group A	Uploaded								
1675	STT_AM_AB1673	22	https://docs.google.com/document/d/1yozT-3n_-zIumXbSaCiwX7tMdJwkXF1gJJXqHJBJwQw/edit?usp=sharing	text	https://drive.google.com/file/d/1HQ5wUQUWaUhBIYR3VUvQvQfCynC2i9MA/view?usp=sharing	0:18:58	Google drive	AB	MP3	False	Very goog	AM_017				group A	Uploaded								
1676	STT_AM_AB1674	23	https://docs.google.com/document/d/1xpRVdck88jr-f5ThD0Gr3OCJx1yAIMNlDri51_6-IgA/edit?usp=sharing	text	https://drive.google.com/file/d/1LrD0eJg9mMmnwr0mLDyUXT8TPTX7BMGV/view?usp=sharing	0:16:06	Google drive	AB	MP3	False	Very goog	AM_017				group A	Uploaded								
1677	STT_AM_AB1675	24	https://docs.google.com/document/d/1h-7fEOR3bYACRcgZeUlWIQ-3AP7_NOVhYCE6HLYQO1Q/edit?usp=sharing	text	https://drive.google.com/file/d/1mQ5ftilH4mXYXiiSzAZP4PirUJB7-bWK/view?usp=sharing	0:18:07	Google drive	AB	MP3	False	Very goog	AM_017				group A	Uploaded								
1678	STT_AM_AB1676	25	https://docs.google.com/document/d/1Ly-fQWXQqonvD97qk_REzcrd10K7WwLkN96Zv62aaSc/edit?usp=sharing	text	https://drive.google.com/file/d/1oqI0e5_6jxnkInK1YHiDXdAyh2ov-en8/view?usp=sharing	0:16:49	Google drive	AB	MP3	False	Very goog	AM_017				group A	Uploaded								
1679	STT_AM_AB1677	26	https://docs.google.com/document/d/1EeQq43rBUCCXcGIypAkcIY6MSJtuX_2E-Nz4Su_C2_g/edit?usp=sharing	text	https://drive.google.com/file/d/1z9WU196pDvl5om5HyYSy6bSifdnFtM3I/view?usp=sharing	0:17:45	Google drive	AB	MP3	False	Very goog	AM_017				group A	Uploaded								
1680	STT_AM_AB1678	27	https://docs.google.com/document/d/1X__WSL52JMXUtvhrrSVoVeYjIRlyrsVQt6Kz-dUcJcA/edit?usp=sharing	text	https://drive.google.com/file/d/1z9WU196pDvl5om5HyYSy6bSifdnFtM3I/view?usp=sharing	0:18:03	Google drive	AB	MP3	False	Very goog	AM_017				group A	Uploaded								
1681	STT_AM_AB1679	28	https://docs.google.com/document/d/1ikZMYidsu1fb18VuaLdWVpPyDAeywIU8e7H2MRZs10s/edit?usp=sharing	text	https://drive.google.com/file/d/1DEy4UFDqataFHpJvId35IG7we-9KfZ_z/view?usp=sharing	0:17:13	Google drive	AB	MP3	False	Very goog	AM_017				group A	Uploaded								
1682	STT_AM_AB1680	29	https://docs.google.com/document/d/1l_kMM3Dap2iRjM-rT4syM0JrPpD3XKVJISwBtqeJVqw/edit?usp=sharing	text	https://drive.google.com/file/d/1DKb7O0wr41u_yyMDIVofUQc5ZOfWdrSv/view?usp=sharing	0:19:51	Google drive	AB	MP3	False	Very goog	AM_017				group A	Uploaded								
1683	STT_AM_AB1681	30	https://docs.google.com/document/d/1vi4szTeTUyAgKCpDA6Lrnjey7iDLpJDm0DuMTlZ57iE/edit?usp=sharing	text	https://drive.google.com/file/d/1n5HajU7JIgzt4EQPG2OzEc9t4G2s6MBg/view?usp=sharing	0:18:37	Google drive	AB	MP3	False	Very goog	AM_017				group A	Uploaded								
1684	STT_AM_AB1682	31	https://docs.google.com/document/d/1kVGfBuwHIUVWbB8BIqqyU-DXgxDeYVYnQey2P--nYsY/edit?usp=sharing	text	https://drive.google.com/file/d/1gdlEuUQmmYjVMPal--17E07jVJzVPvU8/view?usp=sharing	0:18:43	Google drive	AB	MP3	False	Very goog	AM_017				group A	Uploaded								
1685	STT_AM_AB1683	32	https://docs.google.com/document/d/1SCjTtRbhAXEjRpPkpy32YthPdNhk4ld9GDPSpbjUPuw/edit?usp=sharing	text	https://drive.google.com/file/d/1o2yndIQuZRSHalcGqIdHk1ae_n1MJopc/view?usp=sharing	0:16:02	Google drive	AB	MP3	False	Very goog	AM_017				group A	Uploaded								
1686	STT_AM_AB1684	33	https://docs.google.com/document/d/1TKolMIYU7-plNdyQI46FrM25Vdmdpxft-oT_H1ITGoI/edit?usp=sharing	text	https://drive.google.com/file/d/1R1HkP9U7gF5xHz0LrJr4z18msx7XCj46/view?usp=sharing	0:19:20	Google drive	AB	MP3	False	Very goog	AM_017				group A	Uploaded								
1687	STT_AM_AB1685	34	https://docs.google.com/document/d/1xZf29SWvbbubn17xIwUa84_7uKFziNpZrstC5klCzKs/edit?usp=sharing	text	https://drive.google.com/file/d/1lbPlBSlm7AkM_5BezjdaIkr-DRoViBvp/view?usp=sharing	0:20:58	Google drive	AB	MP3	False	Very goog	AM_017				group A	Uploaded								
1688	STT_AM_AB1686	35	https://docs.google.com/document/d/1OYuMIpB6SU5OeaHb-KzCSrINlriOxGllvsgcQdd-5bQ/edit?usp=sharing	text	https://drive.google.com/file/d/1-kudafaF24hdcIaJY8wvUGRVzdssfCpN/view?usp=sharing	0:15:41	Google drive	AB	MP3	False	Very goog	AM_017				group A									
1689	STT_AM_AB1687		https://docs.google.com/document/d/1s6vtOm9cegi_WSjerLcALEZaAktKoGPaSn8ux1toBi8/edit?usp=sharing	text	https://drive.google.com/file/d/1V03KmbdT4dpLuuitD2_27XwVCM0vr0a8/view?usp=sharing	0:46:10	Google drive	AB	MP3	False	Very goog	AM_018				group A	Uploaded								
1690	STT_AM_AB1688	2	https://docs.google.com/document/d/1uepD37fDsiAZfycsJB3LzXBwpBO8C3tKbTq1wKIvVss/edit?usp=sharing	text	https://drive.google.com/file/d/1FW9M0w5GessjSC3gSfY3lrW5-zKR0sYL/view?usp=sharing	0:19:15	Google drive	AB	MP3	False	Very goog	AM_018				group A	Uploaded								
1691	STT_AM_AB1689		https://docs.google.com/document/d/1z1aTDWFSyPRdLKbaKyFmoCj7qN1JzS3cjmSuxETFyvo/edit?usp=sharing	text	https://drive.google.com/file/d/19FJ8xKgUasg4EIexj533yKFEJjk9rVNI/view?usp=sharing	0:36:02	Google drive	AB	MP3	False	Very goog	AM_016				group A	Uploaded								
1692	STT_AM_AB1690	2	https://docs.google.com/document/d/1lvFc2KqU3eehJp4fsPd7KiG1VeWj-3Ub5QQLK4gHIYk/edit?usp=sharing	text	https://drive.google.com/file/d/1B6Z18y3WDMTPveW33rzyNwQWWSr1DHXv/view?usp=sharing	0:16:24	Google drive	AB	MP3	False	Very goog	AM_016				group A	Uploaded								
1693	STT_AM_AB1691	3	https://docs.google.com/document/d/135yWcb35P-6Sm1bSx9--DtbRaKseXIspyn5xGYp_qp0/edit?usp=sharing	text	https://drive.google.com/file/d/16NR5ktz-38sdk1UjSudhPK8WOcgj8rmM/view?usp=sharing	0:43:04	Google drive	AB	MP3	False	Very goog	AM_016				group A	Uploaded								
1694	STT_AM_AB1692	4	https://docs.google.com/document/d/1S4HQ3ro4sxH4s5ILKQAkMyMHVRv5OommclmQ7GiLA-A/edit?usp=sharing	text	https://drive.google.com/file/d/1TBTLI25BzyuqTiawOMJiOFJJV2rrNfyE/view?usp=sharing	0:27:25	Google drive	AB	MP3	False	Very goog	AM_016				group A	Uploaded								
1695	STT_AM_AB1693	5	https://docs.google.com/document/d/1triwDWhl9-7m3wA7h4y0mG9rTHlGTU37ryTgaDgnpGg/edit?usp=sharing	text	https://drive.google.com/file/d/1GW1lwpkd7pGB5wUsdicpPhGLJgdTQZCg/view?usp=sharing	0:55:25	Google drive	AB	MP3	False	Very goog	AM_016				group A	Uploaded								
1696	STT_AM_AB1694	6	https://docs.google.com/document/d/1_HslkZRGRxjxgOAs3hmN0UWhBCOvruI4Hjs4EUoZ5sk/edit?usp=sharing	text	https://drive.google.com/file/d/1Z602cUPtiGytmpbQBz6a8-yhfcWlmhvz/view?usp=sharing	0:21:34	Google drive	AB	MP3	False	Very goog	AM_016				group A	Uploaded	..							
1697	STT_AM_AB1695	7	https://docs.google.com/document/d/1XSI_BrpFA7GtasOPfFR3A1d4mLLWpYGgTF2eON9q7zI/edit?usp=sharing	text	https://drive.google.com/file/d/1Itfo7eupkZSWXMPRmbqodxI6LulgKmjL/view?usp=sharing	1:06:24	Google drive	AB	MP3	False	Very goog	AM_016				group A	Uploaded								
1698	STT_AM_AB1696	8	https://docs.google.com/document/d/1ZpI8zqtoVvK8K7SxjfdAPPqqO7ZZB7CTedBE6U7dMP8/edit?usp=sharing	text	https://drive.google.com/file/d/1Yn31NBjdzqUnh4Y83M7a4Wd1-NSnrZhu/view?usp=sharing	0:27:05	Google drive	AB	MP3	False	Very goog	AM_016				group A	Uploaded								
1699	STT_AM_AB1697	9	https://docs.google.com/document/d/16oC5-FE-NlDVswiaTdwb_ZuVjOcCc1Qpgy5HpsHlSAA/edit?usp=sharing	text	https://drive.google.com/file/d/1l68gxLr4Itx8PHLV1FnNXT8bzmUfFZrk/view?usp=sharing	0:26:18	Google drive	AB	MP3	False	Very goog	AM_016				group A	Uploaded								
1700	STT_AM_AB1698	10	https://docs.google.com/document/d/1dhcoFOfiSHKDNc-_YKBPZ1ysrS5lbuKQAziUpcKNvF4/edit?usp=sharing	text	https://drive.google.com/file/d/1OSMPMxM9CfK7K9qFBo6yNfFswKYA9njP/view?usp=sharing	1:14:17	Google drive	AB	MP3	False	Very goog	AM_016				group A	Uploaded								
1701	STT_AM_AB1699	11	https://docs.google.com/document/d/1O48Y3hGr5qveTI3Z7kpZRgb8gU5iQXxtPuV1Acjt1wc/edit?usp=sharing	text	https://drive.google.com/file/d/1gjFtHNk1HBLHsyDACcfsIJ5MC2HKIKCV/view?usp=sharing	0:21:15	Google drive	AB	MP3	False	Very goog	AM_016				group A	Uploaded								
1702	STT_AM_AB1700		https://docs.google.com/document/d/19fJ-xlBbpVoY7wzAiyYBRyF3l3nMLZQW9oHggKEt1Mc/edit?usp=sharing	text	https://drive.google.com/file/d/1rhAmUPvIXWtFs3qvaxptE2A-CO_gbhm5/view?usp=sharing	0:15:40	Google drive	AB	MP3	False	Very goog	AM_017				group A									
1703	STT_AM_AB1701	2	https://docs.google.com/document/d/1Bsl0l0gHikf3Ry_jofCtmV5tjkFeZ9zbvvsbQhhoi2s/edit?usp=sharing	text	https://drive.google.com/file/d/1tMABzxrQDorMlvKwssZW4xeggvv38mY2/view?usp=sharing	0:18:52	Google drive	AB	MP3	False	Very goog	AM_017				group A									
1704	STT_AM_AB1702	3	https://docs.google.com/document/d/1mqh8z-7ybV3sU92SAjzSGv6MVFwVDWrvsUo5n3TpUQU/edit?usp=sharing	text	https://drive.google.com/file/d/1ylwKE2RCcl3AD739W9fg3gdbguPChqaS/view?usp=sharing	0:18:13	Google drive	AB	MP3	False	Very goog	AM_017				group A									
1705	STT_AM_AB1703	4	https://docs.google.com/document/d/1ytwhE-eX7CCLtTks2sjql8D7WL92d0jdr_orp6K3Po0/edit?usp=sharing	text	https://drive.google.com/file/d/1CPndcD3uZyp6-gqlHFZcoIni65Cy-_N5/view?usp=sharing	0:17:53	Google drive	AB	MP3	False	Very goog	AM_017				group A									
1706	STT_AM_AB1704	5	https://docs.google.com/document/d/10WqX6VVCCVll5FfPPcdglzLb764TAdYJ1JKMS8XCkPQ/edit?usp=sharing	text	https://drive.google.com/file/d/1rYZjifwjpNhaHE3kRaD9AvD6BsUzLvxS/view?usp=sharing	0:17:30	Google drive	AB	MP3	False	Very goog	AM_017				group A									
1707	STT_AM_AB1705	6	https://docs.google.com/document/d/1tWUTrs9O_kAmpqFBB5nsas3pEh_prAb7_nTVBadAic0/edit?usp=sharing	text	https://drive.google.com/file/d/1AOllzd2rylzMUk-8shAC375icXH5b0Ws/view?usp=sharing	0:18:10	Google drive	AB	MP3	False	Very goog	AM_017				group A									
1708	STT_AM_AB1706	7	https://docs.google.com/document/d/18JV7_OIK8FB_fD0Z9SZTUKQuVDNWNj29i2mos73iM24/edit?usp=sharing	text	https://drive.google.com/file/d/1POCfN5Bzw9KIm4IscmSTqt-Kq1umgu5A/view?usp=sharing	0:17:30	Google drive	AB	MP3	False	Very goog	AM_017				group A									
1709	STT_AM_AB1707	8	https://docs.google.com/document/d/1XZOx_99TDdV_VhSJEuJV5wA4c94s9Cz_lW1M4Dt9lf0/edit?usp=sharing	text	https://drive.google.com/file/d/1jxWS7R_35Vzr_ppcIq2MpKD0vQFFf5yU/view?usp=sharing	0:18:01	Google drive	AB	MP3	False	Very goog	AM_017				group A									
1710	STT_AM_AB1708	9	https://docs.google.com/document/d/1_Fp9v_rK4VHHYSi7BZDpPLGJSBu-D-UF3jHulPaJgG8/edit?usp=sharing	text	https://drive.google.com/file/d/14zu7BSfnG0jv9M7LvjcX-Wq44P0u-vvj/view?usp=sharing	0:17:01	Google drive	AB	MP3	False	Very goog	AM_017				group A									
1711	STT_AM_AB1709	10	https://docs.google.com/document/d/1cRRRgvgnKbOh0OxP-_kcgg5vYboV7nRS8bJUGHtw99c/edit?usp=sharing	text	https://drive.google.com/file/d/104LXVt64VloE6gHUp_V5q5MyMGYiTDxT/view?usp=sharing	0:17:30	Google drive	AB	MP3	False	Very goog	AM_017				group A									
1712	STT_AM_AB1710	11	https://docs.google.com/document/d/1oFavYznx46WBtUOmQDKAZEw88WaaoNZqKNWsNxaHKNg/edit?usp=sharing	text	https://drive.google.com/file/d/1wy7iPKTi_NrBERMOrxdc5rsoanAJjpxv/view?usp=sharing	0:18:59	Google drive	AB	MP3	False	Very goog	AM_017				group A									
1713	STT_AM_AB1711	12	https://docs.google.com/document/d/12g4PHncmmtWdQl7Et9fIotuadirAWM7sFmSNg6dFBYg/edit?usp=sharing	text	https://drive.google.com/file/d/1acXHD4U1vLI6oKZ-UwPKMHcT-dUR5WDN/view?usp=sharing	0:17:28	Google drive	AB	MP3	False	Very goog	AM_017				group A									
1714	STT_AM_AB1712	13	https://docs.google.com/document/d/1Tlv3xBfGb-u-rUMSgbbuVLmRn7DkbEX-SULwWGxEVlQ/edit?usp=sharing	text	https://drive.google.com/file/d/11W8qdyxoxXuIEugNAwk5DOhj6-cPNH32/view?usp=sharing	0:09:38	Google drive	AB	MP3	False	Very goog	AM_017				group A									
1715	STT_AM_AB1713	14	https://docs.google.com/document/d/1COvcX-if2rFTy5TIFML8G3YFjmf24faDkIkHuDVo8Us/edit?usp=sharing	text	https://drive.google.com/file/d/1Y9AXNWFPxtmEZbwfw-DBKc_xAk0VbCZJ/view?usp=sharing	0:17:33	Google drive	AB	MP3	False	Very goog	AM_017				group A									
1716	STT_AM_AB1714	15	https://docs.google.com/document/d/1jFcwdSoUMInH44tV9HIoi7cbhwBFZIzZQ3B2imfuYsM/edit?usp=sharing	text	https://drive.google.com/file/d/1s-qiwFeB1K6qjgODVv4ngLX985m-qFCg/view?usp=sharing	0:17:22	Google drive	AB	MP3	False	Very goog	AM_017				group A									
1717	STT_AM_AB1715	16	https://docs.google.com/document/d/1n4B-tLXygNrX7dx5R8r6seQUF1oFLN86nz_aAv4RlpM/edit?usp=sharing	text	https://drive.google.com/file/d/1zIcf8wAkAoP5PyE3hhm40RMLc9nc8qrt/view?usp=sharing	0:12:39	Google drive	AB	MP3	False	Very goog	AM_017				group A									
1718	STT_AM_AB1716		https://docs.google.com/document/d/1Ez7qWiCNSJ-wD1sx2vQUvXwkHKtGAOH1uX_WxPS3eZs/edit?usp=sharing	text	https://drive.google.com/file/d/1I4E171_QzbDo4WS7hr6j9hHVr_Ae34Cb/view?usp=sharing	0:19:01	Google drive	AB	MP3	False	Very goog	AM_017				group A									
1719	STT_AM_AB1717	2	https://docs.google.com/document/d/1g2YACkqtfonufXxdvG56HzPxUT2FxDrZ40e6qaA1ffM/edit?usp=sharing	text	https://drive.google.com/file/d/15UKlwFLZtjmnoWH20_e8dPnjbcEqIKfK/view?usp=sharing	0:20:49	Google drive	AB	MP3	False	Very goog	AM_017				group A									
1720	STT_AM_AB1718	3	https://docs.google.com/document/d/1WLQQWkXBFk-aG205yq92wdUuhYD1OFrm-CpEDWyzcpc/edit?usp=sharing	text	https://drive.google.com/file/d/1q7ooC0uOy1WDlWuUxhZ0BmZP5TVPg6AN/view?usp=sharing	0:19:18	Google drive	AB	MP3	False	Very goog	AM_017				group A									
1721	STT_AM_AB1719	4	https://docs.google.com/document/d/1upj5jvwVyYy80ko1j-4wsmpH93-XzZR5aRrBOnVhQ4A/edit?usp=sharing	text	https://drive.google.com/file/d/1F75RtO6XhovXX04Y37_lGpNU9cvH92nC/view?usp=sharing	0:17:55	Google drive	AB	MP3	False	Very goog	AM_017				group A									
1722	STT_AM_AB1720	5	https://docs.google.com/document/d/174IVZBfRoTxLBrrsOdfMsK4sXu5vpD7tRc0k9a3hT0Q/edit?usp=sharing	text	https://drive.google.com/file/d/1pn9PlqGzQ3i4_JHIPl4wiLqH1PDdIPd2/view?usp=sharing	0:19:00	Google drive	AB	MP3	False	Very goog	AM_017				group A									
1723	STT_AM_AB1721	6	https://docs.google.com/document/d/1engm7ItEDrliPH-NmqMIjPVE7TbktnNa5k0tW2K7GGs/edit?usp=sharing	text	https://drive.google.com/file/d/1g79hnW60r8yG93czdNQrVdo077y0Lxmw/view?usp=sharing	0:18:54	Google drive	AB	MP3	False	Very goog	AM_017				group A									
1724	STT_AM_AB1722	7	https://docs.google.com/document/d/1sruoHYCwmdvBNdXeYLlWIzbEQWYa2KrQjccIyOu87BM/edit?usp=sharing	text	https://drive.google.com/file/d/10QiEcKwXjSIgvA26KgvjDjYa1g3TPfQy/view?usp=sharing	0:19:12	Google drive	AB	MP3	False	Very goog	AM_017				group A									
1725	STT_AM_AB1723	8	https://docs.google.com/document/d/1Gn9z0vbiudBLnDuAvobUYTEeXPxOn1qRsMtuAdQS4sI/edit?usp=sharing	text	https://drive.google.com/file/d/1DBRPzMtiLim05D1WQEK-1iJ3Qqbw-6sS/view?usp=sharing	0:18:15	Google drive	AB	MP3	False	Very goog	AM_017				group A									
1726	STT_AM_AB1724	9	https://docs.google.com/document/d/1BV8kDkt_6YCUTtGtx1PYzv074ijP9JnoYZiFz75QxFw/edit?usp=sharing	text	https://drive.google.com/file/d/15AN4c5GbZ7I0UgaWErDvqwRZFkjeMzKW/view?usp=sharing	0:19:28	Google drive	AB	MP3	False	Very goog	AM_017				group A									
1727	STT_AM_AB1725	10	https://docs.google.com/document/d/16spuKsl0SiJ4Weav6-di61j2_RGVqRi6nOTIfPavcKc/edit?usp=sharing	text	https://drive.google.com/file/d/1T7iabZ_cgI3zb3zZKdI3oAsIeOKA5Q2R/view?usp=sharing	0:17:14	Google drive	AB	MP3	False	Very goog	AM_017				group A									
1728	STT_AM_AB1726	11	https://docs.google.com/document/d/1SBZCw2iofYpApeklDxGmecTzvTkWXpxo-T7xOozulhA/edit?usp=sharing	text	https://drive.google.com/file/d/1fUOZUhBJfJg5YwWD2iqIFk6efApLsv6Y/view?usp=sharing	0:19:06	Google drive	AB	MP3	False	Very goog	AM_017				group A									
1729	STT_AM_AB1727	12	https://docs.google.com/document/d/1hfEJywXFnKkGKH8nz4tH9kmJMmOzhWm5IegVmQGLZZY/edit?usp=sharing	text	https://drive.google.com/file/d/1HNv6y_TMWEpAx7Uabgn4cJXGmae59dRb/view?usp=sharing	0:18:46	Google drive	AB	MP3	False	Very goog	AM_017				group A									
1730	STT_AM_AB1728	13	https://docs.google.com/document/d/1tJn0N7NGIwoCoIl4R3y-vfMwjuNqk0aqLjza_qivfps/edit?usp=sharing	text	https://drive.google.com/file/d/1t5ZO9Y_bzOr0kjuwmKfswUf3kX9xsFQe/view?usp=sharing	0:18:14	Google drive	AB	MP3	False	Very goog	AM_017				group A									
1731	STT_AM_AB1729	14	https://docs.google.com/document/d/1Pkvp-wShDbzA_vTiFeakVgOWKAGY84LGCE7-IFxpYhs/edit?usp=sharing	text	https://drive.google.com/file/d/1AU1sd1Rsyv66VPkqG3TQrFGohONTLpGO/view?usp=sharing	0:19:13	Google drive	AB	MP3	False	Very goog	AM_017				group A	Uploaded								
1732	STT_AM_AB1730	15	https://docs.google.com/document/d/1D7lXtRikGMcrWaDdqNDdLwd48VmNnS_19lsfXVD-MfI/edit?usp=sharing	text	https://drive.google.com/file/d/1fa9rgTo91_vHK0L4jY0vpoDDNFEAb-LZ/view?usp=sharing	0:20:32	Google drive	AB	MP3	False	Very goog	AM_017				group A	Uploaded								
1733	STT_AM_AB1731	16	https://docs.google.com/document/d/13zZAoTfgVIuE2uq9vkp5b9m4aTMwEobcIb9fSSsgiIg/edit?usp=sharing	text	https://drive.google.com/file/d/1djSF17pj-9MoX3z7vDW4iBBBpJph9Gqi/view?usp=sharing	0:19:01	Google drive	AB	MP3	False	Very goog	AM_017				group A	Uploaded								
1734	STT_AM_AB1732	17	https://docs.google.com/document/d/1fnwrsF9BMUntNehqlmk0yy5J4vOadVJtuqvZcDrrwkA/edit?usp=sharing	text	https://drive.google.com/file/d/1AUakHRx1Lrlwxc5DVf_9b2HYHOaCCmnP/view?usp=sharing	0:16:40	Google drive	AB	MP3	False	Very goog	AM_017				group A	Uploaded								
1735	STT_AM_AB1733	18	https://docs.google.com/document/d/1FYF9Vdy64dLd3gnJZHrGl4dUn2Jy5o0StyPsu30YMj0/edit?usp=sharing	text	https://drive.google.com/file/d/1QXkSLkVe1wvDIazVl6DNtj9uVKRh5M0l/view?usp=sharing	0:18:01	Google drive	AB	MP3	False	Very goog	AM_017				group A	Uploaded								
1736	STT_AM_AB1734	19	https://docs.google.com/document/d/1ythRBoLITFe576aELLteJO6ik245aQo59KfcDLCJUQ4/edit?usp=sharing	text	https://drive.google.com/file/d/1V6zZbgOzRdEK5RP9Vj7CV2_B0KuFEO4V/view?usp=sharing	0:19:05	Google drive	AB	MP3	False	Very goog	AM_017				group A	Uploaded								
1737	STT_AM_AB1735	20	https://docs.google.com/document/d/10IYeTNU8KV5JW9sOruNuRLSTh-PEgwCu3Cy0fQDH2SA/edit?usp=sharing	text	https://drive.google.com/file/d/1eKqAMdhmmEbhMopqCtKlYf7-P_ingbkQ/view?usp=sharing	0:17:12	Google drive	AB	MP3	False	Very goog	AM_017				group A	Uploaded								
1738	STT_AM_AB1736	21	https://docs.google.com/document/d/1TNnlYxNLzPUwZDxQn_w9NNQQImkU_xwFfd5_EnNKwNQ/edit?usp=sharing	text	https://drive.google.com/file/d/1rdSqMhEdj1olPnBM5JR4TVVbvuS0hnTU/view?usp=sharing	0:22:41	Google drive	AB	MP3	False	Very goog	AM_017				group A	Uploaded								
1739	STT_AM_AB1737	22	https://docs.google.com/document/d/1UWwP3JBzxpMU9ZBy_QihCqLd-OF8Va1LEz3S-UZzHEk/edit?usp=sharing	text	https://drive.google.com/file/d/1-W4ZBrW9tIetmQiE1BZ4ILyKCaaVBKRG/view?usp=sharing	0:20:29	Google drive	AB	MP3	False	Very goog	AM_017				group A	Uploaded								
1740	STT_AM_AB1738	23	https://docs.google.com/document/d/1BDgtTToikBZp8Hu2-MLrwPoWceapXf8rFe34yxoNuxA/edit?usp=sharing	text	https://drive.google.com/file/d/1V5ruSswovPbTewX5lRqShkLN6xmJnkbo/view?usp=sharing	0:19:41	Google drive	AB	MP3	False	Very goog	AM_017				group A	Uploaded								
1741	STT_AM_AB1739	24	https://docs.google.com/document/d/1p7ZftPP-9DW4ZDQC3Hwor6l-DvIu2hXYUWbQDU8x23c/edit?usp=sharing	text	https://drive.google.com/file/d/16tbYxaYf1sTZIpe3gAok3tF6Dz83fGW-/view?usp=sharing	0:18:48	Google drive	AB	MP3	False	Very goog	AM_017				group A	Uploaded								
1742	STT_AM_AB1740	25	https://docs.google.com/document/d/1h72VtoZy9y9eWWAaLzOPgBGRsvfkaNQsVVEeGOVlM_o/edit?usp=sharing	text	https://drive.google.com/file/d/1_KwcA-PfYIXcRxS2Uvwc0yKpOxBD-3Qp/view?usp=sharing	0:17:36	Google drive	AB	MP3	False	Very goog	AM_017				group A	Uploaded								
1743	STT_AM_AB1741	26	https://docs.google.com/document/d/141yX3A18QZfTRcNoa-aRBT8PgCbJkbcwroa-IZiHGT0/edit?usp=sharing	text	https://drive.google.com/file/d/1sTo2_1jc9mm5ALjuHlsxK1nbzS58_gYe/view?usp=sharing	0:17:17	Google drive	AB	MP3	False	Very goog	AM_017				group A	Uploaded								
1744	STT_AM_AB1742									False															
1745	STT_AM_AB1743									False															
1746	STT_AM_AB1744									False															
1747	STT_AM_AB1745									False															
1748	STT_AM_AB1746									False															
1749	STT_AM_AB1747									False															
1750	STT_AM_AB1748									False															
1751	STT_AM_AB1749									False															
1752	STT_AM_AB1750									False															
1753	STT_AM_AB1751									False															
1754	STT_AM_AB1752									False															
1755	STT_AM_AB1753									False															
1756	STT_AM_AB1754									False															
1757	STT_AM_AB1755									False															
1758	STT_AM_AB1756									False															
1759	STT_AM_AB1757									False															
1760	STT_AM_AB1758									False															
1761	STT_AM_AB1759									False															
1762	STT_AM_AB1760									False															
1763	STT_AM_AB1761									False															
1764	STT_AM_AB1762									False															
1765	STT_AM_AB1763									False															
1766	STT_AM_AB1764									False															
1767	STT_AM_AB1765									False															
1768	STT_AM_AB1766									False															
1769	STT_AM_AB1767									False															
1770	STT_AM_AB1768									False															
1771	STT_AM_AB1769									False															
1772	STT_AM_AB1770									False															
1773	STT_AM_AB1771									False															
1774	STT_AM_AB1772									False															
1775	STT_AM_AB1773									False															
1776	STT_AM_AB1774									False															
1777	STT_AM_AB1775									False															
1778	STT_AM_AB1776									False															
1779	STT_AM_AB1777									False															
1780	STT_AM_AB1778									False															
1781	STT_AM_AB1779									False															
1782	STT_AM_AB1780									False															
1783	STT_AM_AB1781									False															
1784	STT_AM_AB1782									False															
1785	STT_AM_AB1783									False															
1786	STT_AM_AB1784									False															
1787	STT_AM_AB1785									False															
1788	STT_AM_AB1786									False															
1789	STT_AM_AB1787									False															
1790	STT_AM_AB1788									False															
1791	STT_AM_AB1789									False															
1792	STT_AM_AB1790									False															
1793	STT_AM_AB1791									False															
1794	STT_AM_AB1792									False															
1795	STT_AM_AB1793									False															
1796	STT_AM_AB1794									False															
1797	STT_AM_AB1795									False															
1798	STT_AM_AB1796									False															
1799	STT_AM_AB1797									False															
1800	STT_AM_AB1798									False															
1801	STT_AM_AB1799									False															
1802	STT_AM_AB1800									False															
1803	STT_AM_AB1801									False															
1804	STT_AM_AB1802									False															
1805	STT_AM_AB1803									False															
1806	STT_AM_AB1804									False															
1807	STT_AM_AB1805									False															
1808	STT_AM_AB1806									False															
1809	STT_AM_AB1807									False															
1810	STT_AM_AB1808									False															
1811	STT_AM_AB1809									False															
1812	STT_AM_AB1810									False															
1813	STT_AM_AB1811									False															
1814	STT_AM_AB1812									False															
1815	STT_AM_AB1813									False															
1816	STT_AM_AB1814									False															
1817	STT_AM_AB1815									False															
1818	STT_AM_AB1816									False															
1819	STT_AM_AB1817									False															
1820	STT_AM_AB1818									False															
1821	STT_AM_AB1819									False															
1822	STT_AM_AB1820									False															
1823	STT_AM_AB1821									False															
1824	STT_AM_AB1822									False															
1825	STT_AM_AB1823									False															
1826	STT_AM_AB1824									False															
1827	STT_AM_AB1825									False															
1828	STT_AM_AB1826									False															
1829	STT_AM_AB1827									False															
1830	STT_AM_AB1828									False															
1831	STT_AM_AB1829									False															
1832	STT_AM_AB1830									False															
1833	STT_AM_AB1831									False															
1834	STT_AM_AB1832									False															
1835	STT_AM_AB1833									False															
1836	STT_AM_AB1834									False															
1837	STT_AM_AB1835									False															
1838	STT_AM_AB1836									False															
1839	STT_AM_AB1837									False															
1840	STT_AM_AB1838									False															
1841	STT_AM_AB1839									False															
1842	STT_AM_AB1840									False															
1843	STT_AM_AB1841									False															
1844	STT_AM_AB1842									False															
1845	STT_AM_AB1843									False															
1846	STT_AM_AB1844									False															
1847	STT_AM_AB1845									False															
1848	STT_AM_AB1846									False															
1849	STT_AM_AB1847									False															
1850	STT_AM_AB1848									False															
1851	STT_AM_AB1849									False															
1852	STT_AM_AB1850									False															
1853	STT_AM_AB1851									False															
1854	STT_AM_AB1852									False															
1855	STT_AM_AB1853									False															
1856	STT_AM_AB1854									False															
1857	STT_AM_AB1855									False															
1858	STT_AM_AB1856									False															
1859	STT_AM_AB1857									False															
1860	STT_AM_AB1858									False															
1861	STT_AM_AB1859									False															
1862	STT_AM_AB1860									False															
1863	STT_AM_AB1861									False															
1864	STT_AM_AB1862									False															
1865	STT_AM_AB1863									False															
1866	STT_AM_AB1864									False															
1867	STT_AM_AB1865									False															
1868	STT_AM_AB1866									False															
1869	STT_AM_AB1867									False															
1870	STT_AM_AB1868									False															
1871	STT_AM_AB1869									False															
1872	STT_AM_AB1870									False															
1873	STT_AM_AB1871									False															
1874	STT_AM_AB1872									False															
1875	STT_AM_AB1873									False															
1876	STT_AM_AB1874									False															
1877	STT_AM_AB1875									False															
1878	STT_AM_AB1876									False															
1879	STT_AM_AB1877									False															
1880	STT_AM_AB1878									False															
1881	STT_AM_AB1879									False															
1882	STT_AM_AB1880									False															
1883	STT_AM_AB1881									False															
1884	STT_AM_AB1882									False															
1885	STT_AM_AB1883									False															
1886	STT_AM_AB1884									False															
1887	STT_AM_AB1885									False															
1888	STT_AM_AB1886									False															
1889	STT_AM_AB1887									False															
1890	STT_AM_AB1888									False															
1891	STT_AM_AB1889									False															
1892	STT_AM_AB1890									False															
1893	STT_AM_AB1891									False															
1894	STT_AM_AB1892									False															
1895	STT_AM_AB1893									False															
1896	STT_AM_AB1894									False															
1897	STT_AM_AB1895									False															
1898	STT_AM_AB1896									False															
1899	STT_AM_AB1897									False															
1900	STT_AM_AB1898									False															
1901	STT_AM_AB1899									False															
1902	STT_AM_AB1900									False															
1903	STT_AM_AB1901									False															
1904	STT_AM_AB1902									False															
1905	STT_AM_AB1903									False															
1906	STT_AM_AB1904									False															
1907	STT_AM_AB1905									False															
1908	STT_AM_AB1906									False															
1909	STT_AM_AB1907									False															
1910	STT_AM_AB1908									False															
1911	STT_AM_AB1909									False															
1912	STT_AM_AB1910									False															
1913	STT_AM_AB1911									False															
1914	STT_AM_AB1912									False															
1915	STT_AM_AB1913									False															
1916	STT_AM_AB1914									False															
1917	STT_AM_AB1915									False															
1918	STT_AM_AB1916									False															
1919	STT_AM_AB1917									False															
1920	STT_AM_AB1918									False															
1921	STT_AM_AB1919									False															
1922	STT_AM_AB1920									False															
1923	STT_AM_AB1921									False															
1924	STT_AM_AB1922									False															
1925	STT_AM_AB1923									False															
1926	STT_AM_AB1924									False															
1927	STT_AM_AB1925									False															
1928	STT_AM_AB1926									False															
1929	STT_AM_AB1927									False															
1930	STT_AM_AB1928									False															
1931	STT_AM_AB1929									False															
1932	STT_AM_AB1930									False															
1933	STT_AM_AB1931									False															
1934	STT_AM_AB1932									False															
1935	STT_AM_AB1933									False															
1936	STT_AM_AB1934									False															
1937	STT_AM_AB1935									False															
1938	STT_AM_AB1936									False															
1939	STT_AM_AB1937									False															
1940	STT_AM_AB1938									False															
1941	STT_AM_AB1939									False															
1942	STT_AM_AB1940									False															
1943	STT_AM_AB1941									False															
1944	STT_AM_AB1942									False															
1945	STT_AM_AB1943									False															
1946	STT_AM_AB1944									False															
1947	STT_AM_AB1945									False															
1948	STT_AM_AB1946									False															
1949	STT_AM_AB1947									False															
1950	STT_AM_AB1948									False															
1951	STT_AM_AB1949									False															
1952	STT_AM_AB1950									False															
1953	STT_AM_AB1951									False															
1954	STT_AM_AB1952									False															
1955	STT_AM_AB1953									False															
1956	STT_AM_AB1954									False															
1957	STT_AM_AB1955									False															
1958	STT_AM_AB1956									False															
1959	STT_AM_AB1957									False															
1960	STT_AM_AB1958									False															
1961	STT_AM_AB1959									False															
1962	STT_AM_AB1960									False															
1963	STT_AM_AB1961									False															
1964	STT_AM_AB1962									False															
1965	STT_AM_AB1963									False															
1966	STT_AM_AB1964									False															
1967	STT_AM_AB1965									False															
1968	STT_AM_AB1966									False															
1969	STT_AM_AB1967									False															
1970	STT_AM_AB1968									False															
1971	STT_AM_AB1969									False															
1972	STT_AM_AB1970									False															
1973	STT_AM_AB1971									False															
1974	STT_AM_AB1972									False															
1975	STT_AM_AB1973									False															
1976	STT_AM_AB1974									False															
1977	STT_AM_AB1975									False															
1978	STT_AM_AB1976									False															
1979	STT_AM_AB1977									False															
1980	STT_AM_AB1978									False															
1981	STT_AM_AB1979									False															
1982	STT_AM_AB1980									False															
1983	STT_AM_AB1981									False															
1984	STT_AM_AB1982									False															
1985	STT_AM_AB1983									False															
1986	STT_AM_AB1984									False															
1987	STT_AM_AB1985									False															
1988	STT_AM_AB1986									False															
1989	STT_AM_AB1987									False															
1990	STT_AM_AB1988									False															
1991	STT_AM_AB1989									False															
1992	STT_AM_AB1990									False															
1993	STT_AM_AB1991									False															
1994	STT_AM_AB1992									False															
1995	STT_AM_AB1993									False															
1996	STT_AM_AB1994									False															
1997	STT_AM_AB1995									False															
1998	STT_AM_AB1996									False															
1999	STT_AM_AB1997									False															
2000	STT_AM_AB1998									False															
2001	STT_AM_AB1999									False															
2002	STT_AM_AB2000									False															
2003	STT_AM_AB2001									False															
2004	STT_AM_AB2002									False															
2005	STT_AM_AB2003									False															
2006	STT_AM_AB2004									False															
2007	STT_AM_AB2005									False															
2008	STT_AM_AB2006									False															
2009	STT_AM_AB2007									False															
2010	STT_AM_AB2008									False															
2011	STT_AM_AB2009									False															
2012	STT_AM_AB2010									False															
2013	STT_AM_AB2011									False															
2014	STT_AM_AB2012									False															
2015	STT_AM_AB2013									False															
2016	STT_AM_AB2014									False															
2017	STT_AM_AB2015									False															
2018	STT_AM_AB2016									False															
